"Sottosistema","Percorso"
"CanaliAria","C:\DOCUMENTI\bmsistemi\drivep\prjs\cpi win clima\versione_10\CARICHI\varcarichi.pas"
"CanaliAria","C:\documenti\bmsistemi\FASTMM_490\FastMM4.pas"
"CanaliAria","C:\documenti\bmsistemi\FASTMM_490\FastMM4Messages.pas"
"CanaliAria","C:\DOCUMENTI\sd\sorgenti\bm-sd\3dCAD\Uoggetti.pas"
"CanaliAria","C:\DOCUMENTI\sd\sorgenti\bm-sd\3dsd\variabili3d.pas"
"CanaliAria","C:\DOCUMENTI\sd\sorgenti\bm-sd\CANALI\27.PAS"
"CanaliAria","C:\DOCUMENTI\sd\sorgenti\bm-sd\CANALI\ANGOLI.PAS"
"CanaliAria","C:\DOCUMENTI\sd\sorgenti\bm-sd\CANALI\Archivi\CopiaTabelle.pas"
"CanaliAria","C:\DOCUMENTI\sd\sorgenti\bm-sd\CANALI\Archivi\Tabelle_ASH.pas"
"CanaliAria","C:\DOCUMENTI\sd\sorgenti\bm-sd\CANALI\ARCPEZZI.PAS"
"CanaliAria","C:\DOCUMENTI\sd\sorgenti\bm-sd\CANALI\ARCPROG.PAS"
"CanaliAria","C:\DOCUMENTI\sd\sorgenti\bm-sd\CANALI\BILANCIA.PAS"
"CanaliAria","C:\DOCUMENTI\sd\sorgenti\bm-sd\CANALI\BULDEF.PAS"
"CanaliAria","C:\DOCUMENTI\sd\sorgenti\bm-sd\CANALI\C_WM.PAS"
"CanaliAria","C:\DOCUMENTI\sd\sorgenti\bm-sd\CANALI\C_WM1.PAS"
"CanaliAria","C:\DOCUMENTI\sd\sorgenti\bm-sd\CANALI\CalcoloCan.dpr"
"CanaliAria","C:\DOCUMENTI\sd\sorgenti\bm-sd\CANALI\CalcoloCanali.pas"
"CanaliAria","C:\DOCUMENTI\sd\sorgenti\bm-sd\CANALI\CAMBIA.PAS"
"CanaliAria","C:\DOCUMENTI\sd\sorgenti\bm-sd\CANALI\CAN_EDIT.PAS"
"CanaliAria","C:\DOCUMENTI\sd\sorgenti\bm-sd\CANALI\CANALI.PAS"
"CanaliAria","C:\DOCUMENTI\sd\sorgenti\bm-sd\CANALI\CANCELLA.PAS"
"CanaliAria","C:\DOCUMENTI\sd\sorgenti\bm-sd\CANALI\CANFST.PAS"
"CanaliAria","C:\DOCUMENTI\sd\sorgenti\bm-sd\CANALI\CCACOST.PAS"
"CanaliAria","C:\DOCUMENTI\sd\sorgenti\bm-sd\CANALI\CHIAVE.PAS"
"CanaliAria","C:\DOCUMENTI\sd\sorgenti\bm-sd\CANALI\COLORI.PAS"
"CanaliAria","C:\DOCUMENTI\sd\sorgenti\bm-sd\CANALI\COMMET.PAS"
"CanaliAria","C:\DOCUMENTI\sd\sorgenti\bm-sd\CANALI\Compiladcucanali.dpr"
"CanaliAria","C:\DOCUMENTI\sd\sorgenti\bm-sd\CANALI\CONTROLL.PAS"
"CanaliAria","C:\DOCUMENTI\sd\sorgenti\bm-sd\CANALI\CONVPERD.PAS"
"CanaliAria","C:\DOCUMENTI\sd\sorgenti\bm-sd\CANALI\CopiaTabelle.pas"
"CanaliAria","C:\DOCUMENTI\sd\sorgenti\bm-sd\CANALI\copiaVariabiliGenerali.pas"
"CanaliAria","C:\DOCUMENTI\sd\sorgenti\bm-sd\CANALI\CRDUMMY.PAS"
"CanaliAria","C:\DOCUMENTI\sd\sorgenti\bm-sd\CANALI\CREA3D.PAS"
"CanaliAria","C:\DOCUMENTI\sd\sorgenti\bm-sd\CANALI\CREASCHE.PAS"
"CanaliAria","C:\DOCUMENTI\sd\sorgenti\bm-sd\CANALI\CRT.pas"
"CanaliAria","C:\DOCUMENTI\sd\sorgenti\bm-sd\CANALI\D_GEST.PAS"
"CanaliAria","C:\DOCUMENTI\sd\sorgenti\bm-sd\CANALI\DATICAD.PAS"
"CanaliAria","C:\DOCUMENTI\sd\sorgenti\bm-sd\CANALI\DATICADCAN.pas"
"CanaliAria","C:\DOCUMENTI\sd\sorgenti\bm-sd\CANALI\DATIDUCT.PAS"
"CanaliAria","C:\DOCUMENTI\sd\sorgenti\bm-sd\CANALI\DATIGEN.PAS"
"CanaliAria","C:\DOCUMENTI\sd\sorgenti\bm-sd\CANALI\def_archpezzi.pas"
"CanaliAria","C:\DOCUMENTI\sd\sorgenti\bm-sd\CANALI\defarchpezzi.pas"
"CanaliAria","C:\DOCUMENTI\sd\sorgenti\bm-sd\CANALI\DEFCOM.PAS"
"CanaliAria","C:\DOCUMENTI\sd\sorgenti\bm-sd\CANALI\DEFDATI.PAS"
"CanaliAria","C:\DOCUMENTI\sd\sorgenti\bm-sd\CANALI\DEFGD.PAS"
"CanaliAria","C:\DOCUMENTI\sd\sorgenti\bm-sd\CANALI\defin_c.pas"
"CanaliAria","C:\DOCUMENTI\sd\sorgenti\bm-sd\CANALI\definizcan.pas"
"CanaliAria","C:\DOCUMENTI\sd\sorgenti\bm-sd\CANALI\DEFUTI.pas"
"CanaliAria","C:\DOCUMENTI\sd\sorgenti\bm-sd\CANALI\Del_STAMPE.PAS"
"CanaliAria","C:\DOCUMENTI\sd\sorgenti\bm-sd\CANALI\del_STVAR.PAS"
"CanaliAria","C:\DOCUMENTI\sd\sorgenti\bm-sd\CANALI\DEMO.PAS"
"CanaliAria","C:\DOCUMENTI\sd\sorgenti\bm-sd\CANALI\DEMOCRT.PAS"
"CanaliAria","C:\DOCUMENTI\sd\sorgenti\bm-sd\CANALI\dimens.pas"
"CanaliAria","C:\DOCUMENTI\sd\sorgenti\bm-sd\CANALI\disperrori.pas"
"CanaliAria","C:\DOCUMENTI\sd\sorgenti\bm-sd\CANALI\DOS.pas"
"CanaliAria","C:\DOCUMENTI\sd\sorgenti\bm-sd\CANALI\DRIVER.PAS"
"CanaliAria","C:\DOCUMENTI\sd\sorgenti\bm-sd\CANALI\DUCT3D.PAS"
"CanaliAria","C:\DOCUMENTI\sd\sorgenti\bm-sd\CANALI\dummyfunction.pas"
"CanaliAria","C:\DOCUMENTI\sd\sorgenti\bm-sd\CANALI\ENTER.PAS"
"CanaliAria","C:\DOCUMENTI\sd\sorgenti\bm-sd\CANALI\ESEC1.PAS"
"CanaliAria","C:\DOCUMENTI\sd\sorgenti\bm-sd\CANALI\ESECSTAM.PAS"
"CanaliAria","C:\DOCUMENTI\sd\sorgenti\bm-sd\CANALI\ESISTE.PAS"
"CanaliAria","C:\DOCUMENTI\sd\sorgenti\bm-sd\CANALI\formpezzi.pas"
"CanaliAria","C:\DOCUMENTI\sd\sorgenti\bm-sd\CANALI\FUNZARC.PAS"
"CanaliAria","C:\DOCUMENTI\sd\sorgenti\bm-sd\CANALI\FUNZBASE.PAS"
"CanaliAria","C:\DOCUMENTI\sd\sorgenti\bm-sd\CANALI\funzdim.pas"
"CanaliAria","C:\DOCUMENTI\sd\sorgenti\bm-sd\CANALI\FUNZIONI.PAS"
"CanaliAria","C:\DOCUMENTI\sd\sorgenti\bm-sd\CANALI\FUNZOVER.PAS"
"CanaliAria","C:\DOCUMENTI\sd\sorgenti\bm-sd\CANALI\GENERA.PAS"
"CanaliAria","C:\DOCUMENTI\sd\sorgenti\bm-sd\CANALI\GENKEY.PAS"
"CanaliAria","C:\DOCUMENTI\sd\sorgenti\bm-sd\CANALI\GENPROC.PAS"
"CanaliAria","C:\DOCUMENTI\sd\sorgenti\bm-sd\CANALI\Genproccan.pas"
"CanaliAria","C:\DOCUMENTI\sd\sorgenti\bm-sd\CANALI\GESTDUCT.PAS"
"CanaliAria","C:\DOCUMENTI\sd\sorgenti\bm-sd\CANALI\GETS.PAS"
"CanaliAria","C:\DOCUMENTI\sd\sorgenti\bm-sd\CANALI\GLOBFUNZ.PAS"
"CanaliAria","C:\DOCUMENTI\sd\sorgenti\bm-sd\CANALI\GLOBFUNZcan.pas"
"CanaliAria","C:\DOCUMENTI\sd\sorgenti\bm-sd\CANALI\GRAFCOST.PAS"
"CanaliAria","C:\DOCUMENTI\sd\sorgenti\bm-sd\CANALI\GRMOUSE.PAS"
"CanaliAria","C:\DOCUMENTI\sd\sorgenti\bm-sd\CANALI\ID.PAS"
"CanaliAria","C:\DOCUMENTI\sd\sorgenti\bm-sd\CANALI\IFD.PAS"
"CanaliAria","C:\DOCUMENTI\sd\sorgenti\bm-sd\CANALI\IncludiTabelle.pas"
"CanaliAria","C:\DOCUMENTI\sd\sorgenti\bm-sd\CANALI\INCMENU.PAS"
"CanaliAria","C:\DOCUMENTI\sd\sorgenti\bm-sd\CANALI\init_cca.pas"
"CanaliAria","C:\DOCUMENTI\sd\sorgenti\bm-sd\CANALI\INPGRAF\ALL_DIR.PAS"
"CanaliAria","C:\DOCUMENTI\sd\sorgenti\bm-sd\CANALI\INPGRAF\ANGOLI.PAS"
"CanaliAria","C:\DOCUMENTI\sd\sorgenti\bm-sd\CANALI\INPGRAF\ARC.PAS"
"CanaliAria","C:\DOCUMENTI\sd\sorgenti\bm-sd\CANALI\INPGRAF\ARKPZZ.DPR"
"CanaliAria","C:\DOCUMENTI\sd\sorgenti\bm-sd\CANALI\INPGRAF\BLOCCO.PAS"
"CanaliAria","C:\DOCUMENTI\sd\sorgenti\bm-sd\CANALI\INPGRAF\C_WM.PAS"
"CanaliAria","C:\DOCUMENTI\sd\sorgenti\bm-sd\CANALI\INPGRAF\CERCHIO.PAS"
"CanaliAria","C:\DOCUMENTI\sd\sorgenti\bm-sd\CANALI\INPGRAF\CIPZOOM.PAS"
"CanaliAria","C:\DOCUMENTI\sd\sorgenti\bm-sd\CANALI\INPGRAF\CONVCAN.PAS"
"CanaliAria","C:\DOCUMENTI\sd\sorgenti\bm-sd\CANALI\INPGRAF\CONVCAN1.PAS"
"CanaliAria","C:\DOCUMENTI\sd\sorgenti\bm-sd\CANALI\INPGRAF\CONVESA.PAS"
"CanaliAria","C:\DOCUMENTI\sd\sorgenti\bm-sd\CANALI\INPGRAF\CONVINDE.PAS"
"CanaliAria","C:\DOCUMENTI\sd\sorgenti\bm-sd\CANALI\INPGRAF\CRDUMMY.PAS"
"CanaliAria","C:\DOCUMENTI\sd\sorgenti\bm-sd\CANALI\INPGRAF\D_DIMENS.PAS"
"CanaliAria","C:\DOCUMENTI\sd\sorgenti\bm-sd\CANALI\INPGRAF\DAVGLOB.PAS"
"CanaliAria","C:\DOCUMENTI\sd\sorgenti\bm-sd\CANALI\INPGRAF\DAVINPUT.PAS"
"CanaliAria","C:\DOCUMENTI\sd\sorgenti\bm-sd\CANALI\INPGRAF\DAVRIDIS.PAS"
"CanaliAria","C:\DOCUMENTI\sd\sorgenti\bm-sd\CANALI\INPGRAF\DEBUG.PAS"
"CanaliAria","C:\DOCUMENTI\sd\sorgenti\bm-sd\CANALI\INPGRAF\DEFINIZCAN.PAS"
"CanaliAria","C:\DOCUMENTI\sd\sorgenti\bm-sd\CANALI\INPGRAF\DEMOCRT.PAS"
"CanaliAria","C:\DOCUMENTI\sd\sorgenti\bm-sd\CANALI\INPGRAF\DFM\INGLESE\MAINEDIT.PAS"
"CanaliAria","C:\DOCUMENTI\sd\sorgenti\bm-sd\CANALI\INPGRAF\DIMDLT.PAS"
"CanaliAria","C:\DOCUMENTI\sd\sorgenti\bm-sd\CANALI\INPGRAF\DIMENS.PAS"
"CanaliAria","C:\DOCUMENTI\sd\sorgenti\bm-sd\CANALI\INPGRAF\DIMPLT.PAS"
"CanaliAria","C:\DOCUMENTI\sd\sorgenti\bm-sd\CANALI\INPGRAF\DIS_ROS.PAS"
"CanaliAria","C:\DOCUMENTI\sd\sorgenti\bm-sd\CANALI\INPGRAF\DISCAN.PAS"
"CanaliAria","C:\DOCUMENTI\sd\sorgenti\bm-sd\CANALI\INPGRAF\DISDIM.PAS"
"CanaliAria","C:\DOCUMENTI\sd\sorgenti\bm-sd\CANALI\INPGRAF\DISEG.PAS"
"CanaliAria","C:\DOCUMENTI\sd\sorgenti\bm-sd\CANALI\INPGRAF\DRIVER.PAS"
"CanaliAria","C:\DOCUMENTI\sd\sorgenti\bm-sd\CANALI\INPGRAF\DXFOUTU.PAS"
"CanaliAria","C:\DOCUMENTI\sd\sorgenti\bm-sd\CANALI\INPGRAF\EDIT.PAS"
"CanaliAria","C:\DOCUMENTI\sd\sorgenti\bm-sd\CANALI\INPGRAF\EDITPZZ.DPR"
"CanaliAria","C:\DOCUMENTI\sd\sorgenti\bm-sd\CANALI\INPGRAF\EDITQUO.PAS"
"CanaliAria","C:\DOCUMENTI\sd\sorgenti\bm-sd\CANALI\INPGRAF\ENTER.PAS"
"CanaliAria","C:\DOCUMENTI\sd\sorgenti\bm-sd\CANALI\INPGRAF\ERROR_G.PAS"
"CanaliAria","C:\DOCUMENTI\sd\sorgenti\bm-sd\CANALI\INPGRAF\ESISTE.PAS"
"CanaliAria","C:\DOCUMENTI\sd\sorgenti\bm-sd\CANALI\INPGRAF\FUNZBASE.PAS"
"CanaliAria","C:\DOCUMENTI\sd\sorgenti\bm-sd\CANALI\INPGRAF\FUNZDIM.PAS"
"CanaliAria","C:\DOCUMENTI\sd\sorgenti\bm-sd\CANALI\INPGRAF\FUNZOVER.PAS"
"CanaliAria","C:\DOCUMENTI\sd\sorgenti\bm-sd\CANALI\INPGRAF\GENKEY.PAS"
"CanaliAria","C:\DOCUMENTI\sd\sorgenti\bm-sd\CANALI\INPGRAF\GENPROC.PAS"
"CanaliAria","C:\DOCUMENTI\sd\sorgenti\bm-sd\CANALI\INPGRAF\GLOBFUNZ.PAS"
"CanaliAria","C:\DOCUMENTI\sd\sorgenti\bm-sd\CANALI\INPGRAF\GRAFER.PAS"
"CanaliAria","C:\DOCUMENTI\sd\sorgenti\bm-sd\CANALI\INPGRAF\GRMOUSE.PAS"
"CanaliAria","C:\DOCUMENTI\sd\sorgenti\bm-sd\CANALI\INPGRAF\IMPTERM.PAS"
"CanaliAria","C:\DOCUMENTI\sd\sorgenti\bm-sd\CANALI\INPGRAF\INCMENU.PAS"
"CanaliAria","C:\DOCUMENTI\sd\sorgenti\bm-sd\CANALI\INPGRAF\INCMOUSE.PAS"
"CanaliAria","C:\DOCUMENTI\sd\sorgenti\bm-sd\CANALI\INPGRAF\INIT.PAS"
"CanaliAria","C:\DOCUMENTI\sd\sorgenti\bm-sd\CANALI\INPGRAF\INIT_CAR.PAS"
"CanaliAria","C:\DOCUMENTI\sd\sorgenti\bm-sd\CANALI\INPGRAF\INIT_CCA.PAS"
"CanaliAria","C:\DOCUMENTI\sd\sorgenti\bm-sd\CANALI\INPGRAF\INIT_DUC.PAS"
"CanaliAria","C:\DOCUMENTI\sd\sorgenti\bm-sd\CANALI\INPGRAF\INPUTC.PAS"
"CanaliAria","C:\DOCUMENTI\sd\sorgenti\bm-sd\CANALI\INPGRAF\INPUTCAN.PAS"
"CanaliAria","C:\DOCUMENTI\sd\sorgenti\bm-sd\CANALI\INPGRAF\INSER.PAS"
"CanaliAria","C:\DOCUMENTI\sd\sorgenti\bm-sd\CANALI\INPGRAF\INSTALLA.PAS"
"CanaliAria","C:\DOCUMENTI\sd\sorgenti\bm-sd\CANALI\INPGRAF\INTCR.PAS"
"CanaliAria","C:\DOCUMENTI\sd\sorgenti\bm-sd\CANALI\INPGRAF\INTERESS.PAS"
"CanaliAria","C:\DOCUMENTI\sd\sorgenti\bm-sd\CANALI\INPGRAF\INTERF3D.PAS"
"CanaliAria","C:\DOCUMENTI\sd\sorgenti\bm-sd\CANALI\INPGRAF\INTERS1.PAS"
"CanaliAria","C:\DOCUMENTI\sd\sorgenti\bm-sd\CANALI\INPGRAF\IOGRAF.PAS"
"CanaliAria","C:\DOCUMENTI\sd\sorgenti\bm-sd\CANALI\INPGRAF\LEGGIP.PAS"
"CanaliAria","C:\DOCUMENTI\sd\sorgenti\bm-sd\CANALI\INPGRAF\LINGUA.PAS"
"CanaliAria","C:\DOCUMENTI\sd\sorgenti\bm-sd\CANALI\INPGRAF\LOAD_D.PAS"
"CanaliAria","C:\DOCUMENTI\sd\sorgenti\bm-sd\CANALI\INPGRAF\LOAD_P.PAS"
"CanaliAria","C:\DOCUMENTI\sd\sorgenti\bm-sd\CANALI\INPGRAF\LOADDIS.PAS"
"CanaliAria","C:\DOCUMENTI\sd\sorgenti\bm-sd\CANALI\INPGRAF\MAIN_DOS.PAS"
"CanaliAria","C:\DOCUMENTI\sd\sorgenti\bm-sd\CANALI\INPGRAF\MAINEDIT.PAS"
"CanaliAria","C:\DOCUMENTI\sd\sorgenti\bm-sd\CANALI\INPGRAF\MENU.PAS"
"CanaliAria","C:\DOCUMENTI\sd\sorgenti\bm-sd\CANALI\INPGRAF\MINICALC.PAS"
"CanaliAria","C:\DOCUMENTI\sd\sorgenti\bm-sd\CANALI\INPGRAF\MUOVI_CU.PAS"
"CanaliAria","C:\DOCUMENTI\sd\sorgenti\bm-sd\CANALI\INPGRAF\N_DISDIM.PAS"
"CanaliAria","C:\DOCUMENTI\sd\sorgenti\bm-sd\CANALI\INPGRAF\NOVITDIM.PAS"
"CanaliAria","C:\DOCUMENTI\sd\sorgenti\bm-sd\CANALI\INPGRAF\NOVITPLT.PAS"
"CanaliAria","C:\DOCUMENTI\sd\sorgenti\bm-sd\CANALI\INPGRAF\NUOVE_F.PAS"
"CanaliAria","C:\DOCUMENTI\sd\sorgenti\bm-sd\CANALI\INPGRAF\NUOVO.PAS"
"CanaliAria","C:\DOCUMENTI\sd\sorgenti\bm-sd\CANALI\INPGRAF\OLD_GRU.PAS"
"CanaliAria","C:\DOCUMENTI\sd\sorgenti\bm-sd\CANALI\INPGRAF\OLDKEY.PAS"
"CanaliAria","C:\DOCUMENTI\sd\sorgenti\bm-sd\CANALI\INPGRAF\OS_GEN.PAS"
"CanaliAria","C:\DOCUMENTI\sd\sorgenti\bm-sd\CANALI\INPGRAF\OSN_GEN.PAS"
"CanaliAria","C:\DOCUMENTI\sd\sorgenti\bm-sd\CANALI\INPGRAF\OSNAP.PAS"
"CanaliAria","C:\DOCUMENTI\sd\sorgenti\bm-sd\CANALI\INPGRAF\OSNAPTRO.PAS"
"CanaliAria","C:\DOCUMENTI\sd\sorgenti\bm-sd\CANALI\INPGRAF\OTA.PAS"
"CanaliAria","C:\DOCUMENTI\sd\sorgenti\bm-sd\CANALI\INPGRAF\OUDXF.PAS"
"CanaliAria","C:\DOCUMENTI\sd\sorgenti\bm-sd\CANALI\INPGRAF\OUTPLT.PAS"
"CanaliAria","C:\DOCUMENTI\sd\sorgenti\bm-sd\CANALI\INPGRAF\PERCENTO.PAS"
"CanaliAria","C:\DOCUMENTI\sd\sorgenti\bm-sd\CANALI\INPGRAF\PEZZI.PAS"
"CanaliAria","C:\DOCUMENTI\sd\sorgenti\bm-sd\CANALI\INPGRAF\PIANTE.PAS"
"CanaliAria","C:\DOCUMENTI\sd\sorgenti\bm-sd\CANALI\INPGRAF\PILOTAS.PAS"
"CanaliAria","C:\DOCUMENTI\sd\sorgenti\bm-sd\CANALI\INPGRAF\PLOT.PAS"
"CanaliAria","C:\DOCUMENTI\sd\sorgenti\bm-sd\CANALI\INPGRAF\PLTPLT.PAS"
"CanaliAria","C:\DOCUMENTI\sd\sorgenti\bm-sd\CANALI\INPGRAF\PORTA.PAS"
"CanaliAria","C:\DOCUMENTI\sd\sorgenti\bm-sd\CANALI\INPGRAF\PR.PAS"
"CanaliAria","C:\DOCUMENTI\sd\sorgenti\bm-sd\CANALI\INPGRAF\PROV.PAS"
"CanaliAria","C:\DOCUMENTI\sd\sorgenti\bm-sd\CANALI\INPGRAF\PROVA.DPR"
"CanaliAria","C:\DOCUMENTI\sd\sorgenti\bm-sd\CANALI\INPGRAF\PROVA.PAS"
"CanaliAria","C:\DOCUMENTI\sd\sorgenti\bm-sd\CANALI\INPGRAF\Provadim.dpr"
"CanaliAria","C:\DOCUMENTI\sd\sorgenti\bm-sd\CANALI\INPGRAF\PROVAP.PAS"
"CanaliAria","C:\DOCUMENTI\sd\sorgenti\bm-sd\CANALI\INPGRAF\RADDRIZ.PAS"
"CanaliAria","C:\DOCUMENTI\sd\sorgenti\bm-sd\CANALI\INPGRAF\READPLT.PAS"
"CanaliAria","C:\DOCUMENTI\sd\sorgenti\bm-sd\CANALI\INPGRAF\RIDI.PAS"
"CanaliAria","C:\DOCUMENTI\sd\sorgenti\bm-sd\CANALI\INPGRAF\RIDIS_U.PAS"
"CanaliAria","C:\DOCUMENTI\sd\sorgenti\bm-sd\CANALI\INPGRAF\RIDUZ.PAS"
"CanaliAria","C:\DOCUMENTI\sd\sorgenti\bm-sd\CANALI\INPGRAF\RTMRES.PAS"
"CanaliAria","C:\DOCUMENTI\sd\sorgenti\bm-sd\CANALI\INPGRAF\RUOTASEZ.PAS"
"CanaliAria","C:\DOCUMENTI\sd\sorgenti\bm-sd\CANALI\INPGRAF\SALVAPI1.PAS"
"CanaliAria","C:\DOCUMENTI\sd\sorgenti\bm-sd\CANALI\INPGRAF\SALVAPI2.PAS"
"CanaliAria","C:\DOCUMENTI\sd\sorgenti\bm-sd\CANALI\INPGRAF\SAVEDIS.PAS"
"CanaliAria","C:\DOCUMENTI\sd\sorgenti\bm-sd\CANALI\INPGRAF\SPAZIO.PAS"
"CanaliAria","C:\DOCUMENTI\sd\sorgenti\bm-sd\CANALI\INPGRAF\TERESA.PAS"
"CanaliAria","C:\DOCUMENTI\sd\sorgenti\bm-sd\CANALI\INPGRAF\TEXTC.PAS"
"CanaliAria","C:\DOCUMENTI\sd\sorgenti\bm-sd\CANALI\INPGRAF\TIPERID.PAS"
"CanaliAria","C:\DOCUMENTI\sd\sorgenti\bm-sd\CANALI\INPGRAF\TIPOCOST.PAS"
"CanaliAria","C:\DOCUMENTI\sd\sorgenti\bm-sd\CANALI\INPGRAF\TRONCO.PAS"
"CanaliAria","C:\DOCUMENTI\sd\sorgenti\bm-sd\CANALI\INPGRAF\TURBO3.PAS"
"CanaliAria","C:\DOCUMENTI\sd\sorgenti\bm-sd\CANALI\INPGRAF\U_05LR.PAS"
"CanaliAria","C:\DOCUMENTI\sd\sorgenti\bm-sd\CANALI\INPGRAF\U_079R.PAS"
"CanaliAria","C:\DOCUMENTI\sd\sorgenti\bm-sd\CANALI\INPGRAF\U_10RA.PAS"
"CanaliAria","C:\DOCUMENTI\sd\sorgenti\bm-sd\CANALI\INPGRAF\U_13CB.PAS"
"CanaliAria","C:\DOCUMENTI\sd\sorgenti\bm-sd\CANALI\INPGRAF\U_13RBT.PAS"
"CanaliAria","C:\DOCUMENTI\sd\sorgenti\bm-sd\CANALI\INPGRAF\U_15RBT.PAS"
"CanaliAria","C:\DOCUMENTI\sd\sorgenti\bm-sd\CANALI\INPGRAF\U_180R.PAS"
"CanaliAria","C:\DOCUMENTI\sd\sorgenti\bm-sd\CANALI\INPGRAF\U_271R.PAS"
"CanaliAria","C:\DOCUMENTI\sd\sorgenti\bm-sd\CANALI\INPGRAF\U_310F.PAS"
"CanaliAria","C:\DOCUMENTI\sd\sorgenti\bm-sd\CANALI\INPGRAF\U_31CC.PAS"
"CanaliAria","C:\DOCUMENTI\sd\sorgenti\bm-sd\CANALI\INPGRAF\U_337R.PAS"
"CanaliAria","C:\DOCUMENTI\sd\sorgenti\bm-sd\CANALI\INPGRAF\U_358.PAS"
"CanaliAria","C:\DOCUMENTI\sd\sorgenti\bm-sd\CANALI\INPGRAF\U_362R.PAS"
"CanaliAria","C:\DOCUMENTI\sd\sorgenti\bm-sd\CANALI\INPGRAF\U_3710.PAS"
"CanaliAria","C:\DOCUMENTI\sd\sorgenti\bm-sd\CANALI\INPGRAF\U_3722.PAS"
"CanaliAria","C:\DOCUMENTI\sd\sorgenti\bm-sd\CANALI\INPGRAF\U_3733.PAS"
"CanaliAria","C:\DOCUMENTI\sd\sorgenti\bm-sd\CANALI\INPGRAF\U_CVCAN.PAS"
"CanaliAria","C:\DOCUMENTI\sd\sorgenti\bm-sd\CANALI\INPGRAF\U_CVCAN1.PAS"
"CanaliAria","C:\DOCUMENTI\sd\sorgenti\bm-sd\CANALI\INPGRAF\U_INPUTC.PAS"
"CanaliAria","C:\DOCUMENTI\sd\sorgenti\bm-sd\CANALI\INPGRAF\U_VARPEZ.PAS"
"CanaliAria","C:\DOCUMENTI\sd\sorgenti\bm-sd\CANALI\INPGRAF\U_VARPEZZI.pas"
"CanaliAria","C:\DOCUMENTI\sd\sorgenti\bm-sd\CANALI\INPGRAF\UPROVA.PAS"
"CanaliAria","C:\DOCUMENTI\sd\sorgenti\bm-sd\CANALI\INPGRAF\Uprovadim.pas"
"CanaliAria","C:\DOCUMENTI\sd\sorgenti\bm-sd\CANALI\INPGRAF\UT_DEB.PAS"
"CanaliAria","C:\DOCUMENTI\sd\sorgenti\bm-sd\CANALI\INPGRAF\UTIWINDL.PAS"
"CanaliAria","C:\DOCUMENTI\sd\sorgenti\bm-sd\CANALI\INPGRAF\UVPEZZI.PAS"
"CanaliAria","C:\DOCUMENTI\sd\sorgenti\bm-sd\CANALI\INPGRAF\VARPLAY.PAS"
"CanaliAria","C:\DOCUMENTI\sd\sorgenti\bm-sd\CANALI\INPGRAF\VERIFICA.PAS"
"CanaliAria","C:\DOCUMENTI\sd\sorgenti\bm-sd\CANALI\INPGRAF\VPEZZI.DPR"
"CanaliAria","C:\DOCUMENTI\sd\sorgenti\bm-sd\CANALI\INPGRAF\VSEZ.PAS"
"CanaliAria","C:\DOCUMENTI\sd\sorgenti\bm-sd\CANALI\INPGRAF\W_DIMENS.PAS"
"CanaliAria","C:\DOCUMENTI\sd\sorgenti\bm-sd\CANALI\INPGRAF\W_ICART.PAS"
"CanaliAria","C:\DOCUMENTI\sd\sorgenti\bm-sd\CANALI\INPGRAF\W_INPGRA.PAS"
"CanaliAria","C:\DOCUMENTI\sd\sorgenti\bm-sd\CANALI\INPGRAF\W_INPUTC.PAS"
"CanaliAria","C:\DOCUMENTI\sd\sorgenti\bm-sd\CANALI\INPGRAF\WIN_MENU.PAS"
"CanaliAria","C:\DOCUMENTI\sd\sorgenti\bm-sd\CANALI\INPGRAF\WINTR.PAS"
"CanaliAria","C:\DOCUMENTI\sd\sorgenti\bm-sd\CANALI\INPGRAF\WORK.PAS"
"CanaliAria","C:\DOCUMENTI\sd\sorgenti\bm-sd\CANALI\INSTALLA.PAS"
"CanaliAria","C:\DOCUMENTI\sd\sorgenti\bm-sd\CANALI\INTCR.PAS"
"CanaliAria","C:\DOCUMENTI\sd\sorgenti\bm-sd\CANALI\interf3d.pas"
"CanaliAria","C:\DOCUMENTI\sd\sorgenti\bm-sd\CANALI\ioduct.pas"
"CanaliAria","C:\DOCUMENTI\sd\sorgenti\bm-sd\CANALI\IOGRAF.PAS"
"CanaliAria","C:\DOCUMENTI\sd\sorgenti\bm-sd\CANALI\IORETE.PAS"
"CanaliAria","C:\DOCUMENTI\sd\sorgenti\bm-sd\CANALI\key.pas"
"CanaliAria","C:\DOCUMENTI\sd\sorgenti\bm-sd\CANALI\key_old.pas"
"CanaliAria","C:\DOCUMENTI\sd\sorgenti\bm-sd\CANALI\LEGGIER.PAS"
"CanaliAria","C:\DOCUMENTI\sd\sorgenti\bm-sd\CANALI\LEGGIP.PAS"
"CanaliAria","C:\DOCUMENTI\sd\sorgenti\bm-sd\CANALI\LEGGIPLT.PAS"
"CanaliAria","C:\DOCUMENTI\sd\sorgenti\bm-sd\CANALI\LIST1.PAS"
"CanaliAria","C:\DOCUMENTI\sd\sorgenti\bm-sd\CANALI\LISTATO.PAS"
"CanaliAria","C:\DOCUMENTI\sd\sorgenti\bm-sd\CANALI\LOad_d.pas"
"CanaliAria","C:\DOCUMENTI\sd\sorgenti\bm-sd\CANALI\load_p.pas"
"CanaliAria","C:\DOCUMENTI\sd\sorgenti\bm-sd\CANALI\MAIN.PAS"
"CanaliAria","C:\DOCUMENTI\sd\sorgenti\bm-sd\CANALI\MAIN_DOS.PAS"
"CanaliAria","C:\DOCUMENTI\sd\sorgenti\bm-sd\CANALI\MASKCOMP.PAS"
"CanaliAria","C:\DOCUMENTI\sd\sorgenti\bm-sd\CANALI\MENU.PAS"
"CanaliAria","C:\DOCUMENTI\sd\sorgenti\bm-sd\CANALI\Mphar.pas"
"CanaliAria","C:\DOCUMENTI\sd\sorgenti\bm-sd\CANALI\MPHAR_old.pas"
"CanaliAria","C:\DOCUMENTI\sd\sorgenti\bm-sd\CANALI\Objects.pas"
"CanaliAria","C:\DOCUMENTI\sd\sorgenti\bm-sd\CANALI\Odialogs.pas"
"CanaliAria","C:\DOCUMENTI\sd\sorgenti\bm-sd\CANALI\OLD1.PAS"
"CanaliAria","C:\DOCUMENTI\sd\sorgenti\bm-sd\CANALI\OLDUTI.PAS"
"CanaliAria","C:\DOCUMENTI\sd\sorgenti\bm-sd\CANALI\ORDINA.PAS"
"CanaliAria","C:\DOCUMENTI\sd\sorgenti\bm-sd\CANALI\OUDXF.PAS"
"CanaliAria","C:\DOCUMENTI\sd\sorgenti\bm-sd\CANALI\OUTCAD.PAS"
"CanaliAria","C:\DOCUMENTI\sd\sorgenti\bm-sd\CANALI\OVERPROC.PAS"
"CanaliAria","C:\DOCUMENTI\sd\sorgenti\bm-sd\CANALI\Owindows.pas"
"CanaliAria","C:\DOCUMENTI\sd\sorgenti\bm-sd\CANALI\PASSAGGI.PAS"
"CanaliAria","C:\DOCUMENTI\sd\sorgenti\bm-sd\CANALI\PERCENTO.PAS"
"CanaliAria","C:\DOCUMENTI\sd\sorgenti\bm-sd\CANALI\PERDCONC.PAS"
"CanaliAria","C:\DOCUMENTI\sd\sorgenti\bm-sd\CANALI\PEZZI.PAS"
"CanaliAria","C:\DOCUMENTI\sd\sorgenti\bm-sd\CANALI\pezzi3d\U3dsd.pas"
"CanaliAria","C:\DOCUMENTI\sd\sorgenti\bm-sd\CANALI\pezzi3d\uarchpezzi.pas"
"CanaliAria","C:\DOCUMENTI\sd\sorgenti\bm-sd\CANALI\PFdaticalc.dpr"
"CanaliAria","C:\DOCUMENTI\sd\sorgenti\bm-sd\CANALI\PIANTE.PAS"
"CanaliAria","C:\DOCUMENTI\sd\sorgenti\bm-sd\CANALI\portate.pas"
"CanaliAria","C:\DOCUMENTI\sd\sorgenti\bm-sd\CANALI\PR.PAS"
"CanaliAria","C:\DOCUMENTI\sd\sorgenti\bm-sd\CANALI\PREDIM.PAS"
"CanaliAria","C:\DOCUMENTI\sd\sorgenti\bm-sd\CANALI\prgduct.pas"
"CanaliAria","C:\DOCUMENTI\sd\sorgenti\bm-sd\CANALI\Print.pas"
"CanaliAria","C:\DOCUMENTI\sd\sorgenti\bm-sd\CANALI\PRINT_old.pas"
"CanaliAria","C:\DOCUMENTI\sd\sorgenti\bm-sd\CANALI\PRINTMSK.PAS"
"CanaliAria","C:\DOCUMENTI\sd\sorgenti\bm-sd\CANALI\PRNMASK_old.PAS"
"CanaliAria","C:\DOCUMENTI\sd\sorgenti\bm-sd\CANALI\PROVA.PAS"
"CanaliAria","C:\DOCUMENTI\sd\sorgenti\bm-sd\CANALI\Provacanali.dpr"
"CanaliAria","C:\DOCUMENTI\sd\sorgenti\bm-sd\CANALI\PROVAUTI.PAS"
"CanaliAria","C:\DOCUMENTI\sd\sorgenti\bm-sd\CANALI\READPLT.PAS"
"CanaliAria","C:\DOCUMENTI\sd\sorgenti\bm-sd\CANALI\ren Copialibreriagenerale.pas"
"CanaliAria","C:\DOCUMENTI\sd\sorgenti\bm-sd\CANALI\RIDUZION.PAS"
"CanaliAria","C:\DOCUMENTI\sd\sorgenti\bm-sd\CANALI\RuotaSez.pas"
"CanaliAria","C:\DOCUMENTI\sd\sorgenti\bm-sd\CANALI\SAVEDIS.PAS"
"CanaliAria","C:\DOCUMENTI\sd\sorgenti\bm-sd\CANALI\SCHEMA.PAS"
"CanaliAria","C:\DOCUMENTI\sd\sorgenti\bm-sd\CANALI\SCHEMA3D.PAS"
"CanaliAria","C:\DOCUMENTI\sd\sorgenti\bm-sd\CANALI\scribe.pas"
"CanaliAria","C:\DOCUMENTI\sd\sorgenti\bm-sd\CANALI\SCRIBE_old.pas"
"CanaliAria","C:\DOCUMENTI\sd\sorgenti\bm-sd\CANALI\scritte.pas"
"CanaliAria","C:\DOCUMENTI\sd\sorgenti\bm-sd\CANALI\Selcodice.dpr"
"CanaliAria","C:\DOCUMENTI\sd\sorgenti\bm-sd\CANALI\SERRAMI.PAS"
"CanaliAria","C:\DOCUMENTI\sd\sorgenti\bm-sd\CANALI\SERTERM.PAS"
"CanaliAria","C:\DOCUMENTI\sd\sorgenti\bm-sd\CANALI\SETS.PAS"
"CanaliAria","C:\DOCUMENTI\sd\sorgenti\bm-sd\CANALI\Tabelle_ASH.pas"
"CanaliAria","C:\DOCUMENTI\sd\sorgenti\bm-sd\CANALI\TEST.PAS"
"CanaliAria","C:\DOCUMENTI\sd\sorgenti\bm-sd\CANALI\TEXTC.PAS"
"CanaliAria","C:\DOCUMENTI\sd\sorgenti\bm-sd\CANALI\TIPOCOST.PAS"
"CanaliAria","C:\DOCUMENTI\sd\sorgenti\bm-sd\CANALI\TRANS.PAS"
"CanaliAria","C:\DOCUMENTI\sd\sorgenti\bm-sd\CANALI\TRASLATE.PAS"
"CanaliAria","C:\DOCUMENTI\sd\sorgenti\bm-sd\CANALI\Turbo3.pas"
"CanaliAria","C:\DOCUMENTI\sd\sorgenti\bm-sd\CANALI\U_05LR.PAS"
"CanaliAria","C:\DOCUMENTI\sd\sorgenti\bm-sd\CANALI\U_079R.PAS"
"CanaliAria","C:\DOCUMENTI\sd\sorgenti\bm-sd\CANALI\U_10RA.PAS"
"CanaliAria","C:\DOCUMENTI\sd\sorgenti\bm-sd\CANALI\U_13CB.PAS"
"CanaliAria","C:\DOCUMENTI\sd\sorgenti\bm-sd\CANALI\U_13RBT.PAS"
"CanaliAria","C:\DOCUMENTI\sd\sorgenti\bm-sd\CANALI\U_15RBT.PAS"
"CanaliAria","C:\DOCUMENTI\sd\sorgenti\bm-sd\CANALI\U_180R.PAS"
"CanaliAria","C:\DOCUMENTI\sd\sorgenti\bm-sd\CANALI\U_271R.PAS"
"CanaliAria","C:\DOCUMENTI\sd\sorgenti\bm-sd\CANALI\U_310F.pas"
"CanaliAria","C:\DOCUMENTI\sd\sorgenti\bm-sd\CANALI\U_31CC.PAS"
"CanaliAria","C:\DOCUMENTI\sd\sorgenti\bm-sd\CANALI\U_362R.PAS"
"CanaliAria","C:\DOCUMENTI\sd\sorgenti\bm-sd\CANALI\U_3710.PAS"
"CanaliAria","C:\DOCUMENTI\sd\sorgenti\bm-sd\CANALI\U_3722.PAS"
"CanaliAria","C:\DOCUMENTI\sd\sorgenti\bm-sd\CANALI\U_3733.pas"
"CanaliAria","C:\DOCUMENTI\sd\sorgenti\bm-sd\CANALI\U_canfst.pas"
"CanaliAria","C:\DOCUMENTI\sd\sorgenti\bm-sd\CANALI\U_CREA3D.PAS"
"CanaliAria","C:\DOCUMENTI\sd\sorgenti\bm-sd\CANALI\U_CREASC.PAS"
"CanaliAria","C:\DOCUMENTI\sd\sorgenti\bm-sd\CANALI\U_cvcan.pas"
"CanaliAria","C:\DOCUMENTI\sd\sorgenti\bm-sd\CANALI\u_cvcan1.pas"
"CanaliAria","C:\DOCUMENTI\sd\sorgenti\bm-sd\CANALI\U_FUNC0.PAS"
"CanaliAria","C:\DOCUMENTI\sd\sorgenti\bm-sd\CANALI\u_funz.pas"
"CanaliAria","C:\DOCUMENTI\sd\sorgenti\bm-sd\CANALI\U_RIDUZ.PAS"
"CanaliAria","C:\DOCUMENTI\sd\sorgenti\bm-sd\CANALI\U_riduz1.pas"
"CanaliAria","C:\DOCUMENTI\sd\sorgenti\bm-sd\CANALI\U_selc0.pas"
"CanaliAria","C:\DOCUMENTI\sd\sorgenti\bm-sd\CANALI\U_SERRAM.PAS"
"CanaliAria","C:\DOCUMENTI\sd\sorgenti\bm-sd\CANALI\U_SERTER.PAS"
"CanaliAria","C:\DOCUMENTI\sd\sorgenti\bm-sd\CANALI\U_TABELL.PAS"
"CanaliAria","C:\DOCUMENTI\sd\sorgenti\bm-sd\CANALI\U_VARPEZZI.pas"
"CanaliAria","C:\DOCUMENTI\sd\sorgenti\bm-sd\CANALI\UCalcolareti.pas"
"CanaliAria","C:\DOCUMENTI\sd\sorgenti\bm-sd\CANALI\UCalcoloCanDLL.pas"
"CanaliAria","C:\DOCUMENTI\sd\sorgenti\bm-sd\CANALI\Ucompiladcu.pas"
"CanaliAria","C:\DOCUMENTI\sd\sorgenti\bm-sd\CANALI\UFDaticalc.pas"
"CanaliAria","C:\DOCUMENTI\sd\sorgenti\bm-sd\CANALI\UGestpezzi.pas"
"CanaliAria","C:\DOCUMENTI\sd\sorgenti\bm-sd\CANALI\UNIT1.PAS"
"CanaliAria","C:\DOCUMENTI\sd\sorgenti\bm-sd\CANALI\unitcan.pas"
"CanaliAria","C:\DOCUMENTI\sd\sorgenti\bm-sd\CANALI\UProvacanali.pas"
"CanaliAria","C:\DOCUMENTI\sd\sorgenti\bm-sd\CANALI\Uselcodice.pas"
"CanaliAria","C:\DOCUMENTI\sd\sorgenti\bm-sd\CANALI\Utilitie.pas"
"CanaliAria","C:\DOCUMENTI\sd\sorgenti\bm-sd\CANALI\UTILS\A2O.PAS"
"CanaliAria","C:\DOCUMENTI\sd\sorgenti\bm-sd\CANALI\UTILS\ALL_DIR.PAS"
"CanaliAria","C:\DOCUMENTI\sd\sorgenti\bm-sd\CANALI\UTILS\CONVMASK.PAS"
"CanaliAria","C:\DOCUMENTI\sd\sorgenti\bm-sd\CANALI\UTILS\CONVRC.DPR"
"CanaliAria","C:\DOCUMENTI\sd\sorgenti\bm-sd\CANALI\UTILS\COSTANT.PAS"
"CanaliAria","C:\DOCUMENTI\sd\sorgenti\bm-sd\CANALI\UTILS\DEFUTI.PAS"
"CanaliAria","C:\DOCUMENTI\sd\sorgenti\bm-sd\CANALI\UTILS\DEFUTIG.PAS"
"CanaliAria","C:\DOCUMENTI\sd\sorgenti\bm-sd\CANALI\UTILS\DEFUTIWI.PAS"
"CanaliAria","C:\DOCUMENTI\sd\sorgenti\bm-sd\CANALI\UTILS\DEMO.PAS"
"CanaliAria","C:\DOCUMENTI\sd\sorgenti\bm-sd\CANALI\UTILS\DEMOCRT.PAS"
"CanaliAria","C:\DOCUMENTI\sd\sorgenti\bm-sd\CANALI\UTILS\ERROR.PAS"
"CanaliAria","C:\DOCUMENTI\sd\sorgenti\bm-sd\CANALI\UTILS\ERROR_G.PAS"
"CanaliAria","C:\DOCUMENTI\sd\sorgenti\bm-sd\CANALI\UTILS\ERRORE.PAS"
"CanaliAria","C:\DOCUMENTI\sd\sorgenti\bm-sd\CANALI\UTILS\ESISTE.PAS"
"CanaliAria","C:\DOCUMENTI\sd\sorgenti\bm-sd\CANALI\UTILS\EXECSTAM.DPR"
"CanaliAria","C:\DOCUMENTI\sd\sorgenti\bm-sd\CANALI\UTILS\FINS.PAS"
"CanaliAria","C:\DOCUMENTI\sd\sorgenti\bm-sd\CANALI\UTILS\FUNZUTI.PAS"
"CanaliAria","C:\DOCUMENTI\sd\sorgenti\bm-sd\CANALI\UTILS\GENKEY.PAS"
"CanaliAria","C:\DOCUMENTI\sd\sorgenti\bm-sd\CANALI\UTILS\GESTDXF.PAS"
"CanaliAria","C:\DOCUMENTI\sd\sorgenti\bm-sd\CANALI\UTILS\IGRIGRO.PAS"
"CanaliAria","C:\DOCUMENTI\sd\sorgenti\bm-sd\CANALI\UTILS\INITUTI.PAS"
"CanaliAria","C:\DOCUMENTI\sd\sorgenti\bm-sd\CANALI\UTILS\INITUTIG.PAS"
"CanaliAria","C:\DOCUMENTI\sd\sorgenti\bm-sd\CANALI\UTILS\KEY.PAS"
"CanaliAria","C:\DOCUMENTI\sd\sorgenti\bm-sd\CANALI\UTILS\KEYDB.PAS"
"CanaliAria","C:\DOCUMENTI\sd\sorgenti\bm-sd\CANALI\UTILS\KEYENG.PAS"
"CanaliAria","C:\DOCUMENTI\sd\sorgenti\bm-sd\CANALI\UTILS\LINE.PAS"
"CanaliAria","C:\DOCUMENTI\sd\sorgenti\bm-sd\CANALI\UTILS\LINGUA.PAS"
"CanaliAria","C:\DOCUMENTI\sd\sorgenti\bm-sd\CANALI\UTILS\MAIN.PAS"
"CanaliAria","C:\DOCUMENTI\sd\sorgenti\bm-sd\CANALI\UTILS\MAIN_W.PAS"
"CanaliAria","C:\DOCUMENTI\sd\sorgenti\bm-sd\CANALI\UTILS\MAINST.PAS"
"CanaliAria","C:\DOCUMENTI\sd\sorgenti\bm-sd\CANALI\UTILS\MC4EDIT.PAS"
"CanaliAria","C:\DOCUMENTI\sd\sorgenti\bm-sd\CANALI\UTILS\MENU.PAS"
"CanaliAria","C:\DOCUMENTI\sd\sorgenti\bm-sd\CANALI\UTILS\MESSWIN.PAS"
"CanaliAria","C:\DOCUMENTI\sd\sorgenti\bm-sd\CANALI\UTILS\MISURE.PAS"
"CanaliAria","C:\DOCUMENTI\sd\sorgenti\bm-sd\CANALI\UTILS\MOUSE.PAS"
"CanaliAria","C:\DOCUMENTI\sd\sorgenti\bm-sd\CANALI\UTILS\MPHAR.PAS"
"CanaliAria","C:\DOCUMENTI\sd\sorgenti\bm-sd\CANALI\UTILS\MPHKEY.PAS"
"CanaliAria","C:\DOCUMENTI\sd\sorgenti\bm-sd\CANALI\UTILS\O2A.PAS"
"CanaliAria","C:\DOCUMENTI\sd\sorgenti\bm-sd\CANALI\UTILS\OLDST.PAS"
"CanaliAria","C:\DOCUMENTI\sd\sorgenti\bm-sd\CANALI\UTILS\POPUP.PAS"
"CanaliAria","C:\DOCUMENTI\sd\sorgenti\bm-sd\CANALI\UTILS\PPDLL.DPR"
"CanaliAria","C:\DOCUMENTI\sd\sorgenti\bm-sd\CANALI\UTILS\PRDLL.PAS"
"CanaliAria","C:\DOCUMENTI\sd\sorgenti\bm-sd\CANALI\UTILS\PRINT.PAS"
"CanaliAria","C:\DOCUMENTI\sd\sorgenti\bm-sd\CANALI\UTILS\PRNTESTO.PAS"
"CanaliAria","C:\DOCUMENTI\sd\sorgenti\bm-sd\CANALI\UTILS\PRNWIN.PAS"
"CanaliAria","C:\DOCUMENTI\sd\sorgenti\bm-sd\CANALI\UTILS\PROTOTIP.PAS"
"CanaliAria","C:\DOCUMENTI\sd\sorgenti\bm-sd\CANALI\UTILS\PROVA.PAS"
"CanaliAria","C:\DOCUMENTI\sd\sorgenti\bm-sd\CANALI\UTILS\PROVACD.PAS"
"CanaliAria","C:\DOCUMENTI\sd\sorgenti\bm-sd\CANALI\UTILS\PSICRO.PAS"
"CanaliAria","C:\DOCUMENTI\sd\sorgenti\bm-sd\CANALI\UTILS\SCRIBE.PAS"
"CanaliAria","C:\DOCUMENTI\sd\sorgenti\bm-sd\CANALI\UTILS\SEL_LINE.PAS"
"CanaliAria","C:\DOCUMENTI\sd\sorgenti\bm-sd\CANALI\UTILS\SELCAMPO.PAS"
"CanaliAria","C:\DOCUMENTI\sd\sorgenti\bm-sd\CANALI\UTILS\SETTA.PAS"
"CanaliAria","C:\DOCUMENTI\sd\sorgenti\bm-sd\CANALI\UTILS\SKBPWF.PAS"
"CanaliAria","C:\DOCUMENTI\sd\sorgenti\bm-sd\CANALI\UTILS\SKEVAL.PAS"
"CanaliAria","C:\DOCUMENTI\sd\sorgenti\bm-sd\CANALI\UTILS\SKTPWF.PAS"
"CanaliAria","C:\DOCUMENTI\sd\sorgenti\bm-sd\CANALI\UTILS\SKWINDLL.PAS"
"CanaliAria","C:\DOCUMENTI\sd\sorgenti\bm-sd\CANALI\UTILS\STAMPA.PAS"
"CanaliAria","C:\DOCUMENTI\sd\sorgenti\bm-sd\CANALI\UTILS\SWMSIZE.PAS"
"CanaliAria","C:\DOCUMENTI\sd\sorgenti\bm-sd\CANALI\UTILS\SYSINFO.PAS"
"CanaliAria","C:\DOCUMENTI\sd\sorgenti\bm-sd\CANALI\UTILS\TOOLBAR.PAS"
"CanaliAria","C:\DOCUMENTI\sd\sorgenti\bm-sd\CANALI\UTILS\TRMAIN.PAS"
"CanaliAria","C:\DOCUMENTI\sd\sorgenti\bm-sd\CANALI\UTILS\TURBO3.PAS"
"CanaliAria","C:\DOCUMENTI\sd\sorgenti\bm-sd\CANALI\UTILS\UCEDIFIC.PAS"
"CanaliAria","C:\DOCUMENTI\sd\sorgenti\bm-sd\CANALI\UTILS\UFROM.PAS"
"CanaliAria","C:\DOCUMENTI\sd\sorgenti\bm-sd\CANALI\UTILS\ULDATI10.PAS"
"CanaliAria","C:\DOCUMENTI\sd\sorgenti\bm-sd\CANALI\UTILS\UMC4F.PAS"
"CanaliAria","C:\DOCUMENTI\sd\sorgenti\bm-sd\CANALI\UTILS\UREC.PAS"
"CanaliAria","C:\DOCUMENTI\sd\sorgenti\bm-sd\CANALI\UTILS\UT_DEB.PAS"
"CanaliAria","C:\DOCUMENTI\sd\sorgenti\bm-sd\CANALI\UTILS\UTI.PAS"
"CanaliAria","C:\DOCUMENTI\sd\sorgenti\bm-sd\CANALI\UTILS\UTI_DLF.PAS"
"CanaliAria","C:\DOCUMENTI\sd\sorgenti\bm-sd\CANALI\UTILS\UTICOST.PAS"
"CanaliAria","C:\DOCUMENTI\sd\sorgenti\bm-sd\CANALI\UTILS\UTIGEN.PAS"
"CanaliAria","C:\DOCUMENTI\sd\sorgenti\bm-sd\CANALI\UTILS\UTILITIE.PAS"
"CanaliAria","C:\DOCUMENTI\sd\sorgenti\bm-sd\CANALI\UTILS\UTIWINDL.PAS"
"CanaliAria","C:\DOCUMENTI\sd\sorgenti\bm-sd\CANALI\UTILS\UVIDEO.PAS"
"CanaliAria","C:\DOCUMENTI\sd\sorgenti\bm-sd\CANALI\UTILS\UVKEY.PAS"
"CanaliAria","C:\DOCUMENTI\sd\sorgenti\bm-sd\CANALI\UTILS\VARPLAY.PAS"
"CanaliAria","C:\DOCUMENTI\sd\sorgenti\bm-sd\CANALI\UTILS\VIDEO.PAS"
"CanaliAria","C:\DOCUMENTI\sd\sorgenti\bm-sd\CANALI\UTILS\VIDEOH.PAS"
"CanaliAria","C:\DOCUMENTI\sd\sorgenti\bm-sd\CANALI\UTILS\VIDEOH1.PAS"
"CanaliAria","C:\DOCUMENTI\sd\sorgenti\bm-sd\CANALI\UTILS\W_MES.DPR"
"CanaliAria","C:\DOCUMENTI\sd\sorgenti\bm-sd\CANALI\UTILS\WM1.PAS"
"CanaliAria","C:\DOCUMENTI\sd\sorgenti\bm-sd\CANALI\UTIWIN.PAS"
"CanaliAria","C:\DOCUMENTI\sd\sorgenti\bm-sd\CANALI\VARPLAY.PAS"
"CanaliAria","C:\DOCUMENTI\sd\sorgenti\bm-sd\CANALI\VISUAL.PAS"
"CanaliAria","C:\DOCUMENTI\sd\sorgenti\bm-sd\CANALI\W_CALC.DPR"
"CanaliAria","C:\DOCUMENTI\sd\sorgenti\bm-sd\CANALI\W_CALC.PAS"
"CanaliAria","C:\DOCUMENTI\sd\sorgenti\bm-sd\CANALI\W_GEST.PAS"
"CanaliAria","C:\DOCUMENTI\sd\sorgenti\bm-sd\CANALI\W_M.PAS"
"CanaliAria","C:\DOCUMENTI\sd\sorgenti\bm-sd\CANALI\W_NCALC.DPR"
"CanaliAria","C:\DOCUMENTI\sd\sorgenti\bm-sd\CANALI\wintipes.pas"
"CanaliAria","C:\DOCUMENTI\sd\sorgenti\bm-sd\CANALI\wintypes.pas"
"CanaliAria","C:\DOCUMENTI\sd\sorgenti\bm-sd\CANALI\WM.pas"
"CanaliAria","C:\DOCUMENTI\sd\sorgenti\bm-sd\CANALI\WORK.PAS"
"CanaliAria","C:\DOCUMENTI\sd\sorgenti\bm-sd\componenti\kbmmem\bdenew\DbTables.pas"
"CanaliAria","C:\DOCUMENTI\sd\sorgenti\bm-sd\estivo\copiaLibreriaGenerale.pas"
"CanaliAria","C:\DOCUMENTI\sd\sorgenti\bm-sd\estivo\CopiaVariabiligenerali.pas"
"CanaliAria","C:\DOCUMENTI\sd\sorgenti\bm-sd\GLScene\Source\Base\Geometry.pas"
"CanaliAria","C:\DOCUMENTI\sd\sorgenti\bm-sd\GLScene\Source\Base\VectorTypes.pas"
"CanaliAria","C:\DOCUMENTI\sd\sorgenti\bm-sd\utils\Geometria.pas"
"CarichiTermici","C:\DOCUMENTI\bmsistemi\drivep\prjs\cpi win clima\VERSIONE_10\CARICHI\varcarichi.pas"
"CarichiTermici","C:\DOCUMENTI\bmsistemi\drivep\prjs\cpi win clima\VERSIONE_10\CARICHI\Varcarichi_estivo_14.pas"
"CarichiTermici","C:\DOCUMENTI\sd\sorgenti\bm-sd\CANALI\CRT.pas"
"CarichiTermici","C:\DOCUMENTI\sd\sorgenti\bm-sd\CANALI\DOS.pas"
"CarichiTermici","C:\DOCUMENTI\sd\sorgenti\bm-sd\CANALI\Objects.pas"
"CarichiTermici","C:\DOCUMENTI\sd\sorgenti\bm-sd\CANALI\Odialogs.pas"
"CarichiTermici","C:\DOCUMENTI\sd\sorgenti\bm-sd\CANALI\Owindows.pas"
"CarichiTermici","C:\DOCUMENTI\sd\sorgenti\bm-sd\CANALI\UTILS\DEFUTI.PAS"
"CarichiTermici","C:\DOCUMENTI\sd\sorgenti\bm-sd\CANALI\UTILS\INITUTI.PAS"
"CarichiTermici","C:\DOCUMENTI\sd\sorgenti\bm-sd\CANALI\UTILS\MISURE.PAS"
"CarichiTermici","C:\DOCUMENTI\sd\sorgenti\bm-sd\CANALI\UTILS\UTILITIE.PAS"
"CarichiTermici","C:\DOCUMENTI\sd\sorgenti\bm-sd\CANALI\wintypes.pas"
"CarichiTermici","C:\DOCUMENTI\sd\sorgenti\bm-sd\componenti\kbmmem\bdenew\DbTables.pas"
"CarichiTermici","C:\DOCUMENTI\sd\sorgenti\bm-sd\estivo_13\CalcFun.pas"
"CarichiTermici","C:\DOCUMENTI\sd\sorgenti\bm-sd\estivo_13\Compiladcuestivo.dpr"
"CarichiTermici","C:\DOCUMENTI\sd\sorgenti\bm-sd\estivo_13\Compiladcuestivo_14.dpr"
"CarichiTermici","C:\DOCUMENTI\sd\sorgenti\bm-sd\estivo_13\CopiaVariabiligenerali.pas"
"CarichiTermici","C:\DOCUMENTI\sd\sorgenti\bm-sd\estivo_13\DEFINIZ.PAS"
"CarichiTermici","C:\DOCUMENTI\sd\sorgenti\bm-sd\estivo_13\EstivoDLL.dpr"
"CarichiTermici","C:\DOCUMENTI\sd\sorgenti\bm-sd\estivo_13\F1.pas"
"CarichiTermici","C:\DOCUMENTI\sd\sorgenti\bm-sd\estivo_13\F2.pas"
"CarichiTermici","C:\DOCUMENTI\sd\sorgenti\bm-sd\estivo_13\F3.pas"
"CarichiTermici","C:\DOCUMENTI\sd\sorgenti\bm-sd\estivo_13\FASE3CT.PAS"
"CarichiTermici","C:\DOCUMENTI\sd\sorgenti\bm-sd\estivo_13\FASE3DEF.PAS"
"CarichiTermici","C:\DOCUMENTI\sd\sorgenti\bm-sd\estivo_13\fase3din.pas"
"CarichiTermici","C:\DOCUMENTI\sd\sorgenti\bm-sd\estivo_13\FASE3FUN.PAS"
"CarichiTermici","C:\DOCUMENTI\sd\sorgenti\bm-sd\estivo_13\FASE3INV.PAS"
"CarichiTermici","C:\DOCUMENTI\sd\sorgenti\bm-sd\estivo_13\FASE3MAI.PAS"
"CarichiTermici","C:\DOCUMENTI\sd\sorgenti\bm-sd\estivo_13\FASE3POT.PAS"
"CarichiTermici","C:\DOCUMENTI\sd\sorgenti\bm-sd\estivo_13\FASE3UM.PAS"
"CarichiTermici","C:\DOCUMENTI\sd\sorgenti\bm-sd\estivo_13\FASE3UTI.PAS"
"CarichiTermici","C:\DOCUMENTI\sd\sorgenti\bm-sd\estivo_13\funztrasfmuri.pas"
"CarichiTermici","C:\DOCUMENTI\sd\sorgenti\bm-sd\estivo_13\MainForm.pas"
"CarichiTermici","C:\DOCUMENTI\sd\sorgenti\bm-sd\estivo_13\Messaggi.pas"
"CarichiTermici","C:\DOCUMENTI\sd\sorgenti\bm-sd\estivo_13\NuovoProvaEstivo.dpr"
"CarichiTermici","C:\DOCUMENTI\sd\sorgenti\bm-sd\estivo_13\Provaestivo.dpr"
"CarichiTermici","C:\DOCUMENTI\sd\sorgenti\bm-sd\estivo_13\Provapsicro.dpr"
"CarichiTermici","C:\DOCUMENTI\sd\sorgenti\bm-sd\estivo_13\PsicroDia.dpr"
"CarichiTermici","C:\DOCUMENTI\sd\sorgenti\bm-sd\estivo_13\psicrometrico.pas"
"CarichiTermici","C:\DOCUMENTI\sd\sorgenti\bm-sd\estivo_13\ren copiaLibreriaGenerale.pas"
"CarichiTermici","C:\DOCUMENTI\sd\sorgenti\bm-sd\estivo_13\Risultati.pas"
"CarichiTermici","C:\DOCUMENTI\sd\sorgenti\bm-sd\estivo_13\Solare.pas"
"CarichiTermici","C:\DOCUMENTI\sd\sorgenti\bm-sd\estivo_13\STRUTTUR.PAS"
"CarichiTermici","C:\DOCUMENTI\sd\sorgenti\bm-sd\estivo_13\Sun_trace.dpr"
"CarichiTermici","C:\DOCUMENTI\sd\sorgenti\bm-sd\estivo_13\TAB31.Pas"
"CarichiTermici","C:\DOCUMENTI\sd\sorgenti\bm-sd\estivo_13\TAB32.Pas"
"CarichiTermici","C:\DOCUMENTI\sd\sorgenti\bm-sd\estivo_13\TAB33.Pas"
"CarichiTermici","C:\DOCUMENTI\sd\sorgenti\bm-sd\estivo_13\toted.pas"
"CarichiTermici","C:\DOCUMENTI\sd\sorgenti\bm-sd\estivo_13\UCompiladcuestivo.pas"
"CarichiTermici","C:\DOCUMENTI\sd\sorgenti\bm-sd\estivo_13\Ucopiarebuli.pas"
"CarichiTermici","C:\DOCUMENTI\sd\sorgenti\bm-sd\estivo_13\UProvaestivo.pas"
"CarichiTermici","C:\DOCUMENTI\sd\sorgenti\bm-sd\estivo_13\UProvapsicro.pas"
"CarichiTermici","C:\DOCUMENTI\sd\sorgenti\bm-sd\estivo_13\UTabellare.pas"
"CarichiTermici","C:\DOCUMENTI\sd\sorgenti\bm-sd\estivo_13\Varcarichicancellato.pas"
"CarichiTermici","C:\DOCUMENTI\sd\sorgenti\bm-sd\estivo_13\vecchiocalcoli.pas"
"CarichiTermici","C:\DOCUMENTI\sd\sorgenti\bm-sd\estivo_13\warning.pas"
"CarichiTermici","C:\DOCUMENTI\sd\sorgenti\bm-sd\GENERA\Rebuli modificato CAD\UDati.pas"
"CarichiTermici","C:\DOCUMENTI\sd\sorgenti\bm-sd\GENERA\Rebuli modificato CAD\UMaskgen.pas"
"CarichiTermici","C:\DOCUMENTI\sd\sorgenti\bm-sd\Sun-Trace\Main_suntrace.pas"
"CarichiTermici","C:\DOCUMENTI\sd\sorgenti\bm-sd\Sun-Trace\Varcarichi.pas"
"Tubazioni","C:\DOCUMENTI\bmsistemi\drivepsviluppo\Comp\Source\UNIT_CONDIVISE\BMEureka.pas"
"Tubazioni","C:\DOCUMENTI\bmsistemi\drivepsviluppo\prjs\cpi win clima\versione_10\3D\chiamateOggetti.pas"
"Tubazioni","C:\DOCUMENTI\bmsistemi\drivepsviluppo\prjs\cpi win clima\versione_10\3D\compila_form_database.pas"
"Tubazioni","C:\DOCUMENTI\bmsistemi\drivepsviluppo\prjs\cpi win clima\versione_10\3D\Config_Var.pas"
"Tubazioni","C:\DOCUMENTI\bmsistemi\drivepsviluppo\prjs\cpi win clima\versione_10\3D\CopiaCaricatabelle.pas"
"Tubazioni","C:\DOCUMENTI\bmsistemi\drivepsviluppo\prjs\cpi win clima\versione_10\3D\copialetturadisegno3d.pas"
"Tubazioni","C:\DOCUMENTI\bmsistemi\drivepsviluppo\prjs\cpi win clima\versione_10\3D\copiaUCaricadati.pas"
"Tubazioni","C:\DOCUMENTI\bmsistemi\drivepsviluppo\prjs\cpi win clima\versione_10\3D\CreaDxfEdificio.pas"
"Tubazioni","C:\DOCUMENTI\bmsistemi\drivepsviluppo\prjs\cpi win clima\versione_10\3D\disedificio.pas"
"Tubazioni","C:\DOCUMENTI\bmsistemi\drivepsviluppo\prjs\cpi win clima\versione_10\3D\Fasi_progetto.pas"
"Tubazioni","C:\DOCUMENTI\bmsistemi\drivepsviluppo\prjs\cpi win clima\versione_10\3D\Fconsigli.pas"
"Tubazioni","C:\DOCUMENTI\bmsistemi\drivepsviluppo\prjs\cpi win clima\versione_10\3D\form\Archpers3D.pas"
"Tubazioni","C:\DOCUMENTI\bmsistemi\drivepsviluppo\prjs\cpi win clima\versione_10\3D\form\Cambiaelab.pas"
"Tubazioni","C:\DOCUMENTI\bmsistemi\drivepsviluppo\prjs\cpi win clima\versione_10\3D\form\Carburanti3D.pas"
"Tubazioni","C:\DOCUMENTI\bmsistemi\drivepsviluppo\prjs\cpi win clima\versione_10\3D\form\Conferma3d.pas"
"Tubazioni","C:\DOCUMENTI\bmsistemi\drivepsviluppo\prjs\cpi win clima\versione_10\3D\form\Confineparete3D.pas"
"Tubazioni","C:\DOCUMENTI\bmsistemi\drivepsviluppo\prjs\cpi win clima\versione_10\3D\form\controlla3d.pas"
"Tubazioni","C:\DOCUMENTI\bmsistemi\drivepsviluppo\prjs\cpi win clima\versione_10\3D\form\Edificio3D.pas"
"Tubazioni","C:\DOCUMENTI\bmsistemi\drivepsviluppo\prjs\cpi win clima\versione_10\3D\form\Errori3D.pas"
"Tubazioni","C:\DOCUMENTI\bmsistemi\drivepsviluppo\prjs\cpi win clima\versione_10\3D\form\Falde3D.pas"
"Tubazioni","C:\DOCUMENTI\bmsistemi\drivepsviluppo\prjs\cpi win clima\versione_10\3D\form\filedialog.pas"
"Tubazioni","C:\DOCUMENTI\bmsistemi\drivepsviluppo\prjs\cpi win clima\versione_10\3D\form\Generatore3D.pas"
"Tubazioni","C:\DOCUMENTI\bmsistemi\drivepsviluppo\prjs\cpi win clima\versione_10\3D\form\Generatori3D.pas"
"Tubazioni","C:\DOCUMENTI\bmsistemi\drivepsviluppo\prjs\cpi win clima\versione_10\3D\form\Impianti3D.pas"
"Tubazioni","C:\DOCUMENTI\bmsistemi\drivepsviluppo\prjs\cpi win clima\versione_10\3D\form\Piani3d.pas"
"Tubazioni","C:\DOCUMENTI\bmsistemi\drivepsviluppo\prjs\cpi win clima\versione_10\3D\form\prova.pas"
"Tubazioni","C:\DOCUMENTI\bmsistemi\drivepsviluppo\prjs\cpi win clima\versione_10\3D\form\Reti3D.pas"
"Tubazioni","C:\DOCUMENTI\bmsistemi\drivepsviluppo\prjs\cpi win clima\versione_10\3D\form\Selectdir.pas"
"Tubazioni","C:\DOCUMENTI\bmsistemi\drivepsviluppo\prjs\cpi win clima\versione_10\3D\form\Terminali3d.pas"
"Tubazioni","C:\DOCUMENTI\bmsistemi\drivepsviluppo\prjs\cpi win clima\versione_10\3D\form\tipirete.pas"
"Tubazioni","C:\DOCUMENTI\bmsistemi\drivepsviluppo\prjs\cpi win clima\versione_10\3D\form\tratti_rete3d.pas"
"Tubazioni","C:\DOCUMENTI\bmsistemi\drivepsviluppo\prjs\cpi win clima\versione_10\3D\form\Zone3D.pas"
"Tubazioni","C:\DOCUMENTI\bmsistemi\drivepsviluppo\prjs\cpi win clima\versione_10\3D\Funz_reti.pas"
"Tubazioni","C:\DOCUMENTI\bmsistemi\drivepsviluppo\prjs\cpi win clima\versione_10\3D\GestDim.pas"
"Tubazioni","C:\DOCUMENTI\bmsistemi\drivepsviluppo\prjs\cpi win clima\versione_10\3D\gesterrori.pas"
"Tubazioni","C:\DOCUMENTI\bmsistemi\drivepsviluppo\prjs\cpi win clima\versione_10\3D\gestione_dati.pas"
"Tubazioni","C:\DOCUMENTI\bmsistemi\drivepsviluppo\prjs\cpi win clima\versione_10\3D\grafica2d.pas"
"Tubazioni","C:\DOCUMENTI\bmsistemi\drivepsviluppo\prjs\cpi win clima\versione_10\3D\Init_cad3D.pas"
"Tubazioni","C:\DOCUMENTI\bmsistemi\drivepsviluppo\prjs\cpi win clima\versione_10\3D\init_l10.pas"
"Tubazioni","C:\DOCUMENTI\bmsistemi\drivepsviluppo\prjs\cpi win clima\versione_10\3D\InitEstivo.pas"
"Tubazioni","C:\DOCUMENTI\bmsistemi\drivepsviluppo\prjs\cpi win clima\versione_10\3D\Inport_climaenergia.pas"
"Tubazioni","C:\DOCUMENTI\bmsistemi\drivepsviluppo\prjs\cpi win clima\versione_10\3D\leggidxf.pas"
"Tubazioni","C:\DOCUMENTI\bmsistemi\drivepsviluppo\prjs\cpi win clima\versione_10\3D\LetturaInMemoria.pas"
"Tubazioni","C:\DOCUMENTI\bmsistemi\drivepsviluppo\prjs\cpi win clima\versione_10\3D\Log.pas"
"Tubazioni","C:\DOCUMENTI\bmsistemi\drivepsviluppo\prjs\cpi win clima\versione_10\3D\Mess_reti.pas"
"Tubazioni","C:\DOCUMENTI\bmsistemi\drivepsviluppo\prjs\cpi win clima\versione_10\3D\progress3D.pas"
"Tubazioni","C:\DOCUMENTI\bmsistemi\drivepsviluppo\prjs\cpi win clima\versione_10\3D\Secondario.pas"
"Tubazioni","C:\DOCUMENTI\bmsistemi\drivepsviluppo\prjs\cpi win clima\versione_10\3D\setta_config_User.pas"
"Tubazioni","C:\DOCUMENTI\bmsistemi\drivepsviluppo\prjs\cpi win clima\versione_10\3D\temp\semplificate\colore_pareti.pas"
"Tubazioni","C:\DOCUMENTI\bmsistemi\drivepsviluppo\prjs\cpi win clima\versione_10\3D\Tool_visualizza3d.pas"
"Tubazioni","C:\DOCUMENTI\bmsistemi\drivepsviluppo\prjs\cpi win clima\versione_10\3D\U3dsd.pas"
"Tubazioni","C:\DOCUMENTI\bmsistemi\drivepsviluppo\prjs\cpi win clima\versione_10\3D\U3dsdridotto.pas"
"Tubazioni","C:\DOCUMENTI\bmsistemi\drivepsviluppo\prjs\cpi win clima\versione_10\3D\Ugest_cad.pas"
"Tubazioni","C:\DOCUMENTI\bmsistemi\drivepsviluppo\prjs\cpi win clima\versione_10\3D\UinitGeneral.pas"
"Tubazioni","C:\DOCUMENTI\bmsistemi\drivepsviluppo\prjs\cpi win clima\versione_10\3D\UnitCompilaDatiZona.pas"
"Tubazioni","C:\DOCUMENTI\bmsistemi\drivepsviluppo\prjs\cpi win clima\versione_10\3D\visreportlocali.pas"
"Tubazioni","C:\DOCUMENTI\bmsistemi\drivepsviluppo\prjs\cpi win clima\versione_10\allineamento emanuela\CodiciEstivo\Versione_10\CARICHI\calcoli\estivo\copiaLibreriaGenerale.pas"
"Tubazioni","C:\DOCUMENTI\bmsistemi\drivepsviluppo\prjs\cpi win clima\versione_10\CARICHI\calcoli\estivo\Caricamento.pas"
"Tubazioni","C:\DOCUMENTI\bmsistemi\drivepsviluppo\prjs\cpi win clima\versione_10\CARICHI\calcoli\estivo\Diagramma.pas"
"Tubazioni","C:\DOCUMENTI\bmsistemi\drivepsviluppo\prjs\cpi win clima\versione_10\CARICHI\calcoli\estivo\Esegui_estivo.pas"
"Tubazioni","C:\DOCUMENTI\bmsistemi\drivepsviluppo\prjs\cpi win clima\versione_10\CARICHI\calcoli\estivo\urisultestivo.pas"
"Tubazioni","C:\DOCUMENTI\bmsistemi\drivepsviluppo\prjs\cpi win clima\versione_10\CARICHI\calcoli\Legge10\calccd.pas"
"Tubazioni","C:\DOCUMENTI\bmsistemi\drivepsviluppo\prjs\cpi win clima\versione_10\CARICHI\calcoli\Legge10\calcHg.pas"
"Tubazioni","C:\DOCUMENTI\bmsistemi\drivepsviluppo\prjs\cpi win clima\versione_10\CARICHI\calcoli\Legge10\Calcl10.pas"
"Tubazioni","C:\DOCUMENTI\bmsistemi\drivepsviluppo\prjs\cpi win clima\versione_10\CARICHI\calcoli\Legge10\calcvent.pas"
"Tubazioni","C:\DOCUMENTI\bmsistemi\drivepsviluppo\prjs\cpi win clima\versione_10\CARICHI\calcoli\Legge10\CalkAll.pas"
"Tubazioni","C:\DOCUMENTI\bmsistemi\drivepsviluppo\prjs\cpi win clima\versione_10\CARICHI\calcoli\Legge10\Forms_12\Carburanti.pas"
"Tubazioni","C:\DOCUMENTI\bmsistemi\drivepsviluppo\prjs\cpi win clima\versione_10\CARICHI\calcoli\Legge10\Forms_12\FMessValLim.pas"
"Tubazioni","C:\DOCUMENTI\bmsistemi\drivepsviluppo\prjs\cpi win clima\versione_10\CARICHI\calcoli\Legge10\Forms_12\FMessValLim3.pas"
"Tubazioni","C:\DOCUMENTI\bmsistemi\drivepsviluppo\prjs\cpi win clima\versione_10\CARICHI\calcoli\Legge10\Forms_12\Risparmio.pas"
"Tubazioni","C:\DOCUMENTI\bmsistemi\drivepsviluppo\prjs\cpi win clima\versione_10\CARICHI\calcoli\Legge10\Forms_12\UFormL10.pas"
"Tubazioni","C:\DOCUMENTI\bmsistemi\drivepsviluppo\prjs\cpi win clima\versione_10\CARICHI\calcoli\Legge10\Forms_12\UVerifFinestre.pas"
"Tubazioni","C:\DOCUMENTI\bmsistemi\drivepsviluppo\prjs\cpi win clima\versione_10\CARICHI\calcoli\Legge10\Forms_12\UVerifPareti.pas"
"Tubazioni","C:\DOCUMENTI\bmsistemi\drivepsviluppo\prjs\cpi win clima\versione_10\CARICHI\calcoli\Legge10\FunzProc1.pas"
"Tubazioni","C:\DOCUMENTI\bmsistemi\drivepsviluppo\prjs\cpi win clima\versione_10\CARICHI\calcoli\Legge10\metod10.pas"
"Tubazioni","C:\DOCUMENTI\bmsistemi\drivepsviluppo\prjs\cpi win clima\versione_10\CARICHI\calcoli\Legge10\metodl10.pas"
"Tubazioni","C:\DOCUMENTI\bmsistemi\drivepsviluppo\prjs\cpi win clima\versione_10\CARICHI\calcoli\Legge10\procle10.pas"
"Tubazioni","C:\DOCUMENTI\bmsistemi\drivepsviluppo\prjs\cpi win clima\versione_10\CARICHI\calcoli\Legge10\procle11.pas"
"Tubazioni","C:\DOCUMENTI\bmsistemi\drivepsviluppo\prjs\cpi win clima\versione_10\CARICHI\calcoli\Legge10\procle13.pas"
"Tubazioni","C:\DOCUMENTI\bmsistemi\drivepsviluppo\prjs\cpi win clima\versione_10\CARICHI\calcoli\Legge10\Terreno.pas"
"Tubazioni","C:\DOCUMENTI\bmsistemi\drivepsviluppo\prjs\cpi win clima\versione_10\CARICHI\calcoli\Legge10\uFunzioniLegge10.pas"
"Tubazioni","C:\DOCUMENTI\bmsistemi\drivepsviluppo\prjs\cpi win clima\versione_10\CARICHI\calcoli\Legge10\UInizializza.pas"
"Tubazioni","C:\DOCUMENTI\bmsistemi\drivepsviluppo\prjs\cpi win clima\versione_10\CARICHI\calcoli\Legge10\UmainL10.pas"
"Tubazioni","C:\DOCUMENTI\bmsistemi\drivepsviluppo\prjs\cpi win clima\versione_10\CARICHI\calcoli\Legge10\Uvariabili.pas"
"Tubazioni","C:\DOCUMENTI\bmsistemi\drivepsviluppo\prjs\cpi win clima\versione_10\CARICHI\database\Udb.pas"
"Tubazioni","C:\DOCUMENTI\bmsistemi\drivepsviluppo\prjs\cpi win clima\versione_10\CARICHI\Gestionelettura.pas"
"Tubazioni","C:\DOCUMENTI\bmsistemi\drivepsviluppo\prjs\cpi win clima\versione_10\CARICHI\letturaDisegno.pas"
"Tubazioni","C:\DOCUMENTI\bmsistemi\drivepsviluppo\prjs\cpi win clima\versione_10\CARICHI\tamponamenti\Calcolo.pas"
"Tubazioni","C:\DOCUMENTI\bmsistemi\drivepsviluppo\prjs\cpi win clima\versione_10\CARICHI\tamponamenti\Coefficienti.pas"
"Tubazioni","C:\DOCUMENTI\bmsistemi\drivepsviluppo\prjs\cpi win clima\versione_10\CARICHI\tamponamenti\UarchMat.pas"
"Tubazioni","C:\DOCUMENTI\bmsistemi\drivepsviluppo\prjs\cpi win clima\versione_10\CARICHI\tamponamenti\Udisegnafinestra.pas"
"Tubazioni","C:\DOCUMENTI\bmsistemi\drivepsviluppo\prjs\cpi win clima\versione_10\CARICHI\tamponamenti\UGraficoigro.pas"
"Tubazioni","C:\DOCUMENTI\bmsistemi\drivepsviluppo\prjs\cpi win clima\versione_10\CARICHI\tamponamenti\usolomuri.pas"
"Tubazioni","C:\DOCUMENTI\bmsistemi\drivepsviluppo\prjs\cpi win clima\versione_10\CARICHI\tamponamenti\UVariabiliPareti.pas"
"Tubazioni","C:\DOCUMENTI\bmsistemi\drivepsviluppo\prjs\cpi win clima\versione_10\CARICHI\tamponamenti\Wizardusolomuri.pas"
"Tubazioni","C:\DOCUMENTI\bmsistemi\drivepsviluppo\prjs\cpi win clima\versione_10\CARICHI\Ucaricatabelle.pas"
"Tubazioni","C:\DOCUMENTI\bmsistemi\drivepsviluppo\prjs\cpi win clima\versione_10\CARICHI\Ulettura.pas"
"Tubazioni","C:\DOCUMENTI\bmsistemi\drivepsviluppo\prjs\cpi win clima\versione_10\CARICHI\UMessaggiCarichi.pas"
"Tubazioni","C:\DOCUMENTI\bmsistemi\drivepsviluppo\prjs\cpi win clima\versione_10\CARICHI\varcarichi.pas"
"Tubazioni","C:\DOCUMENTI\bmsistemi\drivepsviluppo\prjs\cpi win clima\versione_10\CARICHI\Varcarichi_estivo_14.pas"
"Tubazioni","C:\DOCUMENTI\bmsistemi\drivepsviluppo\prjs\cpi win clima\versione_10\ChiamateDLL\HeaderDllTermico.pas"
"Tubazioni","C:\DOCUMENTI\bmsistemi\drivepsviluppo\prjs\cpi win clima\versione_10\ChiamateDLL\Messaggio.pas"
"Tubazioni","C:\DOCUMENTI\bmsistemi\drivepsviluppo\prjs\cpi win clima\versione_10\ChiamateDLL\Uchiamatedll.pas"
"Tubazioni","C:\DOCUMENTI\bmsistemi\drivepsviluppo\prjs\cpi win clima\versione_10\comuni\GestioneGrafico.pas"
"Tubazioni","C:\DOCUMENTI\bmsistemi\drivepsviluppo\prjs\cpi win clima\versione_10\comuni\Grafica\AggAttrDXF.pas"
"Tubazioni","C:\DOCUMENTI\bmsistemi\drivepsviluppo\prjs\cpi win clima\versione_10\comuni\Grafica\dxf_in_out.pas"
"Tubazioni","C:\DOCUMENTI\bmsistemi\drivepsviluppo\prjs\cpi win clima\versione_10\comuni\Grafica\Grafica.pas"
"Tubazioni","C:\DOCUMENTI\bmsistemi\drivepsviluppo\prjs\cpi win clima\versione_10\comuni\Grafica\InterfDXF.pas"
"Tubazioni","C:\DOCUMENTI\bmsistemi\drivepsviluppo\prjs\cpi win clima\versione_10\comuni\Grafica\Leggidxf.pas"
"Tubazioni","C:\DOCUMENTI\bmsistemi\drivepsviluppo\prjs\cpi win clima\versione_10\comuni\libreriagenerale.pas"
"Tubazioni","C:\DOCUMENTI\bmsistemi\drivepsviluppo\prjs\cpi win clima\versione_10\comuni\report\UFileLog.pas"
"Tubazioni","C:\DOCUMENTI\bmsistemi\drivepsviluppo\prjs\cpi win clima\versione_10\comuni\report\Utireport.pas"
"Tubazioni","C:\DOCUMENTI\bmsistemi\drivepsviluppo\prjs\cpi win clima\versione_10\comuni\Tutor\UtilityGestioneTutor.pas"
"Tubazioni","C:\DOCUMENTI\bmsistemi\drivepsviluppo\prjs\cpi win clima\versione_10\comuni\Ustatistica.pas"
"Tubazioni","C:\DOCUMENTI\bmsistemi\drivepsviluppo\prjs\cpi win clima\versione_10\comuni\Uti_term.pas"
"Tubazioni","C:\DOCUMENTI\bmsistemi\drivepsviluppo\prjs\cpi win clima\versione_10\comuni\VariabiliGenerali.pas"
"Tubazioni","C:\DOCUMENTI\bmsistemi\drivepsviluppo\prjs\cpi win clima\versione_10\DllPrincipaleTermico\forms\Tool_visualizza.pas"
"Tubazioni","C:\DOCUMENTI\bmsistemi\drivepsviluppo\prjs\cpi win clima\versione_10\libreriedatabase\Funzudbt.pas"
"Tubazioni","C:\DOCUMENTI\bmsistemi\drivepsviluppo\prjs\cpi win clima\versione_10\libreriedatabase\gestudb.pas"
"Tubazioni","C:\DOCUMENTI\bmsistemi\drivepsviluppo\prjs\cpi win clima\versione_10\libreriedatabase\Init_puntatori.pas"
"Tubazioni","C:\DOCUMENTI\bmsistemi\drivepsviluppo\prjs\cpi win clima\versione_10\libreriedatabase\SceltaA.pas"
"Tubazioni","C:\DOCUMENTI\bmsistemi\drivepsviluppo\prjs\cpi win clima\versione_10\libreriedatabase\UCompilaForm.pas"
"Tubazioni","C:\DOCUMENTI\bmsistemi\drivepsviluppo\prjs\cpi win clima\versione_10\libreriedatabase\UOpen_fileMulti.pas"
"Tubazioni","C:\DOCUMENTI\bmsistemi\drivepsviluppo\prjs\cpi win clima\versione_10\Tubi\Angoli.pas"
"Tubazioni","C:\DOCUMENTI\bmsistemi\drivepsviluppo\prjs\cpi win clima\versione_10\Tubi\Calcolo_analitico_pannelli.pas"
"Tubazioni","C:\DOCUMENTI\bmsistemi\drivepsviluppo\prjs\cpi win clima\versione_10\Tubi\Calcolo_Tubi.pas"
"Tubazioni","C:\DOCUMENTI\bmsistemi\drivepsviluppo\prjs\cpi win clima\versione_10\Tubi\CalcTubiDll.dpr"
"Tubazioni","C:\DOCUMENTI\bmsistemi\drivepsviluppo\prjs\cpi win clima\versione_10\Tubi\collettori.pas"
"Tubazioni","C:\DOCUMENTI\bmsistemi\drivepsviluppo\prjs\cpi win clima\versione_10\Tubi\CONTROLL.pas"
"Tubazioni","C:\DOCUMENTI\bmsistemi\drivepsviluppo\prjs\cpi win clima\versione_10\Tubi\DATICAD.pas"
"Tubazioni","C:\DOCUMENTI\bmsistemi\drivepsviluppo\prjs\cpi win clima\versione_10\Tubi\DATITUBI.PAS"
"Tubazioni","C:\DOCUMENTI\bmsistemi\drivepsviluppo\prjs\cpi win clima\versione_10\Tubi\definiz.pas"
"Tubazioni","C:\DOCUMENTI\bmsistemi\drivepsviluppo\prjs\cpi win clima\versione_10\Tubi\EQUIL.PAS"
"Tubazioni","C:\DOCUMENTI\bmsistemi\drivepsviluppo\prjs\cpi win clima\versione_10\Tubi\esplodigrafo.pas"
"Tubazioni","C:\DOCUMENTI\bmsistemi\drivepsviluppo\prjs\cpi win clima\versione_10\Tubi\impterm.pas"
"Tubazioni","C:\DOCUMENTI\bmsistemi\drivepsviluppo\prjs\cpi win clima\versione_10\Tubi\INIT_TUB.PAS"
"Tubazioni","C:\DOCUMENTI\bmsistemi\drivepsviluppo\prjs\cpi win clima\versione_10\Tubi\InitPunt_Tubi.pas"
"Tubazioni","C:\DOCUMENTI\bmsistemi\drivepsviluppo\prjs\cpi win clima\versione_10\Tubi\Interf3d_reti.pas"
"Tubazioni","C:\DOCUMENTI\bmsistemi\drivepsviluppo\prjs\cpi win clima\versione_10\Tubi\inters1_inpterm.pas"
"Tubazioni","C:\DOCUMENTI\bmsistemi\drivepsviluppo\prjs\cpi win clima\versione_10\Tubi\iotubi.pas"
"Tubazioni","C:\DOCUMENTI\bmsistemi\drivepsviluppo\prjs\cpi win clima\versione_10\Tubi\LOAD.PAS"
"Tubazioni","C:\DOCUMENTI\bmsistemi\drivepsviluppo\prjs\cpi win clima\versione_10\Tubi\m_dtubivar.pas"
"Tubazioni","C:\DOCUMENTI\bmsistemi\drivepsviluppo\prjs\cpi win clima\versione_10\Tubi\oldstampe.pas"
"Tubazioni","C:\DOCUMENTI\bmsistemi\drivepsviluppo\prjs\cpi win clima\versione_10\Tubi\OutDXFBM.pas"
"Tubazioni","C:\DOCUMENTI\bmsistemi\drivepsviluppo\prjs\cpi win clima\versione_10\Tubi\Pannelli.pas"
"Tubazioni","C:\DOCUMENTI\bmsistemi\drivepsviluppo\prjs\cpi win clima\versione_10\Tubi\PERDCONC.PAS"
"Tubazioni","C:\DOCUMENTI\bmsistemi\drivepsviluppo\prjs\cpi win clima\versione_10\Tubi\PUtilityzeta.dpr"
"Tubazioni","C:\DOCUMENTI\bmsistemi\drivepsviluppo\prjs\cpi win clima\versione_10\Tubi\RITORNO.PAS"
"Tubazioni","C:\DOCUMENTI\bmsistemi\drivepsviluppo\prjs\cpi win clima\versione_10\Tubi\RITORNODXF 19-11-2010.pas"
"Tubazioni","C:\DOCUMENTI\bmsistemi\drivepsviluppo\prjs\cpi win clima\versione_10\Tubi\RITORNODXF.pas"
"Tubazioni","C:\DOCUMENTI\bmsistemi\drivepsviluppo\prjs\cpi win clima\versione_10\Tubi\spirali vecchio.pas"
"Tubazioni","C:\DOCUMENTI\bmsistemi\drivepsviluppo\prjs\cpi win clima\versione_10\Tubi\spirali.pas"
"Tubazioni","C:\DOCUMENTI\bmsistemi\drivepsviluppo\prjs\cpi win clima\versione_10\Tubi\stampa1.pas"
"Tubazioni","C:\DOCUMENTI\bmsistemi\drivepsviluppo\prjs\cpi win clima\versione_10\Tubi\stampa2.pas"
"Tubazioni","C:\DOCUMENTI\bmsistemi\drivepsviluppo\prjs\cpi win clima\versione_10\Tubi\STAMPA3.PAS"
"Tubazioni","C:\DOCUMENTI\bmsistemi\drivepsviluppo\prjs\cpi win clima\versione_10\Tubi\STAMPA4.PAS"
"Tubazioni","C:\DOCUMENTI\bmsistemi\drivepsviluppo\prjs\cpi win clima\versione_10\Tubi\stvar.pas"
"Tubazioni","C:\DOCUMENTI\bmsistemi\drivepsviluppo\prjs\cpi win clima\versione_10\Tubi\UGrafoDXF.pas"
"Tubazioni","C:\DOCUMENTI\bmsistemi\drivepsviluppo\prjs\cpi win clima\versione_10\Tubi\Uleggitxt.pas"
"Tubazioni","C:\DOCUMENTI\bmsistemi\drivepsviluppo\prjs\cpi win clima\versione_10\Tubi\UMain_CalcTubi.pas"
"Tubazioni","C:\DOCUMENTI\bmsistemi\drivepsviluppo\prjs\cpi win clima\versione_10\Tubi\UProvatubi.pas"
"Tubazioni","C:\DOCUMENTI\bmsistemi\drivepsviluppo\prjs\cpi win clima\versione_10\Tubi\UStampe.pas"
"Tubazioni","C:\DOCUMENTI\bmsistemi\drivepsviluppo\prjs\cpi win clima\versione_10\Tubi\UTI_CALC.PAS"
"Tubazioni","C:\DOCUMENTI\bmsistemi\drivepsviluppo\prjs\cpi win clima\versione_10\Tubi\UtilityZeta.pas"
"Tubazioni","C:\DOCUMENTI\bmsistemi\drivepsviluppo\prjs\cpi win clima\versione_10\Tubi\UUtigen.pas"
"Tubazioni","C:\DOCUMENTI\bmsistemi\drivepsviluppo\prjs\cpi win clima\versione_10\Tubi\Varcarichi_V13.pas"
"Tubazioni","C:\DOCUMENTI\sd\sorgenti\bm-sd\3dsd\variabili3d.pas"
"Tubazioni","C:\DOCUMENTI\sd\sorgenti\bm-sd\3dsd\Volumi.pas"
"Tubazioni","C:\DOCUMENTI\sd\sorgenti\bm-sd\CANALI\ANGOLI.PAS"
"Tubazioni","C:\DOCUMENTI\sd\sorgenti\bm-sd\CANALI\CalcoloCanali.pas"
"Tubazioni","C:\DOCUMENTI\sd\sorgenti\bm-sd\CANALI\CopiaTabelle.pas"
"Tubazioni","C:\DOCUMENTI\sd\sorgenti\bm-sd\CANALI\CRDUMMY.PAS"
"Tubazioni","C:\DOCUMENTI\sd\sorgenti\bm-sd\CANALI\CRT.pas"
"Tubazioni","C:\DOCUMENTI\sd\sorgenti\bm-sd\CANALI\definizcan.pas"
"Tubazioni","C:\DOCUMENTI\sd\sorgenti\bm-sd\CANALI\DEFUTI.pas"
"Tubazioni","C:\DOCUMENTI\sd\sorgenti\bm-sd\CANALI\DEMO.PAS"
"Tubazioni","C:\DOCUMENTI\sd\sorgenti\bm-sd\CANALI\dimens.pas"
"Tubazioni","C:\DOCUMENTI\sd\sorgenti\bm-sd\CANALI\disperrori.pas"
"Tubazioni","C:\DOCUMENTI\sd\sorgenti\bm-sd\CANALI\DOS.pas"
"Tubazioni","C:\DOCUMENTI\sd\sorgenti\bm-sd\CANALI\dummyfunction.pas"
"Tubazioni","C:\DOCUMENTI\sd\sorgenti\bm-sd\CANALI\ESISTE.PAS"
"Tubazioni","C:\DOCUMENTI\sd\sorgenti\bm-sd\CANALI\FUNZBASE.PAS"
"Tubazioni","C:\DOCUMENTI\sd\sorgenti\bm-sd\CANALI\funzdim.pas"
"Tubazioni","C:\DOCUMENTI\sd\sorgenti\bm-sd\CANALI\FUNZOVER.PAS"
"Tubazioni","C:\DOCUMENTI\sd\sorgenti\bm-sd\CANALI\Genproccan.pas"
"Tubazioni","C:\DOCUMENTI\sd\sorgenti\bm-sd\CANALI\GLOBFUNZcan.pas"
"Tubazioni","C:\DOCUMENTI\sd\sorgenti\bm-sd\CANALI\IncludiTabelle.pas"
"Tubazioni","C:\DOCUMENTI\sd\sorgenti\bm-sd\CANALI\init_cca.pas"
"Tubazioni","C:\DOCUMENTI\sd\sorgenti\bm-sd\CANALI\INTCR.PAS"
"Tubazioni","C:\DOCUMENTI\sd\sorgenti\bm-sd\CANALI\interf3d.pas"
"Tubazioni","C:\DOCUMENTI\sd\sorgenti\bm-sd\CANALI\ioduct.pas"
"Tubazioni","C:\DOCUMENTI\sd\sorgenti\bm-sd\CANALI\key.pas"
"Tubazioni","C:\DOCUMENTI\sd\sorgenti\bm-sd\CANALI\LOad_d.pas"
"Tubazioni","C:\DOCUMENTI\sd\sorgenti\bm-sd\CANALI\load_p.pas"
"Tubazioni","C:\DOCUMENTI\sd\sorgenti\bm-sd\CANALI\Objects.pas"
"Tubazioni","C:\DOCUMENTI\sd\sorgenti\bm-sd\CANALI\Odialogs.pas"
"Tubazioni","C:\DOCUMENTI\sd\sorgenti\bm-sd\CANALI\Owindows.pas"
"Tubazioni","C:\DOCUMENTI\sd\sorgenti\bm-sd\CANALI\PERCENTO.PAS"
"Tubazioni","C:\DOCUMENTI\sd\sorgenti\bm-sd\CANALI\PEZZI.PAS"
"Tubazioni","C:\DOCUMENTI\sd\sorgenti\bm-sd\CANALI\prgduct.pas"
"Tubazioni","C:\DOCUMENTI\sd\sorgenti\bm-sd\CANALI\Print.pas"
"Tubazioni","C:\DOCUMENTI\sd\sorgenti\bm-sd\CANALI\RuotaSez.pas"
"Tubazioni","C:\DOCUMENTI\sd\sorgenti\bm-sd\CANALI\scritte.pas"
"Tubazioni","C:\DOCUMENTI\sd\sorgenti\bm-sd\CANALI\TEXTC.PAS"
"Tubazioni","C:\DOCUMENTI\sd\sorgenti\bm-sd\CANALI\Turbo3.pas"
"Tubazioni","C:\DOCUMENTI\sd\sorgenti\bm-sd\CANALI\U_05LR.PAS"
"Tubazioni","C:\DOCUMENTI\sd\sorgenti\bm-sd\CANALI\U_079R.PAS"
"Tubazioni","C:\DOCUMENTI\sd\sorgenti\bm-sd\CANALI\U_10RA.PAS"
"Tubazioni","C:\DOCUMENTI\sd\sorgenti\bm-sd\CANALI\U_13CB.PAS"
"Tubazioni","C:\DOCUMENTI\sd\sorgenti\bm-sd\CANALI\U_13RBT.PAS"
"Tubazioni","C:\DOCUMENTI\sd\sorgenti\bm-sd\CANALI\U_15RBT.PAS"
"Tubazioni","C:\DOCUMENTI\sd\sorgenti\bm-sd\CANALI\U_180R.PAS"
"Tubazioni","C:\DOCUMENTI\sd\sorgenti\bm-sd\CANALI\U_271R.PAS"
"Tubazioni","C:\DOCUMENTI\sd\sorgenti\bm-sd\CANALI\U_310F.pas"
"Tubazioni","C:\DOCUMENTI\sd\sorgenti\bm-sd\CANALI\U_31CC.PAS"
"Tubazioni","C:\DOCUMENTI\sd\sorgenti\bm-sd\CANALI\U_362R.PAS"
"Tubazioni","C:\DOCUMENTI\sd\sorgenti\bm-sd\CANALI\U_3710.PAS"
"Tubazioni","C:\DOCUMENTI\sd\sorgenti\bm-sd\CANALI\U_3722.PAS"
"Tubazioni","C:\DOCUMENTI\sd\sorgenti\bm-sd\CANALI\U_3733.pas"
"Tubazioni","C:\DOCUMENTI\sd\sorgenti\bm-sd\CANALI\U_canfst.pas"
"Tubazioni","C:\DOCUMENTI\sd\sorgenti\bm-sd\CANALI\U_cvcan.pas"
"Tubazioni","C:\DOCUMENTI\sd\sorgenti\bm-sd\CANALI\u_cvcan1.pas"
"Tubazioni","C:\DOCUMENTI\sd\sorgenti\bm-sd\CANALI\u_funz.pas"
"Tubazioni","C:\DOCUMENTI\sd\sorgenti\bm-sd\CANALI\U_riduz1.pas"
"Tubazioni","C:\DOCUMENTI\sd\sorgenti\bm-sd\CANALI\U_selc0.pas"
"Tubazioni","C:\DOCUMENTI\sd\sorgenti\bm-sd\CANALI\U_SERRAM.PAS"
"Tubazioni","C:\DOCUMENTI\sd\sorgenti\bm-sd\CANALI\U_SERTER.PAS"
"Tubazioni","C:\DOCUMENTI\sd\sorgenti\bm-sd\CANALI\U_VARPEZZI.pas"
"Tubazioni","C:\DOCUMENTI\sd\sorgenti\bm-sd\CANALI\UCalcolareti.pas"
"Tubazioni","C:\DOCUMENTI\sd\sorgenti\bm-sd\CANALI\UGestpezzi.pas"
"Tubazioni","C:\DOCUMENTI\sd\sorgenti\bm-sd\CANALI\unitcan.pas"
"Tubazioni","C:\DOCUMENTI\sd\sorgenti\bm-sd\CANALI\Utilitie.pas"
"Tubazioni","C:\DOCUMENTI\sd\sorgenti\bm-sd\CANALI\UTILS\DEFUTI.PAS"
"Tubazioni","C:\DOCUMENTI\sd\sorgenti\bm-sd\CANALI\UTILS\INITUTI.PAS"
"Tubazioni","C:\DOCUMENTI\sd\sorgenti\bm-sd\CANALI\UTILS\MISURE.PAS"
"Tubazioni","C:\DOCUMENTI\sd\sorgenti\bm-sd\CANALI\UTILS\UTILITIE.PAS"
"Tubazioni","C:\DOCUMENTI\sd\sorgenti\bm-sd\CANALI\wintypes.pas"
"Tubazioni","C:\DOCUMENTI\sd\sorgenti\bm-sd\CANALI\WM.pas"
"Tubazioni","C:\DOCUMENTI\sd\sorgenti\bm-sd\componenti\kbmmem\bdenew\DbTables.pas"
"Tubazioni","C:\DOCUMENTI\sd\sorgenti\bm-sd\consumi\Miglioramenti.pas"
"Tubazioni","C:\DOCUMENTI\sd\sorgenti\bm-sd\gestioneclienti\chiedilicenza.pas"
"Tubazioni","C:\DOCUMENTI\sd\sorgenti\bm-sd\gestioneclienti\DatiLicenza.pas"
"Tubazioni","C:\DOCUMENTI\sd\sorgenti\bm-sd\gestioneclienti\utility_Mat.pas"
"Tubazioni","C:\DOCUMENTI\sd\sorgenti\bm-sd\librerie_generali\Gest_form.pas"
"Tubazioni","C:\DOCUMENTI\sd\sorgenti\bm-sd\librerie_generali\Utility_dll.pas"
"Tubazioni","C:\DOCUMENTI\sd\sorgenti\bm-sd\projectbrowser\InterfDLL.pas"
"Tubazioni","C:\DOCUMENTI\sd\sorgenti\bm-sd\utils\Geometria.pas"
