"File","Dimensione","SHA256"
"documentazione\DIPENDENZE-NON-RISOLTE.csv","152784","26AD2BBD406D68010C4692C2983D15503454EE26C17B3A793D3786FFD115BFA2"
"documentazione\DIPENDENZE-RISOLTE.csv","36401","3917197A987118D3B6FE69DB2983CD391478F063C1230C4B2AC0DB36D62457C9"
"documentazione\SORGENTI-SELEZIONATI.csv","15874","B22767042E9543E4C86164E55B62C8345A10890BE6126910D90AA6B63BF06B99"
"origine\sd\sorgenti\bm-sd\componenti\kbmmem\bdenew\DbTables.pas","1306","D046A69AE5C4279DD9C0ECCC63E8FB0C6A17F0320D0F39692A94585DEB678A23"
"origine\sd\sorgenti\bm-sd\GENERA\base.dat","1816","35257EDC659256E6CC7DC1EAD2AD50A82D11C3237B257BEAAB4A149FC5F30BB7"
"origine\sd\sorgenti\bm-sd\GENERA\Basetubi.dat","1816","35257EDC659256E6CC7DC1EAD2AD50A82D11C3237B257BEAAB4A149FC5F30BB7"
"origine\sd\sorgenti\bm-sd\GENERA\CompilaLista.pas","263","C88F0A9888EEDC7D83EBBC9EE67BDE42D79AD369527E3CD48C2112B24B6D866B"
"origine\sd\sorgenti\bm-sd\GENERA\Creadb.pas","382","E95A875C4FE0B0304618694939884F25AE3003839B27E4E35421BC1AF3657557"
"origine\sd\sorgenti\bm-sd\GENERA\DataIn.pas","4680","B696FD55F983BD18C3157BB89E30A884B8B0B581D00E7792BF05D28AF01A5500"
"origine\sd\sorgenti\bm-sd\GENERA\DataIn1.pas","2472","605895ED8F47B454201A21FB19613B1203C039BE9D11B234AD08BE1CDEF0BBBD"
"origine\sd\sorgenti\bm-sd\GENERA\DataLink.pas","8709","BA41F804EF8D12A30770F2901512943BA5A92E69B95F0F9C19F1D881617B9A0F"
"origine\sd\sorgenti\bm-sd\GENERA\DataOut.pas","4322","A865F99A3DDFB847F02D5344F765B0C649B362F807A4777C7F238999E8C56AAA"
"origine\sd\sorgenti\bm-sd\GENERA\DataOut1.pas","2531","A5B608E01903239DE60148AAFCE7D966436A74352FE20EF2C6099F29DE4995C2"
"origine\sd\sorgenti\bm-sd\GENERA\Diametri.DB","2048","9B9EE52B60F61EA3E940D5FFB43B1B8A9BE3FAA9132C9A8A1054D4E22AD35754"
"origine\sd\sorgenti\bm-sd\GENERA\Diametri.PX","2048","0F4D1F2D240450F9C3C405615D05BB7013789F493297694E1052E7F59AA4B2B1"
"origine\sd\sorgenti\bm-sd\GENERA\Diametri.XG0","2048","F338E69292C03B4873DA5887CC2D79E447DCB3537C1217E8AE092B2D5C5F0242"
"origine\sd\sorgenti\bm-sd\GENERA\Diametri.YG0","2048","BE49BB435463A736946DE1F3B3561134F02AC735A491A37844535B3103EAE36F"
"origine\sd\sorgenti\bm-sd\GENERA\DispPun.pas","174","346AE3387716709F225763C7422C18DC4ADBED1F72EF82024023944333ADE112"
"origine\sd\sorgenti\bm-sd\GENERA\distribuzione\Associata_vuota.pas","41","353321B79A1EB3380B2404312822E4CD0389F34246B5D75B7996AB96C8D8236B"
"origine\sd\sorgenti\bm-sd\GENERA\distribuzione\calcolo.pas","238","EB666D9897E1FDE2D775DD1CBB13B5701CC7B401169AC8B6E617A05DDD836622"
"origine\sd\sorgenti\bm-sd\GENERA\distribuzione\calcolo_nomeprogetto.pas","67","3F39B1C13E95CB18986BC1F065D7AB8DF38B1C965006BD88BFDEEAE02B29724A"
"origine\sd\sorgenti\bm-sd\GENERA\distribuzione\Configurazione Projectbrower.txt","59","37030AE3395ADE924C776B1EB03EA39571615706D7CD247DEDAE951B6638B933"
"origine\sd\sorgenti\bm-sd\GENERA\distribuzione\Database\Campi.Db","18432","FFA40FDAEFF921B70306A386E9F3FE4E3637B8FA46A470310FF0960BB65D2F3F"
"origine\sd\sorgenti\bm-sd\GENERA\distribuzione\Database\Campi.PX","4096","1CFD65FB1995DB01D61FB3C0819E0A415706CE3EF7D83A367F3EA7C7D7DD7CFD"
"origine\sd\sorgenti\bm-sd\GENERA\distribuzione\Database\Campi.XG0","18432","2ECA7F5323266B24342EA883CED3BB9A1998B51B609199183811CA789CDFD087"
"origine\sd\sorgenti\bm-sd\GENERA\distribuzione\Database\Campi.YG0","4096","80269516BF93EFFA1B275E88EE0D6008F9DDAB691C9E4D81C43CE1B21FA18D7C"
"origine\sd\sorgenti\bm-sd\GENERA\distribuzione\Database\Rec.Db","4096","7219E0295078986CA3AE1E5D321AEA565B7F0349BE62C93517B431A275F0512F"
"origine\sd\sorgenti\bm-sd\GENERA\distribuzione\Database\Rec.PX","4096","F36D8D0FF37F6C3E1673A0B2FB55BD296B211198F191E9CD15A8A08D3B190F47"
"origine\sd\sorgenti\bm-sd\GENERA\distribuzione\dcu\gest_form.dfm","6693","1926CB67EB6AB6C5E6C55A0F91D9A443776A7D996EB720A6BC0F732F69EF13D4"
"origine\sd\sorgenti\bm-sd\GENERA\distribuzione\Filtri_DB.pas","0","E3B0C44298FC1C149AFBF4C8996FB92427AE41E4649B934CA495991B7852B855"
"origine\sd\sorgenti\bm-sd\GENERA\distribuzione\Gestione_Nomedatabase.ddp","51","8B69BBBD2D66C190368104AE96EFCE2329D3543372DBD7B89EC393068519526C"
"origine\sd\sorgenti\bm-sd\GENERA\distribuzione\Gestione_Nomedatabase.dfm","1733","DF1447A1C0AE790320D73BC968E8A017C0202BFCAA3C88E1C2A38B8FC811B295"
"origine\sd\sorgenti\bm-sd\GENERA\distribuzione\Gestione_Nomedatabase.pas","981","62FB48D42CD6DE7CC50442E0452623E3D3783B08057D92635DDFE336692EE36B"
"origine\sd\sorgenti\bm-sd\GENERA\distribuzione\Gestionedati.cfg","929","4DD2E015B35A3F48DECABFB4B832A240BE2198999A68C9E860DABF27837EE5C5"
"origine\sd\sorgenti\bm-sd\GENERA\distribuzione\Gestionedati.dof","18681","58A3741CC91D666467CE5AA38CFA7B82C33EA7BD7AF8870FFC9E5B16F8385040"
"origine\sd\sorgenti\bm-sd\GENERA\distribuzione\Gestionedati.dpr","278","0DCB24F56F48C832458DDDADA56D81EE4448998C83388649228CECFF46C46504"
"origine\sd\sorgenti\bm-sd\GENERA\distribuzione\Gestionedati.res","876","B85196D4693472C4A5BF54AFA5C12A3DE459C6B0C4BEE069249532F43FE88C03"
"origine\sd\sorgenti\bm-sd\GENERA\distribuzione\Infogen.pas","0","E3B0C44298FC1C149AFBF4C8996FB92427AE41E4649B934CA495991B7852B855"
"origine\sd\sorgenti\bm-sd\GENERA\distribuzione\libreriedatabase\FReal.pas","110","D9A22061D7EDF776188D62EC302188700FCBE58BE36ABE4C14C9EAB8C9EB1E44"
"origine\sd\sorgenti\bm-sd\GENERA\distribuzione\libreriedatabase\Funzudbt.pas","333","D98786CDA23F5064A99D03E727BC3CBB5B46F510D490F7DC7B03C2BC2D4DE0CF"
"origine\sd\sorgenti\bm-sd\GENERA\distribuzione\libreriedatabase\GestArchivi.pas","58","1CCCA6776DB41DF8559E007C39647D0536A3A0B4E4F9DB18C74ACFEC55117E0D"
"origine\sd\sorgenti\bm-sd\GENERA\distribuzione\libreriedatabase\gestudb.pas","1956","83C6CCF3450511D5C2C14F57A4095740AFC58DD7256C4A1E8F04D0B66B38D7D7"
"origine\sd\sorgenti\bm-sd\GENERA\distribuzione\libreriedatabase\Init_puntatori.pas","114","172385A6C48AEF62CCB11B2CFE877EE51BE863F005A554E4FB6E0E05141A0A0B"
"origine\sd\sorgenti\bm-sd\GENERA\distribuzione\libreriedatabase\inmemoria\Udb.ddp","51","8B69BBBD2D66C190368104AE96EFCE2329D3543372DBD7B89EC393068519526C"
"origine\sd\sorgenti\bm-sd\GENERA\distribuzione\libreriedatabase\inmemoria\Udb.dfm","1930","F51060A0B75C6BEF60206F7CEDD24EDC241E13C11DADD14D4059121C98EBD887"
"origine\sd\sorgenti\bm-sd\GENERA\distribuzione\libreriedatabase\inmemoria\udb.dsk","7279","8FDF10D0728B5E31657648D1D24AEF9DE89AF78BE03DB6FAA3BED5AC36D0EBF3"
"origine\sd\sorgenti\bm-sd\GENERA\distribuzione\libreriedatabase\inmemoria\Udb.pas","6091","4C786A634D20DD2BD17935AA2A822F20E46B6DCB4CDF3E087E107D5A779035E1"
"origine\sd\sorgenti\bm-sd\GENERA\distribuzione\libreriedatabase\KTUDB.dfm","960","66679613ABFAD9C50F24973E6E7C756D3BC4DCB0846ACD75638742BBEDD75B2E"
"origine\sd\sorgenti\bm-sd\GENERA\distribuzione\libreriedatabase\KTUDB.pas","340","E9CFB192A52B3A8D2B89815BF0D420A256D0D294214F51CFFD2A5CA729C21ADF"
"origine\sd\sorgenti\bm-sd\GENERA\distribuzione\libreriedatabase\SceltaA.ddp","51","8B69BBBD2D66C190368104AE96EFCE2329D3543372DBD7B89EC393068519526C"
"origine\sd\sorgenti\bm-sd\GENERA\distribuzione\libreriedatabase\SceltaA.dfm","4153","20FE59711796A621706FE3CC0E8711B0E5FA702E46FA534E9F54A340EE149178"
"origine\sd\sorgenti\bm-sd\GENERA\distribuzione\libreriedatabase\SceltaA.pas","7687","4EE1763DDBE132E7A82089363B6616E4A3BF0040BD3BCCD10AD1D405B133181F"
"origine\sd\sorgenti\bm-sd\GENERA\distribuzione\libreriedatabase\sudisco\udb.ddp","51","8B69BBBD2D66C190368104AE96EFCE2329D3543372DBD7B89EC393068519526C"
"origine\sd\sorgenti\bm-sd\GENERA\distribuzione\libreriedatabase\sudisco\udb.dfm","981","C0BE21EF9C2B5D35BB9FC58F170EB4663FAE24B21A0FC9057652C32258693F5D"
"origine\sd\sorgenti\bm-sd\GENERA\distribuzione\libreriedatabase\sudisco\udb.pas","5750","28DC523F421B079E9DA6F61946872CC0E3F9DD9AABD4796484B25D758F6817CE"
"origine\sd\sorgenti\bm-sd\GENERA\distribuzione\libreriedatabase\UCompilaForm.pas","4381","371B41AF2FA9D54FAA1FEFC44C068CBA1013658FCCDDED83FBFCD0F6F02EE8D9"
"origine\sd\sorgenti\bm-sd\GENERA\distribuzione\libreriedatabase\Ucompilafrontiere.pas","70705","618FA812B7E5E0748E5E98B4BE3743D3A3C8D4E3AE27E715F9E6D9920675816F"
"origine\sd\sorgenti\bm-sd\GENERA\distribuzione\libreriedatabase\UCompilaFrontiere_a.pas","71277","6AE649F13C63F6B59547F2CD86732BCFFACD538EEA6A373AA77E3BFB8A4D76FB"
"origine\sd\sorgenti\bm-sd\GENERA\distribuzione\libreriedatabase\UControlli.pas","1062","32C5EB34FDD5F9E09A92530669E44A6C0B1C7E9B9367B68522F0785F07E4F2F0"
"origine\sd\sorgenti\bm-sd\GENERA\distribuzione\libreriedatabase\ucorrelato.pas","1159","8DFBB5CA6B2EA1C44F3ADE3F08ABD94A4ABDA1BFAC88DFFBB72B95E713D1B6D2"
"origine\sd\sorgenti\bm-sd\GENERA\distribuzione\libreriedatabase\UCreaDbT.pas","55","1E8B3FD09B2A5843CC4CDE0245FD55EAB0B66BBD8DFED6244D6BA164A98893A7"
"origine\sd\sorgenti\bm-sd\GENERA\distribuzione\libreriedatabase\UFcombo.ddp","51","8B69BBBD2D66C190368104AE96EFCE2329D3543372DBD7B89EC393068519526C"
"origine\sd\sorgenti\bm-sd\GENERA\distribuzione\libreriedatabase\UInitmem.pas","148","1384261FBE7F6491DA123EB78070DDE968E920CC9E4B91E956D05D0939223638"
"origine\sd\sorgenti\bm-sd\GENERA\distribuzione\libreriedatabase\UmessaggiDB.ddp","51","8B69BBBD2D66C190368104AE96EFCE2329D3543372DBD7B89EC393068519526C"
"origine\sd\sorgenti\bm-sd\GENERA\distribuzione\libreriedatabase\UmessaggiDB.dfm","685","BB196867F572F4C22582E4DCF7C9A5C5C43B9EEC7F09B05148ABE5D8BCAD450E"
"origine\sd\sorgenti\bm-sd\GENERA\distribuzione\libreriedatabase\UmessaggiDB.pas","692","BCC4680009E7B7D2EB1205444F095290D439353E71CA97EA470A98D6C7C068B7"
"origine\sd\sorgenti\bm-sd\GENERA\distribuzione\libreriedatabase\UOpen_file.pas","1068","7F6ABCF84569D16E1D066030BA599B1197221A34AE8DF551B0CC1303438BED0E"
"origine\sd\sorgenti\bm-sd\GENERA\distribuzione\libreriedatabase\UOpen_fileMulti.pas","2126","1D4AA368C81587F76DF682DD5B877AA0445BBF2F5CF4E9A2C89167638AC18A46"
"origine\sd\sorgenti\bm-sd\GENERA\distribuzione\libreriedatabase\URicercaDati.pas","16134","9FDC9341F010F50399DA02CDD0F200ADD3334560EBABE0C61ACF996A6D2DD820"
"origine\sd\sorgenti\bm-sd\GENERA\distribuzione\libreriedatabase\USave_file.pas","172","4CD728AD21B8CF439DA62BC464A0AFBEF0AB890A85AB25DA79EF822F27E8FD98"
"origine\sd\sorgenti\bm-sd\GENERA\distribuzione\libreriedatabase\Variabili_DB.pas","103","A3767DA480F77797EA1C21E91326A8A104B14F49EBE362451FDFAD8F224D6BF1"
"origine\sd\sorgenti\bm-sd\GENERA\distribuzione\MainGestionegenera.ddp","51","8B69BBBD2D66C190368104AE96EFCE2329D3543372DBD7B89EC393068519526C"
"origine\sd\sorgenti\bm-sd\GENERA\distribuzione\MainGestionegenera.dfm","2717","209592BF8EB27DA606CC791E3278CC1F6CE9E7573F691ED1E16874E99F490C32"
"origine\sd\sorgenti\bm-sd\GENERA\distribuzione\MainGestionegenera.pas","5861","0711EB74FDF159C55EF741927E2C9E0D8350214772274F79550DCE0BD500D835"
"origine\sd\sorgenti\bm-sd\GENERA\distribuzione\Messaggi_easy.pas","307","7C474558A0E083624945698B97A1C8C859C74266B5C9EEB013B27EE9598EAB14"
"origine\sd\sorgenti\bm-sd\GENERA\distribuzione\Modello_ Init_easy.pas","647","5BBC6458866CB433D661DDD70A21B7BEA2EEAFEDB2B6B5F0826858F8AC3FC357"
"origine\sd\sorgenti\bm-sd\GENERA\distribuzione\Modello_associata.pas","147","9623DBC2F47CF245672687C911A8410A2D6353007A7F14EB22DCFCEB09194FD8"
"origine\sd\sorgenti\bm-sd\GENERA\distribuzione\PathProg.txt","34","ADC7E4562B49E591822588B657A776D3688566184702E98ADBC8FBA5C0AB61F6"
"origine\sd\sorgenti\bm-sd\GENERA\distribuzione\ProjectGroup.bpg","770","8FF50324A07335ACE57805FE93500376F9DEB6804894341C362E188A5E4F2E33"
"origine\sd\sorgenti\bm-sd\GENERA\distribuzione\ProjectGroup.dsk","4229","5871280FE79BCF63BBC76552B0B62D88EB3189C07601FED2E681CE1D5D14840B"
"origine\sd\sorgenti\bm-sd\GENERA\distribuzione\temp_nomedatabase.dfm","1715","7D18D52A5277CF23CDD20C72F93FB6190D5954DBA58F4AB761F7A799DAAC477C"
"origine\sd\sorgenti\bm-sd\GENERA\distribuzione\temp1_nomedatabase.dfm","2243","EAEE56649A15B3019FB3E7E3B9472B390F3AAA99D66FCF5B8C9A7CF7CA515A94"
"origine\sd\sorgenti\bm-sd\GENERA\distribuzione\Varcarichi.pas","104","8A22065F7E571FAAE08A3079381244F7DB02D0E565D89BE4F082BE5C608F44DD"
"origine\sd\sorgenti\bm-sd\GENERA\elenco.DB","4096","D9A6B40D3B40909B75B2B5D2993B18551B77B6ADBB6F401AA90D701EF20F8549"
"origine\sd\sorgenti\bm-sd\GENERA\Genera.pas","38089","8F0F9BED3D6D6AB9B4D8CB47744B7243CDEC235F211B461D9E4BEC7497218D30"
"origine\sd\sorgenti\bm-sd\GENERA\generali.DB","4096","DF1C1C6A57B5934D8F7A62B4956571AD0BA1A67EDA39A61B65DFFF0547225916"
"origine\sd\sorgenti\bm-sd\GENERA\generalita.DB","2048","98D6510D83466BA5F3BDE450F20E34CDADD47FD7927D3C0E791002B3755CADA2"
"origine\sd\sorgenti\bm-sd\GENERA\GeneraSource.cfg","438","014DDC702CC9CCCE5260C7D6E202B34A77B0BEFBBDFBE7D84EAF49A0BA359226"
"origine\sd\sorgenti\bm-sd\GENERA\GeneraSource.dof","21336","745638AE3146B26D9E879A5F2454527CB489014967706C8E78512ACE372642E6"
"origine\sd\sorgenti\bm-sd\GENERA\GeneraSource.dpr","241","5DED68748A0FBD8DB2FA4E9DC9385D8E3D0BC73E507321000A5CBB0304F5364B"
"origine\sd\sorgenti\bm-sd\GENERA\GeneraSource.dsk","9584","7B0B7B229BB60C7827BB9A3A75B74E171A94C0D1FD5EB0A7E10B90EA5BFC087D"
"origine\sd\sorgenti\bm-sd\GENERA\GeneraSource.res","876","0DFFE25FD78C18FDDB77055112F83135F009DF17C6374B00DE33060B11EDD915"
"origine\sd\sorgenti\bm-sd\GENERA\gestione\Configurazione Projectbrower.txt","47","59A52407164CA3F495DEA485A31AC0F74D499A0244475D90EC2307F554DF9B79"
"origine\sd\sorgenti\bm-sd\GENERA\gestione\EasyProgram.cfg","1368","0497A8F778AC154BA7ABEC40DBA1C239FC2FD8089B830159DC8D954807D0009E"
"origine\sd\sorgenti\bm-sd\GENERA\gestione\EasyProgram.dof","18764","1F3E5A7B853B11A3CDEE2F75E6FF29253CA65180B276C600CC3A1EAE2ACB9B13"
"origine\sd\sorgenti\bm-sd\GENERA\gestione\EasyProgram.dpr","789","AE43B63781B1C9D9803A17FF554AB3576140ACBB32CC4F7849FC4D7D9189812A"
"origine\sd\sorgenti\bm-sd\GENERA\gestione\EasyProgram.dsk","4347","B151FE0CC3700D35E79C5FDEE2D904E6746270F1DB30E0DC81EE32D6B3C1E7B1"
"origine\sd\sorgenti\bm-sd\GENERA\gestione\EasyProgram.res","876","B85196D4693472C4A5BF54AFA5C12A3DE459C6B0C4BEE069249532F43FE88C03"
"origine\sd\sorgenti\bm-sd\GENERA\gestione\generati\Base.dat","1112","B3D9978AAAFA18CFFC6420796A815C61FAD71FA6C2016F38C7492EE0DA76B13E"
"origine\sd\sorgenti\bm-sd\GENERA\gestione\generati\CampoDb.pas","831","87EE8C7C3014D82EE5F91A2FEB2060CE565DFB352FAF78B5F6197EDAE162FEE6"
"origine\sd\sorgenti\bm-sd\GENERA\gestione\generati\CaseTabella.pas","124","7D2172D8D6371EFEBD84549839E11C344EBA49948A55B1DA979A3C5B35CB4DD7"
"origine\sd\sorgenti\bm-sd\GENERA\gestione\generati\CaseTabellaT.pas","113","71FFA782DA7BC8B1CB59C424B3B2F72E3CFADCE548DF80D85F5D7C91EA7D1ACE"
"origine\sd\sorgenti\bm-sd\GENERA\gestione\generati\Combo.txt","277","285BC35290CF900F598BBA7BBEECA01805DEFB6BA22DA68F62D32836ACA5B254"
"origine\sd\sorgenti\bm-sd\GENERA\gestione\generati\comdb.pas","666","D01A73F628ADAC342FE0ED602F5542A307CD36303CCA4539DCAC85DB80450E63"
"origine\sd\sorgenti\bm-sd\GENERA\gestione\generati\CompilaForm.pas","1847","C7675820664067FDDE5988B4EB14AA43B1D170AB4902AB0E5D7CB45511445763"
"origine\sd\sorgenti\bm-sd\GENERA\gestione\generati\CompilaLista.pas","96","40CE1DAC96E2EF74007E144825993CC351D13F9003031EDFA947BD527DAB0F05"
"origine\sd\sorgenti\bm-sd\GENERA\gestione\generati\Conferma.pas","88","B905FB28AE4B1F817E4F99A88B1A23A486D26C4FEBD42545D30059DC787753B8"
"origine\sd\sorgenti\bm-sd\GENERA\gestione\generati\Controlli.pas","0","E3B0C44298FC1C149AFBF4C8996FB92427AE41E4649B934CA495991B7852B855"
"origine\sd\sorgenti\bm-sd\GENERA\gestione\generati\CreadbT.pas","302","F0689A9270902966B93A6AD02002E20A3F96DA425A0AC81B7290F223DEF09DEC"
"origine\sd\sorgenti\bm-sd\GENERA\gestione\generati\DataIn.pas","2235","9B23E27B97BB08F3A74CED6F9D85C63076B6FC6C6CAAE3C0F40547F0C737E648"
"origine\sd\sorgenti\bm-sd\GENERA\gestione\generati\DataLink.pas","11125","E4C06BAE651C1E506AEDDC93218C94422DF55BAF34DD706C3D441490E5B05571"
"origine\sd\sorgenti\bm-sd\GENERA\gestione\generati\DataOut.pas","2117","676940540C3457D4632045E169009D651EF2A760BDB1405768C66AEC1B50E7A1"
"origine\sd\sorgenti\bm-sd\GENERA\gestione\generati\inclusi\Creadb.pas","133","C76B19B4C29207171CD60E47990D72909F861C0EB5379269A35FDB0684B1B2CD"
"origine\sd\sorgenti\bm-sd\GENERA\gestione\generati\inclusi\data.pas","24","B5EBE6EA1CDD294D44E99E37B41B48576B8E9884213DBD3C9DEA3359C8CAA1AF"
"origine\sd\sorgenti\bm-sd\GENERA\gestione\generati\inclusi\DispPun.pas","59","D2913C1BEC4280E44B1F5DC66C0CF3D5CF94F0B2A660AA2FAF185860331EC9EA"
"origine\sd\sorgenti\bm-sd\GENERA\gestione\generati\inclusi\init.pas","449","141D866FF248A3C16A399D32EC2F87A1C5048259188D697E91FCD828BA9034C6"
"origine\sd\sorgenti\bm-sd\GENERA\gestione\generati\inclusi\mappadb.pas","2149","189F37842BBFAC0E7004E50B003DA9D616E014B26F75CCC48CCCE7AD8B19F38D"
"origine\sd\sorgenti\bm-sd\GENERA\gestione\generati\inclusi\NewPun.pas","68","60BEBEE0604632100573875FE2E7749CA209C64480A9DD3BADB00EDA53FF7DC8"
"origine\sd\sorgenti\bm-sd\GENERA\gestione\generati\inclusi\Nuovo.pas","142","3277F8D2073EDAA79DB0DC73C875BE6E0A247CF017744A3E18B59084AE33EE65"
"origine\sd\sorgenti\bm-sd\GENERA\gestione\generati\inclusi\ReportFisso.pas","0","E3B0C44298FC1C149AFBF4C8996FB92427AE41E4649B934CA495991B7852B855"
"origine\sd\sorgenti\bm-sd\GENERA\gestione\generati\inclusi\Savefile.pas","2414","BB96AC065C09C56CFF1CCB43B3A62E6C6612301D4161007FFE7B00AB1ADEE845"
"origine\sd\sorgenti\bm-sd\GENERA\gestione\generati\inclusi\Typedef.pas","1148","C3EF2E0C81345D7E7A696D5254A432EB9C21F1414E4A8799C675D53DEB92C7E9"
"origine\sd\sorgenti\bm-sd\GENERA\gestione\generati\initMem.pas","500","B213B9BD4A1677FF2EB8AF936D247AD68FF04EB1EAD96BFD86D2B8C476F42F2C"
"origine\sd\sorgenti\bm-sd\GENERA\gestione\generati\Leggitutti.pas","80","EBDEF675078760DDC7091BC6E7119B0F7E1D52CBF19212E221B6D90AAE587FF6"
"origine\sd\sorgenti\bm-sd\GENERA\gestione\generati\LeggituttiT.pas","94","450456A84461E053426AD06FDEC68F9EED5628CC9D6566788206B74D2388744B"
"origine\sd\sorgenti\bm-sd\GENERA\gestione\generati\Openfile.pas","1142","8400846039E5BD6845719A1DA3AA65FC8A2DF2E66E1A6125BA805B1DA31EF88F"
"origine\sd\sorgenti\bm-sd\GENERA\gestione\generati\scrivitutti.pas","81","69C0B043D3C21A1B2744BD4CB5B42DA4C21E4BDFEC86DDB6C53AF4B961691692"
"origine\sd\sorgenti\bm-sd\GENERA\gestione\generati\scrivituttiT.pas","95","AB91EB86E1BFE904D2CBE3E1463A12224C1F0470B55CC06534D88CD006D0BA8E"
"origine\sd\sorgenti\bm-sd\GENERA\gestione\generati\UDataLink.pas","2388","A01178C2C4950B0CF9C0208B01C6306C832E927DC7B54362E513949579AB243B"
"origine\sd\sorgenti\bm-sd\GENERA\gestione\generati\UDataOutT.pas","461","510DB304385F4F2667240F249721FB64934F09A8C7F4BFE6257EB95E0ED0DC6D"
"origine\sd\sorgenti\bm-sd\GENERA\gestione\generati\UDBT.dfm","551","C2EB02DF47A0756BA8E34F845E2C5482D4510E54BB2F137FF52C09CB0B798C9D"
"origine\sd\sorgenti\bm-sd\GENERA\gestione\generati\UDBT.pas","1217","AC4BBD7C29C571333A59E8945C6F4799C0788E7C78F689533AB1323608FEBA93"
"origine\sd\sorgenti\bm-sd\GENERA\gestione\generati\ULeggiscriviDati.pas","753","634A5EC2C4AF06BF51FA18B5EA0A6FA819708E1F0ADE63C323C47AFB82CEBE11"
"origine\sd\sorgenti\bm-sd\GENERA\gestione\GestDB.ddp","51","8B69BBBD2D66C190368104AE96EFCE2329D3543372DBD7B89EC393068519526C"
"origine\sd\sorgenti\bm-sd\GENERA\gestione\GestDB.dfm","6697","C74C1A27807B95B29B9DF6D4BC17CB9F31BA9055DF9DEF575EB9C207D0CB84BE"
"origine\sd\sorgenti\bm-sd\GENERA\gestione\GestDB.pas","1749","CAD5BAD199ECFAEEC05EE59CEE22BFE1258B057763CAB077BB867D7AEC2D7708"
"origine\sd\sorgenti\bm-sd\GENERA\gestione\Gestione_Nomedatabase.ddp","51","8B69BBBD2D66C190368104AE96EFCE2329D3543372DBD7B89EC393068519526C"
"origine\sd\sorgenti\bm-sd\GENERA\gestione\Gestione_Nomedatabase.dfm","1899","8D4585D6911A5BFB438E1E8FF9299B1CEC27F29B84FD498CC15D998AD9122BA5"
"origine\sd\sorgenti\bm-sd\GENERA\gestione\Gestione_Nomedatabase.pas","1071","44BFCA4A1C37C37EB0116A36ED49D3AED5A7C02BAA8FAECA71C63457AA3A42F0"
"origine\sd\sorgenti\bm-sd\GENERA\gestione\Gestionedati.cfg","929","4DD2E015B35A3F48DECABFB4B832A240BE2198999A68C9E860DABF27837EE5C5"
"origine\sd\sorgenti\bm-sd\GENERA\gestione\Gestionedati.dof","18681","58A3741CC91D666467CE5AA38CFA7B82C33EA7BD7AF8870FFC9E5B16F8385040"
"origine\sd\sorgenti\bm-sd\GENERA\gestione\Gestionedati.dpr","248","9F66F66D8390393B2DEC2B65CC4B1DB5816C477D02253EC421D7F59337EDEE34"
"origine\sd\sorgenti\bm-sd\GENERA\gestione\Gestionedati.dsk","4135","935354CFD00A3E44AEEFC0D26CD7AEBC23D1126DADB8DC6DF2440F4FB089E4E9"
"origine\sd\sorgenti\bm-sd\GENERA\gestione\Gestionedati.res","876","B85196D4693472C4A5BF54AFA5C12A3DE459C6B0C4BEE069249532F43FE88C03"
"origine\sd\sorgenti\bm-sd\GENERA\gestione\Init_easy.pas","19110","D5D53FF3D7A98D1E0E5D650E10DF7182EC47C5F2DBD65ED467E8805CD381F2BA"
"origine\sd\sorgenti\bm-sd\GENERA\gestione\MainGestionegenera.ddp","51","8B69BBBD2D66C190368104AE96EFCE2329D3543372DBD7B89EC393068519526C"
"origine\sd\sorgenti\bm-sd\GENERA\gestione\MainGestionegenera.dfm","2129","84E74DB709350D0DA3AB1BD359972BE789634A2668CC57921B1422CC1AC2AC97"
"origine\sd\sorgenti\bm-sd\GENERA\gestione\MainGestionegenera.pas","4481","B515C7791E11AC81C4F7E7136FBBA121DEB612036FC28BA733043F2E67619A98"
"origine\sd\sorgenti\bm-sd\GENERA\gestione\Modello_ Init_easy.pas","647","5BBC6458866CB433D661DDD70A21B7BEA2EEAFEDB2B6B5F0826858F8AC3FC357"
"origine\sd\sorgenti\bm-sd\GENERA\gestione\Modello_form.dfm","1731","76E635CA608B4536AEDAFB8BD6828D96A2C313C43A94A0A16E32D64FD9E751E9"
"origine\sd\sorgenti\bm-sd\GENERA\gestione\Modello_form.pas","1016","5DE6793B721741B37CCA8122D3853DBB2359CDFC688BDFDE75FB3BBCB8059F87"
"origine\sd\sorgenti\bm-sd\GENERA\gestione\PathProg.txt","34","ADC7E4562B49E591822588B657A776D3688566184702E98ADBC8FBA5C0AB61F6"
"origine\sd\sorgenti\bm-sd\GENERA\gestione\temp_nomedatabase.dfm","1235","9B8A9313BAEC0207648F5A9DE9A88669B3601A0BB46D850F6BB68C25D39F77FD"
"origine\sd\sorgenti\bm-sd\GENERA\gestione\Unit1.dfm","328","231DED5E6AE768DE859F426BDFE96B0DED50D84FB2423A93A38E7671EEACE5C4"
"origine\sd\sorgenti\bm-sd\GENERA\gestione\Unit1.pas","311","620E83120DBCD30976DCE04069091E390A3B4A21900C2568990ED53510CBC4B8"
"origine\sd\sorgenti\bm-sd\GENERA\gestione\Varcarichi.pas","104","8A22065F7E571FAAE08A3079381244F7DB02D0E565D89BE4F082BE5C608F44DD"
"origine\sd\sorgenti\bm-sd\GENERA\LetturaFileDiego.pas","669","8988B4DB5646124103F9B8FDCB3D3516B07D30877F34C253E7F488F1BD88F912"
"origine\sd\sorgenti\bm-sd\GENERA\Mappadb.pas","5270","9A514E7DA6EAC593635227A299B68B0D340B7F8AA7E0EF78EAE6C2C41035E78C"
"origine\sd\sorgenti\bm-sd\GENERA\mappadb1.pas","2898","20AD56CD3B12959527E3F403932C8CAD8C4BCD289CB0ECC5EAE308F4A4A20E26"
"origine\sd\sorgenti\bm-sd\GENERA\mapppadb.pas","1146","2A06D16440FFB7FE94AF6710D8C180D20B056D043FD3B6E7FCF259DB81251B10"
"origine\sd\sorgenti\bm-sd\GENERA\modifica kbmtable\assembla.pas","1573","01FFD4B3F699F79E7573A7891171EB601381EEABBF22C065D5F9538469144F77"
"origine\sd\sorgenti\bm-sd\GENERA\modifica kbmtable\base.dat","1816","35257EDC659256E6CC7DC1EAD2AD50A82D11C3237B257BEAAB4A149FC5F30BB7"
"origine\sd\sorgenti\bm-sd\GENERA\modifica kbmtable\Basetubi.dat","1816","35257EDC659256E6CC7DC1EAD2AD50A82D11C3237B257BEAAB4A149FC5F30BB7"
"origine\sd\sorgenti\bm-sd\GENERA\modifica kbmtable\CompilaLista.pas","263","C88F0A9888EEDC7D83EBBC9EE67BDE42D79AD369527E3CD48C2112B24B6D866B"
"origine\sd\sorgenti\bm-sd\GENERA\modifica kbmtable\Creadb.pas","382","E95A875C4FE0B0304618694939884F25AE3003839B27E4E35421BC1AF3657557"
"origine\sd\sorgenti\bm-sd\GENERA\modifica kbmtable\DataIn.pas","4680","B696FD55F983BD18C3157BB89E30A884B8B0B581D00E7792BF05D28AF01A5500"
"origine\sd\sorgenti\bm-sd\GENERA\modifica kbmtable\DataIn1.pas","2472","605895ED8F47B454201A21FB19613B1203C039BE9D11B234AD08BE1CDEF0BBBD"
"origine\sd\sorgenti\bm-sd\GENERA\modifica kbmtable\DataLink.pas","8709","BA41F804EF8D12A30770F2901512943BA5A92E69B95F0F9C19F1D881617B9A0F"
"origine\sd\sorgenti\bm-sd\GENERA\modifica kbmtable\DataOut.pas","4322","A865F99A3DDFB847F02D5344F765B0C649B362F807A4777C7F238999E8C56AAA"
"origine\sd\sorgenti\bm-sd\GENERA\modifica kbmtable\DataOut1.pas","2531","A5B608E01903239DE60148AAFCE7D966436A74352FE20EF2C6099F29DE4995C2"
"origine\sd\sorgenti\bm-sd\GENERA\modifica kbmtable\Diametri.DB","2048","9B9EE52B60F61EA3E940D5FFB43B1B8A9BE3FAA9132C9A8A1054D4E22AD35754"
"origine\sd\sorgenti\bm-sd\GENERA\modifica kbmtable\Diametri.PX","2048","0F4D1F2D240450F9C3C405615D05BB7013789F493297694E1052E7F59AA4B2B1"
"origine\sd\sorgenti\bm-sd\GENERA\modifica kbmtable\Diametri.XG0","2048","F338E69292C03B4873DA5887CC2D79E447DCB3537C1217E8AE092B2D5C5F0242"
"origine\sd\sorgenti\bm-sd\GENERA\modifica kbmtable\Diametri.YG0","2048","BE49BB435463A736946DE1F3B3561134F02AC735A491A37844535B3103EAE36F"
"origine\sd\sorgenti\bm-sd\GENERA\modifica kbmtable\DispPun.pas","174","346AE3387716709F225763C7422C18DC4ADBED1F72EF82024023944333ADE112"
"origine\sd\sorgenti\bm-sd\GENERA\modifica kbmtable\elenco.DB","4096","D9A6B40D3B40909B75B2B5D2993B18551B77B6ADBB6F401AA90D701EF20F8549"
"origine\sd\sorgenti\bm-sd\GENERA\modifica kbmtable\Genera.pas","48010","C06A407A0D71D7628DFA34963528AA81D9A9C185B7A85D26F3E5B22629DF0780"
"origine\sd\sorgenti\bm-sd\GENERA\modifica kbmtable\generali.DB","4096","DF1C1C6A57B5934D8F7A62B4956571AD0BA1A67EDA39A61B65DFFF0547225916"
"origine\sd\sorgenti\bm-sd\GENERA\modifica kbmtable\generalita.DB","2048","98D6510D83466BA5F3BDE450F20E34CDADD47FD7927D3C0E791002B3755CADA2"
"origine\sd\sorgenti\bm-sd\GENERA\modifica kbmtable\GeneraSource.cfg","565","EDC90559C44187A96DECEE8650F40E99BE4A36178BCA31FEDD6ADA2F595CD63E"
"origine\sd\sorgenti\bm-sd\GENERA\modifica kbmtable\GeneraSource.dof","18246","DC898974BDBF62B6C48F67B2BD8BD183F58DED904BDCF953D62CCE1B423F3E0B"
"origine\sd\sorgenti\bm-sd\GENERA\modifica kbmtable\GeneraSource.dpr","390","E0BCF7AFB93BF4565ACE0678DF8C9F4181A05DD8E796EBBA8718061539DB5BB1"
"origine\sd\sorgenti\bm-sd\GENERA\modifica kbmtable\GeneraSource.dsk","9581","FB549B29A7E69F7CE668F376E2D06FD900FB3AFB16A2C4D7505ED9D3D6262905"
"origine\sd\sorgenti\bm-sd\GENERA\modifica kbmtable\GeneraSource.res","876","0DFFE25FD78C18FDDB77055112F83135F009DF17C6374B00DE33060B11EDD915"
"origine\sd\sorgenti\bm-sd\GENERA\modifica kbmtable\LetturaFileDiego.pas","669","8988B4DB5646124103F9B8FDCB3D3516B07D30877F34C253E7F488F1BD88F912"
"origine\sd\sorgenti\bm-sd\GENERA\modifica kbmtable\Mappadb.pas","5270","9A514E7DA6EAC593635227A299B68B0D340B7F8AA7E0EF78EAE6C2C41035E78C"
"origine\sd\sorgenti\bm-sd\GENERA\modifica kbmtable\mappadb1.pas","2898","20AD56CD3B12959527E3F403932C8CAD8C4BCD289CB0ECC5EAE308F4A4A20E26"
"origine\sd\sorgenti\bm-sd\GENERA\modifica kbmtable\mapppadb.pas","1146","2A06D16440FFB7FE94AF6710D8C180D20B056D043FD3B6E7FCF259DB81251B10"
"origine\sd\sorgenti\bm-sd\GENERA\modifica kbmtable\NewPun.pas","143","FD0EC7D4622F845DCC3D66E50C70C2123E134828B20B2D7AD1B68B77A4D7ACD6"
"origine\sd\sorgenti\bm-sd\GENERA\modifica kbmtable\perdite.DB","6144","E57DBA6240E40634BFCB897528BEC869D4ED21630C1EC0769FC9B0D981FA63C5"
"origine\sd\sorgenti\bm-sd\GENERA\modifica kbmtable\Proc.dat","70","4047768FDD36323ABE4953883D5C01661E1E7F300D339E024832688702755361"
"origine\sd\sorgenti\bm-sd\GENERA\modifica kbmtable\Proc.pas","361","3B14A4D539E7815E570B462EBB23A4FE54D2B56870FB10B7B9183394B911F4A4"
"origine\sd\sorgenti\bm-sd\GENERA\modifica kbmtable\ProjectGroup1.bpg","1147","EE2C9AD8188601682B4AEBEC42230F6042704B4D27BCC631C39F723A7299A58C"
"origine\sd\sorgenti\bm-sd\GENERA\modifica kbmtable\ProjectGroup1.dsk","13720","D123BA83CDD4753D2E07F50567F0ECD01127F28872BC10E00FDB4E097D0A7E87"
"origine\sd\sorgenti\bm-sd\GENERA\modifica kbmtable\Tubazioni.DB","2048","B3B4EFAEC5430EC8666EBDE6F707017700141D99ADC0DD8C8E9ACB60FAD3612B"
"origine\sd\sorgenti\bm-sd\GENERA\modifica kbmtable\Tubazioni.PX","2048","21D53228733AE5545B8EAA1374572DA11B94F03A32AC50F851B042242B7D2326"
"origine\sd\sorgenti\bm-sd\GENERA\modifica kbmtable\typedef.pas","2442","51BB289F44E0611CCC56FA53EB56C1266BEEEC6806FC0B138C73A501D23C2F7B"
"origine\sd\sorgenti\bm-sd\GENERA\modifica kbmtable\typedef1.pas","1406","FFA0C8B5C3563EFCCEFABAB4C66F12F72AB961DB1BF230C0784E27E0CAA18B66"
"origine\sd\sorgenti\bm-sd\GENERA\modifica kbmtable\UCalc.pas","521","6B94D0A00FC484E3CDDCD38A6F72D7F82CF35C1E02E16A3810510E6EFCF59418"
"origine\sd\sorgenti\bm-sd\GENERA\modifica kbmtable\UDataLink.pas","4389","F3D9C013785E4C391F41782E232ABD0043505E8DFA882285446DD6343C4CA1C6"
"origine\sd\sorgenti\bm-sd\GENERA\modifica kbmtable\UDB.ddp","51","D8F05D0307A4C8AA9470FD6A53C2F18581C4A201E8F2E756DA37E295062F8B79"
"origine\sd\sorgenti\bm-sd\GENERA\modifica kbmtable\UDB.dfm","164","3BEB9373724DB99A4F4BB7193C0A856EA8DC559A1B7A5C7BD212A75E6C0FEC47"
"origine\sd\sorgenti\bm-sd\GENERA\modifica kbmtable\UDB.dti","536","8BDFB32F683238F726B095F0CA41FEDF3CC91D7D4C91D3EFDFE9C15112989B61"
"origine\sd\sorgenti\bm-sd\GENERA\modifica kbmtable\UDB.pas","334","B735886C90130E4993D3CD0E208FDC4665D3D354B02AE86EB326B20F98E5ED06"
"origine\sd\sorgenti\bm-sd\GENERA\modifica kbmtable\UFunzGenera.pas","1415","725CDC9EE7DE7AFE5664AEE6FFF9CCF23815A582B06DFEA48A7562794043CE52"
"origine\sd\sorgenti\bm-sd\GENERA\modifica kbmtable\UMainGenera.ddp","51","8B69BBBD2D66C190368104AE96EFCE2329D3543372DBD7B89EC393068519526C"
"origine\sd\sorgenti\bm-sd\GENERA\modifica kbmtable\UMainGenera.dfm","1430","54BA4972775A07A6682E838AB0438F4DFBB905880215A31711F7CB73EF2A5A39"
"origine\sd\sorgenti\bm-sd\GENERA\modifica kbmtable\UMainGenera.pas","58737","2549C78355ED63CD1946F44216517AF49940BC6CB6ECD4429C4B3F6B3E6ED243"
"origine\sd\sorgenti\bm-sd\GENERA\NewPun.pas","143","FD0EC7D4622F845DCC3D66E50C70C2123E134828B20B2D7AD1B68B77A4D7ACD6"
"origine\sd\sorgenti\bm-sd\GENERA\perdite.DB","6144","E57DBA6240E40634BFCB897528BEC869D4ED21630C1EC0769FC9B0D981FA63C5"
"origine\sd\sorgenti\bm-sd\GENERA\Proc.dat","70","4047768FDD36323ABE4953883D5C01661E1E7F300D339E024832688702755361"
"origine\sd\sorgenti\bm-sd\GENERA\Proc.pas","361","3B14A4D539E7815E570B462EBB23A4FE54D2B56870FB10B7B9183394B911F4A4"
"origine\sd\sorgenti\bm-sd\GENERA\Rebuli modificato CAD\base.dat","3099","EA388C2593AEA5AEAC69C5C92AB8DA7C717056B2084BD472C0FCC2C7F5D73E38"
"origine\sd\sorgenti\bm-sd\GENERA\Rebuli modificato CAD\Calcoli\UCacoli.pas","103","FC02A63A21E5232002FAFA90C04970A2D87C42E1CEBC2EE6BCA3A4614C00FAC6"
"origine\sd\sorgenti\bm-sd\GENERA\Rebuli modificato CAD\Calcoli\UDatigen.dfm","6794","B75B007D3A62A9D1187229C01D7564E9858E2D2DBF627018EE29C6036B1C83BB"
"origine\sd\sorgenti\bm-sd\GENERA\Rebuli modificato CAD\Calcoli\UDatigen.pas","1458","CD7EC877E75DF66838E11754439667403C6D962B6FFFE0B111F21EC088D5FCBF"
"origine\sd\sorgenti\bm-sd\GENERA\Rebuli modificato CAD\compnuccio (non aggiornato)\daticomp.db","2048","3AD6833C7FA2700975594E9F4684703ADE3BDBBD98EFF23BBDA699246A621951"
"origine\sd\sorgenti\bm-sd\GENERA\Rebuli modificato CAD\compnuccio (non aggiornato)\daticomp.PX","2048","5EED44BAAD8412B42D5B874DB224C05799FAFE8DED96F6F6C4567C2B26CE4E57"
"origine\sd\sorgenti\bm-sd\GENERA\Rebuli modificato CAD\compnuccio (non aggiornato)\Pcompsel.cfg","378","E6D26C7B100DE0D777F20F8D87C56A89D872BF13F215FA8A29360E111A7303A7"
"origine\sd\sorgenti\bm-sd\GENERA\Rebuli modificato CAD\compnuccio (non aggiornato)\Pcompsel.dof","1274","463DE7485E5FFABDC09DE398F64E3AFC1A478E368A3FBBA664593A14506ED571"
"origine\sd\sorgenti\bm-sd\GENERA\Rebuli modificato CAD\compnuccio (non aggiornato)\Pcompsel.dpr","194","B223335DC4B0280A470C4AFE92109ED1BD4114B600BF0E49CFB2B9E19303135C"
"origine\sd\sorgenti\bm-sd\GENERA\Rebuli modificato CAD\compnuccio (non aggiornato)\Pcompsel.dsk","3653","10726EA98F791366670D269A4C5500B7FE2D2ACF5D24AEFF8384DBC4F46BAE6E"
"origine\sd\sorgenti\bm-sd\GENERA\Rebuli modificato CAD\compnuccio (non aggiornato)\Pcompsel.res","876","0DFFE25FD78C18FDDB77055112F83135F009DF17C6374B00DE33060B11EDD915"
"origine\sd\sorgenti\bm-sd\GENERA\Rebuli modificato CAD\compnuccio (non aggiornato)\Ucompsel.dfm","1850","C6C85BAB6A257B30AE6F135559E37AA5BCD62ACCBD683422D1BC5E0EB374AF49"
"origine\sd\sorgenti\bm-sd\GENERA\Rebuli modificato CAD\compnuccio (non aggiornato)\Ucompsel.pas","731","8674128091DD42347F90103BB12FF6FE79BB68E76F496BC7D4FC21594573B695"
"origine\sd\sorgenti\bm-sd\GENERA\Rebuli modificato CAD\compnuccio archivi\daticomp.DB","8192","665BF5E178F7220497BD67C40217BE51B258A5D1408904693710CC7645EE0FD0"
"origine\sd\sorgenti\bm-sd\GENERA\Rebuli modificato CAD\compnuccio archivi\daticomp.PX","4096","31801CD73C935213B28DA2E92709FE28CA55D34F5D94794035AD707D9D2433BF"
"origine\sd\sorgenti\bm-sd\GENERA\Rebuli modificato CAD\compnuccio archivi\daticomp.XG0","4096","0F6A85DE7062CA77CE8C857D3B3CA7F7258578822014DA0A89D32A5D3D7803C7"
"origine\sd\sorgenti\bm-sd\GENERA\Rebuli modificato CAD\compnuccio archivi\daticomp.YG0","4096","8DABF6D8452AF0CAC9E6096AFECA5EC768FEC62C309A663264874F70DD3DEC77"
"origine\sd\sorgenti\bm-sd\GENERA\Rebuli modificato CAD\compnuccio archivi\parcomp.DB","4096","550140A3D7FF6536F8DF4FB008662FBF36F626647B61FE64A31D72C5886678F9"
"origine\sd\sorgenti\bm-sd\GENERA\Rebuli modificato CAD\compnuccio archivi\parcomp.PX","4096","AA0C29E683900260EDF6C640BE58BCC20B6C17F8D1981248B9EEB8CE49440300"
"origine\sd\sorgenti\bm-sd\GENERA\Rebuli modificato CAD\compnuccio vecchio mandato lazzerini\arredobagno.bmp","251734","D764A414A36E228F8135C19E432AEF6682A2D86DCA2CD076EE43195C0434B568"
"origine\sd\sorgenti\bm-sd\GENERA\Rebuli modificato CAD\compnuccio vecchio mandato lazzerini\base.dat","1155","2D22A8D5B7D87361C476779FE5A47614F6815F045A12F57E9F08335A5F555B23"
"origine\sd\sorgenti\bm-sd\GENERA\Rebuli modificato CAD\compnuccio vecchio mandato lazzerini\curve\base.dat","116","72B1B46A1CFE5D47DBE609960F7F46A5635C2F1AEC1AEFCAD46CC4503298DC2D"
"origine\sd\sorgenti\bm-sd\GENERA\Rebuli modificato CAD\compnuccio vecchio mandato lazzerini\curve\DataIn.pas","534","3B0E0C01A93E624860BE81A985F389F009281AC2E9A7583E6378B5684954ABCD"
"origine\sd\sorgenti\bm-sd\GENERA\Rebuli modificato CAD\compnuccio vecchio mandato lazzerini\curve\DataLink.pas","745","3F33A5291BED62DB34EE98C8274552288E5DAC179AFC9BFFE444FE036301C000"
"origine\sd\sorgenti\bm-sd\GENERA\Rebuli modificato CAD\compnuccio vecchio mandato lazzerini\curve\DataOut.pas","488","94B5E03AF2EFB843BF4D6990603BA2F50E2A26877633A2AEA9A910FB78D0CF8C"
"origine\sd\sorgenti\bm-sd\GENERA\Rebuli modificato CAD\compnuccio vecchio mandato lazzerini\curve\mappadb.pas","486","8824881E919920E971D46D3579DB632E23200BBDF30D6CC7C14F5B8003AC0DE1"
"origine\sd\sorgenti\bm-sd\GENERA\Rebuli modificato CAD\compnuccio vecchio mandato lazzerini\curve\PCurve.cfg","378","E6D26C7B100DE0D777F20F8D87C56A89D872BF13F215FA8A29360E111A7303A7"
"origine\sd\sorgenti\bm-sd\GENERA\Rebuli modificato CAD\compnuccio vecchio mandato lazzerini\curve\PCurve.dof","1294","822CE240380355C4905072321BBE9A1D7DE340B8409D7D0A571733D0AB5B5B76"
"origine\sd\sorgenti\bm-sd\GENERA\Rebuli modificato CAD\compnuccio vecchio mandato lazzerini\curve\PCurve.dpr","298","CBD87C889AFE811B57C19F119F6378325D35EE23C5E177331192E122CB1F2E8A"
"origine\sd\sorgenti\bm-sd\GENERA\Rebuli modificato CAD\compnuccio vecchio mandato lazzerini\curve\PCurve.dsk","4060","00DF018660B9E784ABD7EBDF1F45B7406C89E90B55BF3D1F23560F1994E18AB5"
"origine\sd\sorgenti\bm-sd\GENERA\Rebuli modificato CAD\compnuccio vecchio mandato lazzerini\curve\PCurve.res","876","0DFFE25FD78C18FDDB77055112F83135F009DF17C6374B00DE33060B11EDD915"
"origine\sd\sorgenti\bm-sd\GENERA\Rebuli modificato CAD\compnuccio vecchio mandato lazzerini\curve\typedef.pas","296","3EE4CB5861A9CD2787C969A36FBED7D28CD92C2630836553AEC2F7113C2BE174"
"origine\sd\sorgenti\bm-sd\GENERA\Rebuli modificato CAD\compnuccio vecchio mandato lazzerini\curve\UCurve.dfm","518","716B52547BA823D04900DBA58CB9838F5898BE448205FC0716CD3CB5E20CD3C7"
"origine\sd\sorgenti\bm-sd\GENERA\Rebuli modificato CAD\compnuccio vecchio mandato lazzerini\curve\UCurve.pas","508","408C5652802B39CDC63D329272B5BC1701564F2F5800F2F721AFA6619C2F1251"
"origine\sd\sorgenti\bm-sd\GENERA\Rebuli modificato CAD\compnuccio vecchio mandato lazzerini\curve\UDataLink.pas","488","E07D4C60138236E845A63A3A862F941866980CD8D28EBD531260B8370E00094B"
"origine\sd\sorgenti\bm-sd\GENERA\Rebuli modificato CAD\compnuccio vecchio mandato lazzerini\curve\Uusacurve.dfm","1294","A6CE6B0F3F375C36CB23F26F047A39C1A6A0D5EE601506E3C3B81251DCF44A05"
"origine\sd\sorgenti\bm-sd\GENERA\Rebuli modificato CAD\compnuccio vecchio mandato lazzerini\curve\Uusacurve.pas","545","55422FBC219ED73A45289E24B76511DC8B18CDE777D6AC24A432F900276967CA"
"origine\sd\sorgenti\bm-sd\GENERA\Rebuli modificato CAD\compnuccio vecchio mandato lazzerini\DataIn.pas","2562","A5127E185C09B2D356BC09DB97FCC0AC1B7F7EDC1016732760D14948AF0C9827"
"origine\sd\sorgenti\bm-sd\GENERA\Rebuli modificato CAD\compnuccio vecchio mandato lazzerini\DataLink.pas","5048","019E23231378AD2BEEA6BDBEE13C02AC3E9ACC4D056CF17F2FB6CB1AD523227E"
"origine\sd\sorgenti\bm-sd\GENERA\Rebuli modificato CAD\compnuccio vecchio mandato lazzerini\DataOut.pas","2430","2CCFFB1018E2B84D423B7BDBB8DE9EA8573B93FB74634F3AB8AF8BC0696A85E8"
"origine\sd\sorgenti\bm-sd\GENERA\Rebuli modificato CAD\compnuccio vecchio mandato lazzerini\daticomp.DB","6144","6A2C10884FB08DDECDAA799CD7E1D1D0AD03F924601B344F4164DBE76212E09B"
"origine\sd\sorgenti\bm-sd\GENERA\Rebuli modificato CAD\compnuccio vecchio mandato lazzerini\daticomp.PX","4096","7482F4650C1CD0B4280F933B306F1CAF6B6B5CE53D045CCED86E76D6D45DB9B3"
"origine\sd\sorgenti\bm-sd\GENERA\Rebuli modificato CAD\compnuccio vecchio mandato lazzerini\daticomp.XG0","4096","B1CF83A3749BD0D205E0BD1BD2F14C011F2CDD3E0B447D8F696C7E6886C86E68"
"origine\sd\sorgenti\bm-sd\GENERA\Rebuli modificato CAD\compnuccio vecchio mandato lazzerini\daticomp.YG0","4096","AACC9C2F36E699564069E8C282061E47B4E5D27D5A5EB263170762F28B691D61"
"origine\sd\sorgenti\bm-sd\GENERA\Rebuli modificato CAD\compnuccio vecchio mandato lazzerini\fancoils.bmp","166678","EF176ED095417E7A30D734C7DD4E6FA0C7CD864EE9FE62035B00B21A408C6AC5"
"origine\sd\sorgenti\bm-sd\GENERA\Rebuli modificato CAD\compnuccio vecchio mandato lazzerini\fancoils.DB","4096","F7666A35EE7A57C9C68AF88D658E2ED1736C03E2C5EC8618621819613A8243D7"
"origine\sd\sorgenti\bm-sd\GENERA\Rebuli modificato CAD\compnuccio vecchio mandato lazzerini\fancoils.PX","4096","B385B92514A223DC165969D2FA48A5EC4C67F04C3AABF6317771A58062EAEE9E"
"origine\sd\sorgenti\bm-sd\GENERA\Rebuli modificato CAD\compnuccio vecchio mandato lazzerini\fancoils.XG0","4096","5507DD3D8EEE3BBF864D2D378EB8FA5EB357EE97475DD3B6D4DF16B303A577C4"
"origine\sd\sorgenti\bm-sd\GENERA\Rebuli modificato CAD\compnuccio vecchio mandato lazzerini\fancoils.YG0","4096","985853153286B0D4B045D1A45F07ADB967136BE7CEF2B048364BE1CAA6694CED"
"origine\sd\sorgenti\bm-sd\GENERA\Rebuli modificato CAD\compnuccio vecchio mandato lazzerini\fancoils-orizz.bmp","166606","B418ED77851683F29DCAB50139EC6151EB435F4EF2D703EC39FF9CD1439C6D23"
"origine\sd\sorgenti\bm-sd\GENERA\Rebuli modificato CAD\compnuccio vecchio mandato lazzerini\generico.bmp","89462","00EC667CF966C70550EFA611945648FDECDFB8822BCBAD8C3A0AD6FFB131FAD5"
"origine\sd\sorgenti\bm-sd\GENERA\Rebuli modificato CAD\compnuccio vecchio mandato lazzerini\mappadb.pas","2884","9400A43E7CED08A4DFC5707070A30F8473C3EF3EDCC731E2B9CBC4FA9F8D9B49"
"origine\sd\sorgenti\bm-sd\GENERA\Rebuli modificato CAD\compnuccio vecchio mandato lazzerini\Pcompsel.cfg","396","88DE5EF06C81A0BD9402CA86785A84E365B80BB90FBA9CF22971895DD4A1F124"
"origine\sd\sorgenti\bm-sd\GENERA\Rebuli modificato CAD\compnuccio vecchio mandato lazzerini\Pcompsel.dof","1472","5940B1C22A6AE5CDCE892663CE32A6623FC05608ABF8F76616659A347C835F23"
"origine\sd\sorgenti\bm-sd\GENERA\Rebuli modificato CAD\compnuccio vecchio mandato lazzerini\Pcompsel.dpr","296","F2AAB86E33CA244413334BF23EADC333FC5B4CA05238801173B47C4ADC550A20"
"origine\sd\sorgenti\bm-sd\GENERA\Rebuli modificato CAD\compnuccio vecchio mandato lazzerini\Pcompsel.dsk","5010","0D15B2669730A92536668F57A48444D6B7C436BFAF75E5B815E5EA2C096CC127"
"origine\sd\sorgenti\bm-sd\GENERA\Rebuli modificato CAD\compnuccio vecchio mandato lazzerini\Pcompsel.res","876","0DFFE25FD78C18FDDB77055112F83135F009DF17C6374B00DE33060B11EDD915"
"origine\sd\sorgenti\bm-sd\GENERA\Rebuli modificato CAD\compnuccio vecchio mandato lazzerini\piastre.bmp","245142","6A937C69FBA63DF0DB6B355C234A2BE7DFACDB909244FD3E6CD4B9B8A5C6A90C"
"origine\sd\sorgenti\bm-sd\GENERA\Rebuli modificato CAD\compnuccio vecchio mandato lazzerini\radiatore.bmp","100374","446227A90DE4C50706D0D19559DA73DD5D4BD6B652E6D9D8FBA79DA51DFDD9F3"
"origine\sd\sorgenti\bm-sd\GENERA\Rebuli modificato CAD\compnuccio vecchio mandato lazzerini\radiatori.DB","4096","E598BBA13BBFC903FA2E203AEEA64CA65A776F0860A3C776D266A316C1DB4766"
"origine\sd\sorgenti\bm-sd\GENERA\Rebuli modificato CAD\compnuccio vecchio mandato lazzerini\radiatori.PX","4096","698ADA416D1B240EE0EB32F65EC2F7EF934605EF2669AF47B837C4AEECFB5311"
"origine\sd\sorgenti\bm-sd\GENERA\Rebuli modificato CAD\compnuccio vecchio mandato lazzerini\radiatori.XG0","4096","B35288060379476403273282E5A27ED6B7A2C9FB1CE0831834A39E084FD73649"
"origine\sd\sorgenti\bm-sd\GENERA\Rebuli modificato CAD\compnuccio vecchio mandato lazzerini\radiatori.YG0","4096","7E0784C267C751ABB8749FE50DC340385D8A4CBC0668704045F3C5B962876CF0"
"origine\sd\sorgenti\bm-sd\GENERA\Rebuli modificato CAD\compnuccio vecchio mandato lazzerini\Terminali.cfg","396","86BFDCD99C3AED21989B05435ADEC39FDFEC0FF8DC611D22E60143A5D362BF52"
"origine\sd\sorgenti\bm-sd\GENERA\Rebuli modificato CAD\compnuccio vecchio mandato lazzerini\Terminali.dof","1472","A7FD214E9AD2FB100E5435BB167066DB2EFFC7F17D62C3C89C5C4693D5FE621D"
"origine\sd\sorgenti\bm-sd\GENERA\Rebuli modificato CAD\compnuccio vecchio mandato lazzerini\Terminali.dpr","386","3EDFD3B4E902CE48AAC02725C888D0B2CF8EC778F2DD60B3B9B7DAE249416E50"
"origine\sd\sorgenti\bm-sd\GENERA\Rebuli modificato CAD\compnuccio vecchio mandato lazzerini\Terminali.dsk","6428","0A65AE38B6E042F9E46EF9E91169CF43D1A78D4230C0D9C9B730E541E4DFC3D3"
"origine\sd\sorgenti\bm-sd\GENERA\Rebuli modificato CAD\compnuccio vecchio mandato lazzerini\Terminali.res","876","0DFFE25FD78C18FDDB77055112F83135F009DF17C6374B00DE33060B11EDD915"
"origine\sd\sorgenti\bm-sd\GENERA\Rebuli modificato CAD\compnuccio vecchio mandato lazzerini\termostriscia.bmp","30054","AD6D60E8F4B711F16AD7C0E7E947E19662D2209861F2A360D86EC9D1B869151E"
"origine\sd\sorgenti\bm-sd\GENERA\Rebuli modificato CAD\compnuccio vecchio mandato lazzerini\typedef.pas","1347","03325518797D53F8D8369B9BE00A4EAD970DCDAF46B325BA57FB56017794AE30"
"origine\sd\sorgenti\bm-sd\GENERA\Rebuli modificato CAD\compnuccio vecchio mandato lazzerini\Ucompsel.dfm","3557","F1C697A5F5D3D883E1BFE1654394D57B6225736EA827A555C277C07E41980721"
"origine\sd\sorgenti\bm-sd\GENERA\Rebuli modificato CAD\compnuccio vecchio mandato lazzerini\Ucompsel.pas","2487","1B4E14BEE338BA1BCF91C559524CCAABFCEBAB8C5FD8A14E1CB5D236C3748B6B"
"origine\sd\sorgenti\bm-sd\GENERA\Rebuli modificato CAD\compnuccio vecchio mandato lazzerini\UDataLink.pas","2582","53C311319CECBB15807B757D9B9A3C5B7E3D455BA9DA92AEB3DD7F058D557D3C"
"origine\sd\sorgenti\bm-sd\GENERA\Rebuli modificato CAD\compnuccio vecchio mandato lazzerini\UDati.pas","745","7ECFD8720CD57C9E42ACA43F3EB9BA0B171FEDBBFB7D31DBFE3E1DEC2C2A2A05"
"origine\sd\sorgenti\bm-sd\GENERA\Rebuli modificato CAD\compnuccio vecchio mandato lazzerini\UDB.dfm","522","FB6B9162EB2368DD1D19B3546BA60874D20A4C6F262B251BB8823DC91765B670"
"origine\sd\sorgenti\bm-sd\GENERA\Rebuli modificato CAD\compnuccio vecchio mandato lazzerini\UDB.dti","615","5966EB397D85D1BFF7F0D2CE6A1C066736917F2D3026FF325F4F95E3523E6B07"
"origine\sd\sorgenti\bm-sd\GENERA\Rebuli modificato CAD\compnuccio vecchio mandato lazzerini\UDB.pas","384","59DB4DE4C23DE15E4B4B6CB0C27239C558D0A2696BF1ABB371811B67036F47DE"
"origine\sd\sorgenti\bm-sd\GENERA\Rebuli modificato CAD\compnuccio vecchio mandato lazzerini\URunComp.dfm","8541","919F98500AE0B4851ED9395C4DBA1B63FCD03EB64F81B347B8D5ACF20AA78D07"
"origine\sd\sorgenti\bm-sd\GENERA\Rebuli modificato CAD\compnuccio vecchio mandato lazzerini\URunComp.pas","4459","FD038242C2D19EF4C5E6B7362D9DE879A6E949BCA005AF83E609BC8E887CFE7E"
"origine\sd\sorgenti\bm-sd\GENERA\Rebuli modificato CAD\compnuccio vecchio mandato lazzerini\USemplicesel.dfm","9825","772E61925C1CA6BE14AF4947D5F2D0EF90E334ECCA3C7D9F678980790B0D7A8D"
"origine\sd\sorgenti\bm-sd\GENERA\Rebuli modificato CAD\compnuccio vecchio mandato lazzerini\USemplicesel.pas","2574","2D323F68628884F15A2F15C4004C7B8978F951790BACB07789E0BCBEF6B8FEE2"
"origine\sd\sorgenti\bm-sd\GENERA\Rebuli modificato CAD\compnuccio\daticomp.DB","8192","FD2372F7A2D02F4AC857FB0ACD61B9014B1B04599176A891FF96D8A1FC4BAEFD"
"origine\sd\sorgenti\bm-sd\GENERA\Rebuli modificato CAD\compnuccio\daticomp.PX","4096","6017EB8CC29918909855B382EEF43E53C5E936F88CEDF71E524E350F80C57838"
"origine\sd\sorgenti\bm-sd\GENERA\Rebuli modificato CAD\compnuccio\daticomp.XG0","4096","0D8570847C803D0C973E314BBB4A6ACEE142BF91E7E051DF810AF387459A2B2B"
"origine\sd\sorgenti\bm-sd\GENERA\Rebuli modificato CAD\compnuccio\daticomp.xls","30208","79CD7C42AA4B543F4BA2B10697AC19F549E0F7917C76AA4A1C8F251D88B76B9C"
"origine\sd\sorgenti\bm-sd\GENERA\Rebuli modificato CAD\compnuccio\daticomp.YG0","4096","8DABF6D8452AF0CAC9E6096AFECA5EC768FEC62C309A663264874F70DD3DEC77"
"origine\sd\sorgenti\bm-sd\GENERA\Rebuli modificato CAD\compnuccio\parcomp.DB","4096","7E4BE14087EA5688D86EE9251C16443CC09B9D586763DA19A51E4DC9396C8879"
"origine\sd\sorgenti\bm-sd\GENERA\Rebuli modificato CAD\compnuccio\parcomp.PX","4096","C15FC178D24C29CC4E51817AB9D1425525462C5599FF0307D40088A03D7F956D"
"origine\sd\sorgenti\bm-sd\GENERA\Rebuli modificato CAD\compnuccio\Pcompsel.cfg","378","E6D26C7B100DE0D777F20F8D87C56A89D872BF13F215FA8A29360E111A7303A7"
"origine\sd\sorgenti\bm-sd\GENERA\Rebuli modificato CAD\compnuccio\Pcompsel.dof","1283","5465DD6A71645CB910D7F603F845E68740DEE4D4E5445A8E496443854B167341"
"origine\sd\sorgenti\bm-sd\GENERA\Rebuli modificato CAD\compnuccio\Pcompsel.dpr","296","F2AAB86E33CA244413334BF23EADC333FC5B4CA05238801173B47C4ADC550A20"
"origine\sd\sorgenti\bm-sd\GENERA\Rebuli modificato CAD\compnuccio\Pcompsel.dsk","4130","221F3FB0408CFAABA925231F48175281A32EC5D889C30F99C224D47E27137B12"
"origine\sd\sorgenti\bm-sd\GENERA\Rebuli modificato CAD\compnuccio\Pcompsel.res","876","0DFFE25FD78C18FDDB77055112F83135F009DF17C6374B00DE33060B11EDD915"
"origine\sd\sorgenti\bm-sd\GENERA\Rebuli modificato CAD\compnuccio\Ucompsel.dfm","5780","31776BCC33AC73220954417A4959A5CA0EDF27FBABC76DCFDE891A78BBCA0FDE"
"origine\sd\sorgenti\bm-sd\GENERA\Rebuli modificato CAD\compnuccio\Ucompsel.pas","4218","82C8AB9B59D604F714A85B022CD8E7F1AA874495F9DD3A779B47D28640438C20"
"origine\sd\sorgenti\bm-sd\GENERA\Rebuli modificato CAD\compnuccio\URunComp.dfm","4462","5E0B1E971C104160F64CC4BD3625C3768160F02A18F83D8378B5D5788BEC356F"
"origine\sd\sorgenti\bm-sd\GENERA\Rebuli modificato CAD\compnuccio\URunComp.pas","3500","6B7EAC32FE358F1D9C90FE94584700579C0C5E75EB7D41865993B1A5EED3170F"
"origine\sd\sorgenti\bm-sd\GENERA\Rebuli modificato CAD\componenete\art1.jpg","1503","EA0549BEE59143EC6D258D0033FA8D9E3D959C261D5FBA07A1008FEFA965F64C"
"origine\sd\sorgenti\bm-sd\GENERA\Rebuli modificato CAD\componenete\art2.jpg","1561","468D2DD3290C52A9EFE39E09AFB0D67D94431C64EA0620D9083AACC2B2D6B9F9"
"origine\sd\sorgenti\bm-sd\GENERA\Rebuli modificato CAD\componenete\art3.jpg","1499","22E4A8AB46663E327F5ACFCD40944F1FF48C9205FBED8EFC0D067654811A186D"
"origine\sd\sorgenti\bm-sd\GENERA\Rebuli modificato CAD\componenete\art4.jpg","1462","51EAE746024A5EF7A2E2C7DD7DC75408F5BEE5376018C79ADF5490D6FAA81694"
"origine\sd\sorgenti\bm-sd\GENERA\Rebuli modificato CAD\componenete\art5.jpg","1565","98E1E331340E30AE6B9974520068C32436648C2F5976C9C6BFEF24F29D8B7DF4"
"origine\sd\sorgenti\bm-sd\GENERA\Rebuli modificato CAD\componenete\art6.jpg","1397","77A309DC604D634028E6B4B53A3612D9C73C10B0C706FAD23F737DF32A580FEB"
"origine\sd\sorgenti\bm-sd\GENERA\Rebuli modificato CAD\componenete\art7.jpg","1275","C112ED51D0A88196884DCCC0E0BE4CFC66E3A4EC4F09AFBC9A70AE6CBB5C6FFA"
"origine\sd\sorgenti\bm-sd\GENERA\Rebuli modificato CAD\componenete\conf.txt","13612","AD4E97039184506856CB0B6A56A7EA3B6362EAA86BC1F68FFF21259B0FDBF53B"
"origine\sd\sorgenti\bm-sd\GENERA\Rebuli modificato CAD\componenete\daticomp\conf.txt","13612","AD4E97039184506856CB0B6A56A7EA3B6362EAA86BC1F68FFF21259B0FDBF53B"
"origine\sd\sorgenti\bm-sd\GENERA\Rebuli modificato CAD\componenete\daticomp\Img\art1.jpg","1503","EA0549BEE59143EC6D258D0033FA8D9E3D959C261D5FBA07A1008FEFA965F64C"
"origine\sd\sorgenti\bm-sd\GENERA\Rebuli modificato CAD\componenete\daticomp\Img\art2.jpg","1561","468D2DD3290C52A9EFE39E09AFB0D67D94431C64EA0620D9083AACC2B2D6B9F9"
"origine\sd\sorgenti\bm-sd\GENERA\Rebuli modificato CAD\componenete\daticomp\Img\art3.jpg","1499","22E4A8AB46663E327F5ACFCD40944F1FF48C9205FBED8EFC0D067654811A186D"
"origine\sd\sorgenti\bm-sd\GENERA\Rebuli modificato CAD\componenete\daticomp\Img\art4.jpg","1462","51EAE746024A5EF7A2E2C7DD7DC75408F5BEE5376018C79ADF5490D6FAA81694"
"origine\sd\sorgenti\bm-sd\GENERA\Rebuli modificato CAD\componenete\daticomp\Img\art5.jpg","1565","98E1E331340E30AE6B9974520068C32436648C2F5976C9C6BFEF24F29D8B7DF4"
"origine\sd\sorgenti\bm-sd\GENERA\Rebuli modificato CAD\componenete\daticomp\Img\art6.jpg","1397","77A309DC604D634028E6B4B53A3612D9C73C10B0C706FAD23F737DF32A580FEB"
"origine\sd\sorgenti\bm-sd\GENERA\Rebuli modificato CAD\componenete\daticomp\Img\art7.jpg","1275","C112ED51D0A88196884DCCC0E0BE4CFC66E3A4EC4F09AFBC9A70AE6CBB5C6FFA"
"origine\sd\sorgenti\bm-sd\GENERA\Rebuli modificato CAD\componenete\daticomp\Img\det1.jpg","1298","C37A0C5E363FA6516E65FBAFAE5686953ED182AACCE3FE5C4809943B7D3CAD60"
"origine\sd\sorgenti\bm-sd\GENERA\Rebuli modificato CAD\componenete\daticomp\Img\det2.jpg","1677","A55AF3A4D7247292E48C5E61A590809DA166A01A7687B6A844279469FFC7E645"
"origine\sd\sorgenti\bm-sd\GENERA\Rebuli modificato CAD\componenete\daticomp\Img\det3.jpg","1684","20166188B8E26C1AC8104021C1E92B00E8B762188BC2637349752D25D61A3137"
"origine\sd\sorgenti\bm-sd\GENERA\Rebuli modificato CAD\componenete\daticomp\Img\det4.jpg","1406","D2B2AAB4C69663D719B6CB103D71E958AABFBAD3F40D239D27B23E63ACA3B689"
"origine\sd\sorgenti\bm-sd\GENERA\Rebuli modificato CAD\componenete\daticomp\Img\det5.jpg","1427","3464E83B1F94F77A7AB4796CA810C9F87281D71357CEA33E513329673D05A9FB"
"origine\sd\sorgenti\bm-sd\GENERA\Rebuli modificato CAD\componenete\daticomp\Img\grp1.jpg","1380","39D6D3D53EE8F8EECEC2726177AD29F45D571C4B40CEBC1592DFE81B8EA36674"
"origine\sd\sorgenti\bm-sd\GENERA\Rebuli modificato CAD\componenete\daticomp\Img\grp2.jpg","1714","955A0395F6CD1646247877E2E4DF67572134F71CB28BC32B6E9829766A002C6A"
"origine\sd\sorgenti\bm-sd\GENERA\Rebuli modificato CAD\componenete\daticomp\Img\grp3.jpg","1628","64C574804FC8571A7D170C260B80F14414EFD09EFBFD10C5694BB0C127756CA0"
"origine\sd\sorgenti\bm-sd\GENERA\Rebuli modificato CAD\componenete\daticomp\Img\grp4.jpg","1528","0833C6192606F11EE0A93B67FBA4136E62D2A42406FEBEB238ADBB22572014AF"
"origine\sd\sorgenti\bm-sd\GENERA\Rebuli modificato CAD\componenete\daticomp\Img\grp5.jpg","1675","92FB5065F39F72FA154E25BAB8FB8765DCEC834153B2439D7068248B6E9029B5"
"origine\sd\sorgenti\bm-sd\GENERA\Rebuli modificato CAD\componenete\daticomp\Img\grp6.jpg","1290","E715EDE01ABFD6B8B479105266E0A716C4F0E336B95B34ABF5F6CF18389CB9B0"
"origine\sd\sorgenti\bm-sd\GENERA\Rebuli modificato CAD\componenete\daticomp\Img\grp7.jpg","1296","CF66ABCEC53E1D42B519307A3262CED7872CA35D85BDFCFB0F590DDDF9DEE6C7"
"origine\sd\sorgenti\bm-sd\GENERA\Rebuli modificato CAD\componenete\daticomp\Img\ProterMGI-070.jpg","26422","FB7CAF546BB937DBF6DCD73CEF247896C5AB7E35AE8410C2A841A1DBE44CACDB"
"origine\sd\sorgenti\bm-sd\GENERA\Rebuli modificato CAD\componenete\daticomp\Img\ProterMGI-105.jpg","43436","E3E428FC09636AFE399F684AAA490544BD7001C70558C80D84D052811360A6A9"
"origine\sd\sorgenti\bm-sd\GENERA\Rebuli modificato CAD\componenete\daticomp\Img\ProterMGI-210.jpg","38839","70B81833232E769FEEAAC24300FD91BC0270A96F9630BDFC33C496C668F9BBD7"
"origine\sd\sorgenti\bm-sd\GENERA\Rebuli modificato CAD\componenete\daticomp\Img\R1r.jpg","10175","0BF34B814AB71C679C0547CD1A14B10F5366FFB57EE05399E5420B602476366B"
"origine\sd\sorgenti\bm-sd\GENERA\Rebuli modificato CAD\componenete\daticomp\Img\R2r.jpg","8942","5A17E18A84F647E0CC80F68E6BE4542B1F9123F9915BBB95E5DBAEE197A04B50"
"origine\sd\sorgenti\bm-sd\GENERA\Rebuli modificato CAD\componenete\daticomp\Img\R3r.jpg","9806","7CD2AF802108490A1E770D34308A246CD3DB32BEE5221ECD2C722EC2C96FE9F2"
"origine\sd\sorgenti\bm-sd\GENERA\Rebuli modificato CAD\componenete\daticomp\Img\R4r.jpg","10788","B332F59787ACC4C4A63FC958AC30979C7A14BEC1327DD953FBDF3BC2C432D2C6"
"origine\sd\sorgenti\bm-sd\GENERA\Rebuli modificato CAD\componenete\daticomp\Img\R5r.jpg","6488","C4B4A14E4E62AA90B0E2B341CE21AA2A590B620C9213E121C94F7EEE2AF97944"
"origine\sd\sorgenti\bm-sd\GENERA\Rebuli modificato CAD\componenete\daticomp\Logo.bmp","45822","DE6E0F037FE19016A0251A02A4D7C1234E020CF6E0A848755DC73661D0357336"
"origine\sd\sorgenti\bm-sd\GENERA\Rebuli modificato CAD\componenete\det1.jpg","1298","C37A0C5E363FA6516E65FBAFAE5686953ED182AACCE3FE5C4809943B7D3CAD60"
"origine\sd\sorgenti\bm-sd\GENERA\Rebuli modificato CAD\componenete\det2.jpg","1677","A55AF3A4D7247292E48C5E61A590809DA166A01A7687B6A844279469FFC7E645"
"origine\sd\sorgenti\bm-sd\GENERA\Rebuli modificato CAD\componenete\det3.jpg","1684","20166188B8E26C1AC8104021C1E92B00E8B762188BC2637349752D25D61A3137"
"origine\sd\sorgenti\bm-sd\GENERA\Rebuli modificato CAD\componenete\det4.jpg","1406","D2B2AAB4C69663D719B6CB103D71E958AABFBAD3F40D239D27B23E63ACA3B689"
"origine\sd\sorgenti\bm-sd\GENERA\Rebuli modificato CAD\componenete\det5.jpg","1427","3464E83B1F94F77A7AB4796CA810C9F87281D71357CEA33E513329673D05A9FB"
"origine\sd\sorgenti\bm-sd\GENERA\Rebuli modificato CAD\componenete\docpaolo componente delphi.txt","2782","9F75CD0B36D0004E4D24F0EE535BF1AE23C4403938B5FFE06FF43E490BCF8908"
"origine\sd\sorgenti\bm-sd\GENERA\Rebuli modificato CAD\componenete\grp1.jpg","1380","39D6D3D53EE8F8EECEC2726177AD29F45D571C4B40CEBC1592DFE81B8EA36674"
"origine\sd\sorgenti\bm-sd\GENERA\Rebuli modificato CAD\componenete\grp2.jpg","1714","955A0395F6CD1646247877E2E4DF67572134F71CB28BC32B6E9829766A002C6A"
"origine\sd\sorgenti\bm-sd\GENERA\Rebuli modificato CAD\componenete\grp3.jpg","1628","64C574804FC8571A7D170C260B80F14414EFD09EFBFD10C5694BB0C127756CA0"
"origine\sd\sorgenti\bm-sd\GENERA\Rebuli modificato CAD\componenete\grp4.jpg","1528","0833C6192606F11EE0A93B67FBA4136E62D2A42406FEBEB238ADBB22572014AF"
"origine\sd\sorgenti\bm-sd\GENERA\Rebuli modificato CAD\componenete\grp5.jpg","1675","92FB5065F39F72FA154E25BAB8FB8765DCEC834153B2439D7068248B6E9029B5"
"origine\sd\sorgenti\bm-sd\GENERA\Rebuli modificato CAD\componenete\grp6.jpg","1290","E715EDE01ABFD6B8B479105266E0A716C4F0E336B95B34ABF5F6CF18389CB9B0"
"origine\sd\sorgenti\bm-sd\GENERA\Rebuli modificato CAD\componenete\grp7.jpg","1296","CF66ABCEC53E1D42B519307A3262CED7872CA35D85BDFCFB0F590DDDF9DEE6C7"
"origine\sd\sorgenti\bm-sd\GENERA\Rebuli modificato CAD\componenete\header.htm","9848","A60FCE902E7B862549C3D10230F554BD383CBAC7A9E66517BE2930DFB9B9BF92"
"origine\sd\sorgenti\bm-sd\GENERA\Rebuli modificato CAD\componenete\Img\art1.jpg","1503","EA0549BEE59143EC6D258D0033FA8D9E3D959C261D5FBA07A1008FEFA965F64C"
"origine\sd\sorgenti\bm-sd\GENERA\Rebuli modificato CAD\componenete\Img\art2.jpg","1561","468D2DD3290C52A9EFE39E09AFB0D67D94431C64EA0620D9083AACC2B2D6B9F9"
"origine\sd\sorgenti\bm-sd\GENERA\Rebuli modificato CAD\componenete\Img\art3.jpg","1499","22E4A8AB46663E327F5ACFCD40944F1FF48C9205FBED8EFC0D067654811A186D"
"origine\sd\sorgenti\bm-sd\GENERA\Rebuli modificato CAD\componenete\Img\art4.jpg","1462","51EAE746024A5EF7A2E2C7DD7DC75408F5BEE5376018C79ADF5490D6FAA81694"
"origine\sd\sorgenti\bm-sd\GENERA\Rebuli modificato CAD\componenete\Img\art5.jpg","1565","98E1E331340E30AE6B9974520068C32436648C2F5976C9C6BFEF24F29D8B7DF4"
"origine\sd\sorgenti\bm-sd\GENERA\Rebuli modificato CAD\componenete\Img\art6.jpg","1397","77A309DC604D634028E6B4B53A3612D9C73C10B0C706FAD23F737DF32A580FEB"
"origine\sd\sorgenti\bm-sd\GENERA\Rebuli modificato CAD\componenete\Img\art7.jpg","1275","C112ED51D0A88196884DCCC0E0BE4CFC66E3A4EC4F09AFBC9A70AE6CBB5C6FFA"
"origine\sd\sorgenti\bm-sd\GENERA\Rebuli modificato CAD\componenete\Img\det1.jpg","1298","C37A0C5E363FA6516E65FBAFAE5686953ED182AACCE3FE5C4809943B7D3CAD60"
"origine\sd\sorgenti\bm-sd\GENERA\Rebuli modificato CAD\componenete\Img\det2.jpg","1677","A55AF3A4D7247292E48C5E61A590809DA166A01A7687B6A844279469FFC7E645"
"origine\sd\sorgenti\bm-sd\GENERA\Rebuli modificato CAD\componenete\Img\det3.jpg","1684","20166188B8E26C1AC8104021C1E92B00E8B762188BC2637349752D25D61A3137"
"origine\sd\sorgenti\bm-sd\GENERA\Rebuli modificato CAD\componenete\Img\det4.jpg","1406","D2B2AAB4C69663D719B6CB103D71E958AABFBAD3F40D239D27B23E63ACA3B689"
"origine\sd\sorgenti\bm-sd\GENERA\Rebuli modificato CAD\componenete\Img\det5.jpg","1427","3464E83B1F94F77A7AB4796CA810C9F87281D71357CEA33E513329673D05A9FB"
"origine\sd\sorgenti\bm-sd\GENERA\Rebuli modificato CAD\componenete\Img\grp1.jpg","1380","39D6D3D53EE8F8EECEC2726177AD29F45D571C4B40CEBC1592DFE81B8EA36674"
"origine\sd\sorgenti\bm-sd\GENERA\Rebuli modificato CAD\componenete\Img\grp2.jpg","1714","955A0395F6CD1646247877E2E4DF67572134F71CB28BC32B6E9829766A002C6A"
"origine\sd\sorgenti\bm-sd\GENERA\Rebuli modificato CAD\componenete\Img\grp3.jpg","1628","64C574804FC8571A7D170C260B80F14414EFD09EFBFD10C5694BB0C127756CA0"
"origine\sd\sorgenti\bm-sd\GENERA\Rebuli modificato CAD\componenete\Img\grp4.jpg","1528","0833C6192606F11EE0A93B67FBA4136E62D2A42406FEBEB238ADBB22572014AF"
"origine\sd\sorgenti\bm-sd\GENERA\Rebuli modificato CAD\componenete\Img\grp5.jpg","1675","92FB5065F39F72FA154E25BAB8FB8765DCEC834153B2439D7068248B6E9029B5"
"origine\sd\sorgenti\bm-sd\GENERA\Rebuli modificato CAD\componenete\Img\grp6.jpg","1290","E715EDE01ABFD6B8B479105266E0A716C4F0E336B95B34ABF5F6CF18389CB9B0"
"origine\sd\sorgenti\bm-sd\GENERA\Rebuli modificato CAD\componenete\Img\grp7.jpg","1296","CF66ABCEC53E1D42B519307A3262CED7872CA35D85BDFCFB0F590DDDF9DEE6C7"
"origine\sd\sorgenti\bm-sd\GENERA\Rebuli modificato CAD\componenete\Img\ProterMGI-070.jpg","26422","FB7CAF546BB937DBF6DCD73CEF247896C5AB7E35AE8410C2A841A1DBE44CACDB"
"origine\sd\sorgenti\bm-sd\GENERA\Rebuli modificato CAD\componenete\Img\ProterMGI-105.jpg","43436","E3E428FC09636AFE399F684AAA490544BD7001C70558C80D84D052811360A6A9"
"origine\sd\sorgenti\bm-sd\GENERA\Rebuli modificato CAD\componenete\Img\ProterMGI-210.jpg","38839","70B81833232E769FEEAAC24300FD91BC0270A96F9630BDFC33C496C668F9BBD7"
"origine\sd\sorgenti\bm-sd\GENERA\Rebuli modificato CAD\componenete\Img\R1r.jpg","10175","0BF34B814AB71C679C0547CD1A14B10F5366FFB57EE05399E5420B602476366B"
"origine\sd\sorgenti\bm-sd\GENERA\Rebuli modificato CAD\componenete\Img\R2r.jpg","8942","5A17E18A84F647E0CC80F68E6BE4542B1F9123F9915BBB95E5DBAEE197A04B50"
"origine\sd\sorgenti\bm-sd\GENERA\Rebuli modificato CAD\componenete\Img\R3r.jpg","9806","7CD2AF802108490A1E770D34308A246CD3DB32BEE5221ECD2C722EC2C96FE9F2"
"origine\sd\sorgenti\bm-sd\GENERA\Rebuli modificato CAD\componenete\Img\R4r.jpg","10788","B332F59787ACC4C4A63FC958AC30979C7A14BEC1327DD953FBDF3BC2C432D2C6"
"origine\sd\sorgenti\bm-sd\GENERA\Rebuli modificato CAD\componenete\Img\R5r.jpg","6488","C4B4A14E4E62AA90B0E2B341CE21AA2A590B620C9213E121C94F7EEE2AF97944"
"origine\sd\sorgenti\bm-sd\GENERA\Rebuli modificato CAD\componenete\img_bmp\ProterMGI-070.bmp","153558","962A173E8433FBCB45806ADA857BE43530EDA3CCAB801A1CDD046D3BF4205AD3"
"origine\sd\sorgenti\bm-sd\GENERA\Rebuli modificato CAD\componenete\img_bmp\ProterMGI-105.bmp","142182","4327E665BAFE006472F671C4DA302536931E6293182841B7C4F29CB7C4350205"
"origine\sd\sorgenti\bm-sd\GENERA\Rebuli modificato CAD\componenete\img_bmp\ProterMGI-210.bmp","151902","875F681533883DE3074313BFD2A4CB0FEA56EF75BAC10F331FEFFC2621BA168B"
"origine\sd\sorgenti\bm-sd\GENERA\Rebuli modificato CAD\componenete\img_bmp\R1r.bmp","21954","B14BE2C970DE6E5EFCA9BB2E413A52C389786A48123F463CEC6AC129731783F4"
"origine\sd\sorgenti\bm-sd\GENERA\Rebuli modificato CAD\componenete\img_bmp\R2r.bmp","21954","BF309E2B6A406C56A8DD9CDDA0F13F95A51FB0A152E1BB77EDA4A10CFF01DC97"
"origine\sd\sorgenti\bm-sd\GENERA\Rebuli modificato CAD\componenete\img_bmp\R3r.bmp","21954","E2BDDF88839CFE0C4E2706A31CD83A4FDA9A0AB68C2F41E7264A47A55431E322"
"origine\sd\sorgenti\bm-sd\GENERA\Rebuli modificato CAD\componenete\img_bmp\R4r.bmp","21954","EB5B4230A679D0312B5A4ACC7BF0ACCA4DAB41AD97FD791FDC9109BA5090405C"
"origine\sd\sorgenti\bm-sd\GENERA\Rebuli modificato CAD\componenete\img_bmp\R5r.bmp","18954","8ABFC3DF571DEB740CD824B156703580434AFB6EBE8CFB27225D8621459873D1"
"origine\sd\sorgenti\bm-sd\GENERA\Rebuli modificato CAD\componenete\istruzione.doc","25088","1582CE9804305508DBCF959978B20B8948CAB74945873F0CAB2D9C9DE50D35B8"
"origine\sd\sorgenti\bm-sd\GENERA\Rebuli modificato CAD\componenete\Logo.bmp","45822","DE6E0F037FE19016A0251A02A4D7C1234E020CF6E0A848755DC73661D0357336"
"origine\sd\sorgenti\bm-sd\GENERA\Rebuli modificato CAD\componenete\ProterMGI-070.jpg","26422","FB7CAF546BB937DBF6DCD73CEF247896C5AB7E35AE8410C2A841A1DBE44CACDB"
"origine\sd\sorgenti\bm-sd\GENERA\Rebuli modificato CAD\componenete\ProterMGI-105.jpg","43436","E3E428FC09636AFE399F684AAA490544BD7001C70558C80D84D052811360A6A9"
"origine\sd\sorgenti\bm-sd\GENERA\Rebuli modificato CAD\componenete\ProterMGI-210.jpg","38839","70B81833232E769FEEAAC24300FD91BC0270A96F9630BDFC33C496C668F9BBD7"
"origine\sd\sorgenti\bm-sd\GENERA\Rebuli modificato CAD\componenete\Provacomp.cfg","378","E6D26C7B100DE0D777F20F8D87C56A89D872BF13F215FA8A29360E111A7303A7"
"origine\sd\sorgenti\bm-sd\GENERA\Rebuli modificato CAD\componenete\Provacomp.dof","1044","94209D77061CE2F0608064E0E9F3870372AD59B8674EE60DD8A9EA4C552969F4"
"origine\sd\sorgenti\bm-sd\GENERA\Rebuli modificato CAD\componenete\Provacomp.dpr","199","527DAA8CC02AD4403602F2E5D3019082625DDE56BB95F61F1D8828CF03BC63AC"
"origine\sd\sorgenti\bm-sd\GENERA\Rebuli modificato CAD\componenete\Provacomp.dsk","3573","62B5CD2A0D18D12052324B22386CF1F50AA3ECA349E2FCD4A3C3A69BE3D9DEE6"
"origine\sd\sorgenti\bm-sd\GENERA\Rebuli modificato CAD\componenete\Provacomp.res","876","0DFFE25FD78C18FDDB77055112F83135F009DF17C6374B00DE33060B11EDD915"
"origine\sd\sorgenti\bm-sd\GENERA\Rebuli modificato CAD\componenete\R1r.jpg","10175","0BF34B814AB71C679C0547CD1A14B10F5366FFB57EE05399E5420B602476366B"
"origine\sd\sorgenti\bm-sd\GENERA\Rebuli modificato CAD\componenete\R2r.jpg","8942","5A17E18A84F647E0CC80F68E6BE4542B1F9123F9915BBB95E5DBAEE197A04B50"
"origine\sd\sorgenti\bm-sd\GENERA\Rebuli modificato CAD\componenete\R3r.jpg","9806","7CD2AF802108490A1E770D34308A246CD3DB32BEE5221ECD2C722EC2C96FE9F2"
"origine\sd\sorgenti\bm-sd\GENERA\Rebuli modificato CAD\componenete\R4r.jpg","10788","B332F59787ACC4C4A63FC958AC30979C7A14BEC1327DD953FBDF3BC2C432D2C6"
"origine\sd\sorgenti\bm-sd\GENERA\Rebuli modificato CAD\componenete\R5r.jpg","6488","C4B4A14E4E62AA90B0E2B341CE21AA2A590B620C9213E121C94F7EEE2AF97944"
"origine\sd\sorgenti\bm-sd\GENERA\Rebuli modificato CAD\componenete\Uprovacomp.dfm","1269","042271AB9975994332471692B0BCF9C9A214EC4E812BAEA593D97396C8431DB7"
"origine\sd\sorgenti\bm-sd\GENERA\Rebuli modificato CAD\componenete\Uprovacomp.pas","520","B7D936E17FA71AD301D5A636C564F2748884CC23D6EA9203AB05CE150CAD75E0"
"origine\sd\sorgenti\bm-sd\GENERA\Rebuli modificato CAD\conf.txt","13612","AD4E97039184506856CB0B6A56A7EA3B6362EAA86BC1F68FFF21259B0FDBF53B"
"origine\sd\sorgenti\bm-sd\GENERA\Rebuli modificato CAD\DataIn.pas","5858","6A2D354A9E0B80B8D5AA26AE65F6F1B77693022EE335FA10571E53FF192A7B7C"
"origine\sd\sorgenti\bm-sd\GENERA\Rebuli modificato CAD\DataLink.pas","14141","1BD7615A9F89484A4FE337A4FF607E67D7BDD318D719A285155C78A0C15C3746"
"origine\sd\sorgenti\bm-sd\GENERA\Rebuli modificato CAD\DataOut.pas","5605","158A09DBFB64DBD8C4F52E9B7C7BA9F2C50EE8B705CBE77A0BFDF917AA0DC76E"
"origine\sd\sorgenti\bm-sd\GENERA\Rebuli modificato CAD\dati\1.ref","14","D043BCC535C2BB2F5EE89332723F9CDAB8CC9C28D5180969A727379128FB42B9"
"origine\sd\sorgenti\bm-sd\GENERA\Rebuli modificato CAD\disegnoinscala.pas","61","C6C362D04C11AC0AE01C3B2A2224E3C023EA74CD1C131DC0585BEA81B72EC4B6"
"origine\sd\sorgenti\bm-sd\GENERA\Rebuli modificato CAD\doc\formule rebuli.doc","117760","3F299DB88E94626BCCCBDB56D906E6D0FBECCE63FD0FAC46C5747DD3F0B10C26"
"origine\sd\sorgenti\bm-sd\GENERA\Rebuli modificato CAD\doc\formule rebuli.txt","8342","9407A893ACB74CABECB7EE4CBC8379CB21D0A62C1CF10931318907EA2E8645BD"
"origine\sd\sorgenti\bm-sd\GENERA\Rebuli modificato CAD\doc\Immagine1.jpg","100947","8C810F5C25DCC3B11CCAC870FB99BFA9C7EB2320C3DE482450DF28A242F92718"
"origine\sd\sorgenti\bm-sd\GENERA\Rebuli modificato CAD\doc\Immagine2.jpg","140670","B9C39E3AF647B16515305E11235CD78F642C5C0CFD39CCCDBE466A9C0B778ACC"
"origine\sd\sorgenti\bm-sd\GENERA\Rebuli modificato CAD\doc\Immagine3.jpg","95066","FD402CEBE85FC16DF3BD058C0B7F960F328C4E88A89096541C07B5E513387ABF"
"origine\sd\sorgenti\bm-sd\GENERA\Rebuli modificato CAD\doc\Immagine4.jpg","116432","862D3EE25C344075B2E62FB2B81E39AE91F4EC23B4749BB51B6102F32B4DA590"
"origine\sd\sorgenti\bm-sd\GENERA\Rebuli modificato CAD\doc\interfaccia comp.txt","9141","AA491D5E76BBE3AF0D545CF6ADFB2B56809B68C51E247B39C6A4BE7A58CD9F80"
"origine\sd\sorgenti\bm-sd\GENERA\Rebuli modificato CAD\docpaolo componente delphi.txt","2782","9F75CD0B36D0004E4D24F0EE535BF1AE23C4403938B5FFE06FF43E490BCF8908"
"origine\sd\sorgenti\bm-sd\GENERA\Rebuli modificato CAD\FunzionifinestraGrafica.pas","70","92DD504FB6499E1374033ADE5EF608BE8953E6FF073C9D7AE5F3E04E4CE5CAC5"
"origine\sd\sorgenti\bm-sd\GENERA\Rebuli modificato CAD\Grafica.pas","15982","AB2E213DF7776FBEB23AFA7629797FC3DF8571A6596E392D624C2666C3DDB462"
"origine\sd\sorgenti\bm-sd\GENERA\Rebuli modificato CAD\header.htm","9848","A60FCE902E7B862549C3D10230F554BD383CBAC7A9E66517BE2930DFB9B9BF92"
"origine\sd\sorgenti\bm-sd\GENERA\Rebuli modificato CAD\Img\art1.jpg","1503","EA0549BEE59143EC6D258D0033FA8D9E3D959C261D5FBA07A1008FEFA965F64C"
"origine\sd\sorgenti\bm-sd\GENERA\Rebuli modificato CAD\Img\art2.jpg","1561","468D2DD3290C52A9EFE39E09AFB0D67D94431C64EA0620D9083AACC2B2D6B9F9"
"origine\sd\sorgenti\bm-sd\GENERA\Rebuli modificato CAD\Img\art3.jpg","1499","22E4A8AB46663E327F5ACFCD40944F1FF48C9205FBED8EFC0D067654811A186D"
"origine\sd\sorgenti\bm-sd\GENERA\Rebuli modificato CAD\Img\art4.jpg","1462","51EAE746024A5EF7A2E2C7DD7DC75408F5BEE5376018C79ADF5490D6FAA81694"
"origine\sd\sorgenti\bm-sd\GENERA\Rebuli modificato CAD\Img\art5.jpg","1565","98E1E331340E30AE6B9974520068C32436648C2F5976C9C6BFEF24F29D8B7DF4"
"origine\sd\sorgenti\bm-sd\GENERA\Rebuli modificato CAD\Img\art6.jpg","1397","77A309DC604D634028E6B4B53A3612D9C73C10B0C706FAD23F737DF32A580FEB"
"origine\sd\sorgenti\bm-sd\GENERA\Rebuli modificato CAD\Img\art7.jpg","1275","C112ED51D0A88196884DCCC0E0BE4CFC66E3A4EC4F09AFBC9A70AE6CBB5C6FFA"
"origine\sd\sorgenti\bm-sd\GENERA\Rebuli modificato CAD\Img\det1.jpg","1298","C37A0C5E363FA6516E65FBAFAE5686953ED182AACCE3FE5C4809943B7D3CAD60"
"origine\sd\sorgenti\bm-sd\GENERA\Rebuli modificato CAD\Img\det2.jpg","1677","A55AF3A4D7247292E48C5E61A590809DA166A01A7687B6A844279469FFC7E645"
"origine\sd\sorgenti\bm-sd\GENERA\Rebuli modificato CAD\Img\det3.jpg","1684","20166188B8E26C1AC8104021C1E92B00E8B762188BC2637349752D25D61A3137"
"origine\sd\sorgenti\bm-sd\GENERA\Rebuli modificato CAD\Img\det4.jpg","1406","D2B2AAB4C69663D719B6CB103D71E958AABFBAD3F40D239D27B23E63ACA3B689"
"origine\sd\sorgenti\bm-sd\GENERA\Rebuli modificato CAD\Img\det5.jpg","1427","3464E83B1F94F77A7AB4796CA810C9F87281D71357CEA33E513329673D05A9FB"
"origine\sd\sorgenti\bm-sd\GENERA\Rebuli modificato CAD\Img\grp1.jpg","1380","39D6D3D53EE8F8EECEC2726177AD29F45D571C4B40CEBC1592DFE81B8EA36674"
"origine\sd\sorgenti\bm-sd\GENERA\Rebuli modificato CAD\Img\grp2.jpg","1714","955A0395F6CD1646247877E2E4DF67572134F71CB28BC32B6E9829766A002C6A"
"origine\sd\sorgenti\bm-sd\GENERA\Rebuli modificato CAD\Img\grp3.jpg","1628","64C574804FC8571A7D170C260B80F14414EFD09EFBFD10C5694BB0C127756CA0"
"origine\sd\sorgenti\bm-sd\GENERA\Rebuli modificato CAD\Img\grp4.jpg","1528","0833C6192606F11EE0A93B67FBA4136E62D2A42406FEBEB238ADBB22572014AF"
"origine\sd\sorgenti\bm-sd\GENERA\Rebuli modificato CAD\Img\grp5.jpg","1675","92FB5065F39F72FA154E25BAB8FB8765DCEC834153B2439D7068248B6E9029B5"
"origine\sd\sorgenti\bm-sd\GENERA\Rebuli modificato CAD\Img\grp6.jpg","1290","E715EDE01ABFD6B8B479105266E0A716C4F0E336B95B34ABF5F6CF18389CB9B0"
"origine\sd\sorgenti\bm-sd\GENERA\Rebuli modificato CAD\Img\grp7.jpg","1296","CF66ABCEC53E1D42B519307A3262CED7872CA35D85BDFCFB0F590DDDF9DEE6C7"
"origine\sd\sorgenti\bm-sd\GENERA\Rebuli modificato CAD\Img\ProterMGI-070.jpg","26422","FB7CAF546BB937DBF6DCD73CEF247896C5AB7E35AE8410C2A841A1DBE44CACDB"
"origine\sd\sorgenti\bm-sd\GENERA\Rebuli modificato CAD\Img\ProterMGI-105.jpg","43436","E3E428FC09636AFE399F684AAA490544BD7001C70558C80D84D052811360A6A9"
"origine\sd\sorgenti\bm-sd\GENERA\Rebuli modificato CAD\Img\ProterMGI-210.jpg","38839","70B81833232E769FEEAAC24300FD91BC0270A96F9630BDFC33C496C668F9BBD7"
"origine\sd\sorgenti\bm-sd\GENERA\Rebuli modificato CAD\Img\R1r.jpg","10175","0BF34B814AB71C679C0547CD1A14B10F5366FFB57EE05399E5420B602476366B"
"origine\sd\sorgenti\bm-sd\GENERA\Rebuli modificato CAD\Img\R2r.jpg","8942","5A17E18A84F647E0CC80F68E6BE4542B1F9123F9915BBB95E5DBAEE197A04B50"
"origine\sd\sorgenti\bm-sd\GENERA\Rebuli modificato CAD\Img\R3r.jpg","9806","7CD2AF802108490A1E770D34308A246CD3DB32BEE5221ECD2C722EC2C96FE9F2"
"origine\sd\sorgenti\bm-sd\GENERA\Rebuli modificato CAD\Img\R4r.jpg","10788","B332F59787ACC4C4A63FC958AC30979C7A14BEC1327DD953FBDF3BC2C432D2C6"
"origine\sd\sorgenti\bm-sd\GENERA\Rebuli modificato CAD\Img\R5r.jpg","6488","C4B4A14E4E62AA90B0E2B341CE21AA2A590B620C9213E121C94F7EEE2AF97944"
"origine\sd\sorgenti\bm-sd\GENERA\Rebuli modificato CAD\istruzione.doc","25088","1582CE9804305508DBCF959978B20B8948CAB74945873F0CAB2D9C9DE50D35B8"
"origine\sd\sorgenti\bm-sd\GENERA\Rebuli modificato CAD\Logo.bmp","45822","DE6E0F037FE19016A0251A02A4D7C1234E020CF6E0A848755DC73661D0357336"
"origine\sd\sorgenti\bm-sd\GENERA\Rebuli modificato CAD\Mappadb.pas","7114","D2BC1618CD37561F5220563125066447101D875EB07D81C54B895150EF1DBF85"
"origine\sd\sorgenti\bm-sd\GENERA\Rebuli modificato CAD\path.fil","73","D6A321F60AACEB27298DD117B032D931A9DE50720A71668C92F4C3927EA65EDC"
"origine\sd\sorgenti\bm-sd\GENERA\Rebuli modificato CAD\Pprovacomp.cfg","378","E6D26C7B100DE0D777F20F8D87C56A89D872BF13F215FA8A29360E111A7303A7"
"origine\sd\sorgenti\bm-sd\GENERA\Rebuli modificato CAD\Pprovacomp.dof","1053","57711744A7A0A7F1033FEF33AABDA30BBCB81EF31805F960014DAE804274E2B5"
"origine\sd\sorgenti\bm-sd\GENERA\Rebuli modificato CAD\Pprovacomp.dpr","305","376154006BCA3E32E99353DE40EE1F072828370D12E2FAA921673CFFE7CA84C9"
"origine\sd\sorgenti\bm-sd\GENERA\Rebuli modificato CAD\Pprovacomp.dsk","4159","E5A2F823BBD98B590906D9899CE23BB039E7718A031EECFE58C446F7EDC30CA3"
"origine\sd\sorgenti\bm-sd\GENERA\Rebuli modificato CAD\Pprovacomp.res","876","0DFFE25FD78C18FDDB77055112F83135F009DF17C6374B00DE33060B11EDD915"
"origine\sd\sorgenti\bm-sd\GENERA\Rebuli modificato CAD\prova1.ref","14","D043BCC535C2BB2F5EE89332723F9CDAB8CC9C28D5180969A727379128FB42B9"
"origine\sd\sorgenti\bm-sd\GENERA\Rebuli modificato CAD\prova2.ref","14","D043BCC535C2BB2F5EE89332723F9CDAB8CC9C28D5180969A727379128FB42B9"
"origine\sd\sorgenti\bm-sd\GENERA\Rebuli modificato CAD\Provacomp.cfg","378","E6D26C7B100DE0D777F20F8D87C56A89D872BF13F215FA8A29360E111A7303A7"
"origine\sd\sorgenti\bm-sd\GENERA\Rebuli modificato CAD\Provacomp.dof","1044","94209D77061CE2F0608064E0E9F3870372AD59B8674EE60DD8A9EA4C552969F4"
"origine\sd\sorgenti\bm-sd\GENERA\Rebuli modificato CAD\Provacomp.dpr","199","527DAA8CC02AD4403602F2E5D3019082625DDE56BB95F61F1D8828CF03BC63AC"
"origine\sd\sorgenti\bm-sd\GENERA\Rebuli modificato CAD\Provacomp.dsk","3573","62B5CD2A0D18D12052324B22386CF1F50AA3ECA349E2FCD4A3C3A69BE3D9DEE6"
"origine\sd\sorgenti\bm-sd\GENERA\Rebuli modificato CAD\Provacomp.res","876","0DFFE25FD78C18FDDB77055112F83135F009DF17C6374B00DE33060B11EDD915"
"origine\sd\sorgenti\bm-sd\GENERA\Rebuli modificato CAD\PSofrad.cfg","407","0652AEAA2FF68C40CDA5A64F7F7248CABD57BC5E2996D579042C2F12B0D5A823"
"origine\sd\sorgenti\bm-sd\GENERA\Rebuli modificato CAD\PSofrad.dof","1269","80F2EE0720EF88CB42A4C1D5DA32F2A1CFCE0E58702944736ADF7C48372162FF"
"origine\sd\sorgenti\bm-sd\GENERA\Rebuli modificato CAD\PSofrad.dpr","1507","7EF6474AF3A7A487CCE2CCC367CD17BE91B9D085BC30224D6E69E3D3C0A56D12"
"origine\sd\sorgenti\bm-sd\GENERA\Rebuli modificato CAD\PSofrad.dsk","7223","759170932EC7ABDC4BBE208FF1D44959723C7F058CB0888775E9D52E667D5624"
"origine\sd\sorgenti\bm-sd\GENERA\Rebuli modificato CAD\PSofrad.res","876","B85196D4693472C4A5BF54AFA5C12A3DE459C6B0C4BEE069249532F43FE88C03"
"origine\sd\sorgenti\bm-sd\GENERA\Rebuli modificato CAD\resources\agg.bmp","2030","4B55EDF49C9AB0CE17E5EA79488D18D9057EB4CBE9FCDACC21458B6553A75EFB"
"origine\sd\sorgenti\bm-sd\GENERA\Rebuli modificato CAD\resources\apri.bmp","2030","655C22656CB100892EC478961BC5C9DE82F953D04FF24C214DC3EA135A9E4276"
"origine\sd\sorgenti\bm-sd\GENERA\Rebuli modificato CAD\resources\fiore.bmp","1572918","670EE06D793102ED881F213F9F4CD26E3F246DC9E9DF7B4DF94A806B428A51AF"
"origine\sd\sorgenti\bm-sd\GENERA\Rebuli modificato CAD\resources\nuovo.bmp","2030","F98B526A20FF56246EC92F0E141A18F2022B90911C4C9905D49DDAF0852F0EDC"
"origine\sd\sorgenti\bm-sd\GENERA\Rebuli modificato CAD\resources\Oc.bmp","2030","86EE849027329040E10771B8EEC4B16737810638B93F11E08193C3177D70CB6E"
"origine\sd\sorgenti\bm-sd\GENERA\Rebuli modificato CAD\resources\OD.bmp","2030","B002149585540DBF602706BAC678BE66E5DEA20B714B5BF202A57147182179CC"
"origine\sd\sorgenti\bm-sd\GENERA\Rebuli modificato CAD\resources\Os.bmp","2030","E564BF9EECB3A48DEA837FAC763A53D325B95FB562DD808A3269FDAF93B1B484"
"origine\sd\sorgenti\bm-sd\GENERA\Rebuli modificato CAD\resources\prova.bmp","3126","6FA8AF5A559D69E690F6E1A60BD1A43168DB3F38FC4355E7B8620D42FFE63E18"
"origine\sd\sorgenti\bm-sd\GENERA\Rebuli modificato CAD\resources\va.bmp","2030","2376F3169FA749FCD38CC1A78CFA4D43682989C5C5CB624A36A8DE17A0E24CAA"
"origine\sd\sorgenti\bm-sd\GENERA\Rebuli modificato CAD\resources\vb.bmp","2030","D642363572610215279FCDF5BE575749789ABC13EF4882DB8E51EDA94B033F8A"
"origine\sd\sorgenti\bm-sd\GENERA\Rebuli modificato CAD\resources\vc.bmp","2030","4B55EDF49C9AB0CE17E5EA79488D18D9057EB4CBE9FCDACC21458B6553A75EFB"
"origine\sd\sorgenti\bm-sd\GENERA\Rebuli modificato CAD\SofRad.dfm","71771","446429D9DFD079D01EE96C434F1D74D3F428216074F4F4F73A1D97F51F3F682D"
"origine\sd\sorgenti\bm-sd\GENERA\Rebuli modificato CAD\sofrad.iwz","7919","049D39200E92A84016260C91D48F03E8924BFF8BB66377977F782D121EDCCE0D"
"origine\sd\sorgenti\bm-sd\GENERA\Rebuli modificato CAD\SofRad.pas","16755","89E2BDC505C890664CFF07F82728BC1D763A1C85B084D638590A6A6E871299F2"
"origine\sd\sorgenti\bm-sd\GENERA\Rebuli modificato CAD\SOFRAD\650MB\DISK1\_SETUP.1","6121281","64CCCD3E84F0582AFAE36EB78F564108A8678D4325208D14ABE3547EA39D81CC"
"origine\sd\sorgenti\bm-sd\GENERA\Rebuli modificato CAD\SOFRAD\650MB\DISK1\DISK1.ID","5","4E9EC46C8FE505E5CDA42195710CC97D0EAF7749885D76051270A3804BB4DF68"
"origine\sd\sorgenti\bm-sd\GENERA\Rebuli modificato CAD\SOFRAD\650MB\DISK1\SETUP.INI","46","5C0EADAC618AC9D3C6658E6F1CD0B2EC8FF9E98E48F86F2F44DC714C3230D693"
"origine\sd\sorgenti\bm-sd\GENERA\Rebuli modificato CAD\SOFRAD\650MB\DISK1\SETUP.INS","81342","C6E2212A2A87A9E7ED59749D4997BA47DFA358BA931C0BDD4EEA71593C39B5FA"
"origine\sd\sorgenti\bm-sd\GENERA\Rebuli modificato CAD\SOFRAD\650MB\DISK1\SETUP.PKG","1612","8B64F4DB79C29EECF1047E017799D770E6ECA00B048C82377A201310FB5B1781"
"origine\sd\sorgenti\bm-sd\GENERA\Rebuli modificato CAD\SOFRAD\650MB\TEMP\CORECOMP.INI","27328","EA584F15766AFE3FC53C80AD74EC0650DBD96C46265510A11051DB821B46D5D5"
"origine\sd\sorgenti\bm-sd\GENERA\Rebuli modificato CAD\SOFRAD\650MB\TEMP\DLGIMAGE.BMP","15598","74B25349423579755AC75B434F326FD4222A1CE26B4B8F310541DDFA3A9D4A15"
"origine\sd\sorgenti\bm-sd\GENERA\Rebuli modificato CAD\SOFRAD\650MB\TEMP\Logo.bmp","45822","DE6E0F037FE19016A0251A02A4D7C1234E020CF6E0A848755DC73661D0357336"
"origine\sd\sorgenti\bm-sd\GENERA\Rebuli modificato CAD\SOFRAD\650MB\TEMP\SETUP.INI","7916","24E2592702C3924190C12AF3A1120B7597DEBD64429EE97FD8BDBF82D97BFC92"
"origine\sd\sorgenti\bm-sd\GENERA\Rebuli modificato CAD\SOFRAD\650MB\TEMP\setup1.bmp","76978","407AA582A95C62D31AE84CD0E8E6EF075F6E1C82961270CB5AB4AD811800945A"
"origine\sd\sorgenti\bm-sd\GENERA\Rebuli modificato CAD\typedef.pas","3028","7830B50C690BFD3A0B5A5D924381F794C2BDD72E7AA1E24B08C8FC9559825566"
"origine\sd\sorgenti\bm-sd\GENERA\Rebuli modificato CAD\UCalcoli.pas","3996","45E4A1832E01FBF5B7C81751E3962C035BB0C5B9F01EDA793CAE0DDB34BCC2B7"
"origine\sd\sorgenti\bm-sd\GENERA\Rebuli modificato CAD\UDataLink.pas","6704","74B790A7B8AFFDB0DD3340236D09EAB139CC525E5F4F6852470469B829D867AA"
"origine\sd\sorgenti\bm-sd\GENERA\Rebuli modificato CAD\UDati.pas","352","08598911603FBC14AC480101A51BA159D54E208BDC6A24F328086EA03AA48157"
"origine\sd\sorgenti\bm-sd\GENERA\Rebuli modificato CAD\UDB.dfm","622","D4DBAD0ACB8A6F2EE8BE4475DCB46BFB6DE256AD2572B25729E5ECE34DB89DD7"
"origine\sd\sorgenti\bm-sd\GENERA\Rebuli modificato CAD\UDB.dti","615","17223AC02AE70D74E270CE0194B482CA0D2A5991ED5E6374170414C14227B4B8"
"origine\sd\sorgenti\bm-sd\GENERA\Rebuli modificato CAD\UDB.pas","1135","347458F0EAF00DDB36E3C4F2EB8A014E383DA48A5E36BA0DBD6AC214D29A19F0"
"origine\sd\sorgenti\bm-sd\GENERA\Rebuli modificato CAD\UFormgen.dfm","1529","3765C491799A56E414058E0F7FDE489A965473FFF94F7869512C885B03B5E282"
"origine\sd\sorgenti\bm-sd\GENERA\Rebuli modificato CAD\UFormgen.pas","1192","78533A8793F9A38E57E34A3C2C98ECFDD9FEFF4B75BFD4FEA75F7F522C2FD32D"
"origine\sd\sorgenti\bm-sd\GENERA\Rebuli modificato CAD\UInterattiva.pas","3677","3A80B140EC9CACE46256466DFF83316D917E3304B573F23990B68F7996691828"
"origine\sd\sorgenti\bm-sd\GENERA\Rebuli modificato CAD\UListbox.dfm","99","8B6B1B69C9C8A7BD90EAC130514FF1B7B42652D47360FAEB4E0630F004E3F3C4"
"origine\sd\sorgenti\bm-sd\GENERA\Rebuli modificato CAD\UListbox.pas","278","C2AABD3F2D80AA2DFD28B6D63321CDBC11B7D05717604A57D20C9A85BF1544CE"
"origine\sd\sorgenti\bm-sd\GENERA\Rebuli modificato CAD\UListbox1.dfm","596","0146135313D61D639C254B4AF7F75FBA2ECCD832286AABB60CC66B1338711684"
"origine\sd\sorgenti\bm-sd\GENERA\Rebuli modificato CAD\UListbox1.pas","675","9D02E4474DF29ABC2BF1A1D9D3614921644E2ADF9986FC937D710DFC00EFCD2C"
"origine\sd\sorgenti\bm-sd\GENERA\Rebuli modificato CAD\UMaskgen.dfm","4188","FF6BD220E1D28685061EEFA6796992AA7D8F7133D197481B9AE80BC26F1EE982"
"origine\sd\sorgenti\bm-sd\GENERA\Rebuli modificato CAD\UMaskgen.pas","3496","6B925DB2145D381EABDF3F260F864E9EA783569ECA77D8F20EBF0DDC2F842129"
"origine\sd\sorgenti\bm-sd\GENERA\Rebuli modificato CAD\Unit1.pas","53","A0173DB98B864F4889ECAB2D5630FE8A8E140BA1D790889BC824C8BB05B76A5E"
"origine\sd\sorgenti\bm-sd\GENERA\Rebuli modificato CAD\UPrepStampe.dfm","921","B13748416338FAE4F38A728A92E00248F84AD16B508C52E1CD7F05772F6AA6C8"
"origine\sd\sorgenti\bm-sd\GENERA\Rebuli modificato CAD\UPrepStampe.pas","859","4FFDBBACA5B939DDDBE49074B5B0AF56892E38D93C691E39C204A859ECF4913A"
"origine\sd\sorgenti\bm-sd\GENERA\Rebuli modificato CAD\UProvacomp.dfm","536","710822D52DF38EC61EBC553BE65A3A9B64522FFC3A5166D0E848DD142A9A8EE5"
"origine\sd\sorgenti\bm-sd\GENERA\Rebuli modificato CAD\UProvacomp.pas","1485","081FD7AEAC159BE3804320A1DE08C4816F31DDBF1998F1025C718FBCD15192D4"
"origine\sd\sorgenti\bm-sd\GENERA\Rebuli modificato CAD\UProvacomp1.pas","4747","6B13D9E16615BEF3678CBEBBD56BCA53B0F11A9494050D5D0B394D2C4704B965"
"origine\sd\sorgenti\bm-sd\GENERA\Rebuli modificato CAD\USceltaPann.dfm","1166","F0AD30C000A0E33B0B0C7B7511951A3F4300220410C71C48A2A71343A680B57A"
"origine\sd\sorgenti\bm-sd\GENERA\Rebuli modificato CAD\USceltaPann.pas","532","33AFF2068AA0D0E05E53127DEBD78334D711A5602079441BCBE64BB95AA21224"
"origine\sd\sorgenti\bm-sd\GENERA\Rebuli modificato CAD\Ustampa2.dfm","2155","C7DD13CD31A666DB6AF5B9A374293A94D0C6AB0B56CE89FB34F78B9BD2975053"
"origine\sd\sorgenti\bm-sd\GENERA\Rebuli modificato CAD\Ustampa2.pas","918","40C9CA062FFDC2157FFB59FC650D40D7825DF3F5D677E7A305575F54F31F37B2"
"origine\sd\sorgenti\bm-sd\GENERA\Rebuli modificato CAD\UStampe.dfm","1471","21DF2DC7D88F893DDC65D853EEF5F5584202B6474DAD5ADCD67705F7FD91DEA7"
"origine\sd\sorgenti\bm-sd\GENERA\Rebuli modificato CAD\UStampe.pas","560","23EF4419F22AB0EA9E756503B657B3ABC48A9AA0D560CF6B84AF6029E28EBE6A"
"origine\sd\sorgenti\bm-sd\GENERA\Rebuli modificato CAD\UtilsGen.pas","852","6EF226AC3C9B7BDA46A5D441A743A8AE5A2BFF837EBC75F9519F964420528AAE"
"origine\sd\sorgenti\bm-sd\GENERA\Tubazioni.DB","2048","B3B4EFAEC5430EC8666EBDE6F707017700141D99ADC0DD8C8E9ACB60FAD3612B"
"origine\sd\sorgenti\bm-sd\GENERA\Tubazioni.PX","2048","21D53228733AE5545B8EAA1374572DA11B94F03A32AC50F851B042242B7D2326"
"origine\sd\sorgenti\bm-sd\GENERA\typedef.pas","2442","51BB289F44E0611CCC56FA53EB56C1266BEEEC6806FC0B138C73A501D23C2F7B"
"origine\sd\sorgenti\bm-sd\GENERA\typedef1.pas","1406","FFA0C8B5C3563EFCCEFABAB4C66F12F72AB961DB1BF230C0784E27E0CAA18B66"
"origine\sd\sorgenti\bm-sd\GENERA\UCalc.pas","521","6B94D0A00FC484E3CDDCD38A6F72D7F82CF35C1E02E16A3810510E6EFCF59418"
"origine\sd\sorgenti\bm-sd\GENERA\UDataLink.pas","4389","F3D9C013785E4C391F41782E232ABD0043505E8DFA882285446DD6343C4CA1C6"
"origine\sd\sorgenti\bm-sd\GENERA\UDB.dfm","164","3BEB9373724DB99A4F4BB7193C0A856EA8DC559A1B7A5C7BD212A75E6C0FEC47"
"origine\sd\sorgenti\bm-sd\GENERA\UDB.dti","536","8BDFB32F683238F726B095F0CA41FEDF3CC91D7D4C91D3EFDFE9C15112989B61"
"origine\sd\sorgenti\bm-sd\GENERA\UDB.pas","330","FA975CA2B3A7653A57670A1295E66D6FAB507512B3449EA275B7C92C2079163D"
"origine\sd\sorgenti\bm-sd\GENERA\UFunzGenera.pas","1245","214C17B9414C9D5AF0FF7EB509F88183E28E20B1654CEA1619CFCB347DC67020"
"origine\sd\sorgenti\bm-sd\GENERA\UMainGenera.ddp","51","8B69BBBD2D66C190368104AE96EFCE2329D3543372DBD7B89EC393068519526C"
"origine\sd\sorgenti\bm-sd\GENERA\UMainGenera.dfm","987","EC9159AFEB1795B98F1965D89C4275926F0210EA4ACBDD0942657638523EC092"
"origine\sd\sorgenti\bm-sd\GENERA\UMainGenera.pas","2431","766B34B96F5C024B5D7208B48C881EE1B226B74536CC4FC692716F03B2581677"
"origine\sd\sorgenti\bm-sd\librerie_generali\Gest_form.ddp","51","8B69BBBD2D66C190368104AE96EFCE2329D3543372DBD7B89EC393068519526C"
"origine\sd\sorgenti\bm-sd\librerie_generali\Gest_form.dfm","10464","2992A5190B069E72B605E54057E9A0731D1047AD8514282C0399620B38DD3C0E"
"origine\sd\sorgenti\bm-sd\librerie_generali\Gest_form.pas","20855","516A9002CDD741354C1063C769581E26EEC73DCDA92BA317151CC37B4713E4E9"
"PROVENIENZA.csv","95195","AFCCDA3F1B2B15F5725B5A6DDD7AD70B314B8A5687AF0CDFCA2B69759032503D"
"README.md","1889","6653603AC98C3DD9DD50FF4B904375A35599EA188607100E05360746816F3E14"
