"Categoria","FileRaccolta","FileOriginale"
"Dipendenza esterna","origine\sd\sorgenti\bm-sd\componenti\kbmmem\bdenew\DbTables.pas","C:\DOCUMENTI\sd\sorgenti\bm-sd\componenti\kbmmem\bdenew\DbTables.pas"
"Nucleo GENERA","origine\sd\sorgenti\bm-sd\GENERA\base.dat","C:\DOCUMENTI\sd\sorgenti\bm-sd\GENERA\base.dat"
"Nucleo GENERA","origine\sd\sorgenti\bm-sd\GENERA\Basetubi.dat","C:\DOCUMENTI\sd\sorgenti\bm-sd\GENERA\Basetubi.dat"
"Nucleo GENERA","origine\sd\sorgenti\bm-sd\GENERA\CompilaLista.pas","C:\DOCUMENTI\sd\sorgenti\bm-sd\GENERA\CompilaLista.pas"
"Nucleo GENERA","origine\sd\sorgenti\bm-sd\GENERA\Creadb.pas","C:\DOCUMENTI\sd\sorgenti\bm-sd\GENERA\Creadb.pas"
"Nucleo GENERA","origine\sd\sorgenti\bm-sd\GENERA\DataIn.pas","C:\DOCUMENTI\sd\sorgenti\bm-sd\GENERA\DataIn.pas"
"Nucleo GENERA","origine\sd\sorgenti\bm-sd\GENERA\DataIn1.pas","C:\DOCUMENTI\sd\sorgenti\bm-sd\GENERA\DataIn1.pas"
"Nucleo GENERA","origine\sd\sorgenti\bm-sd\GENERA\DataLink.pas","C:\DOCUMENTI\sd\sorgenti\bm-sd\GENERA\DataLink.pas"
"Nucleo GENERA","origine\sd\sorgenti\bm-sd\GENERA\DataOut.pas","C:\DOCUMENTI\sd\sorgenti\bm-sd\GENERA\DataOut.pas"
"Nucleo GENERA","origine\sd\sorgenti\bm-sd\GENERA\DataOut1.pas","C:\DOCUMENTI\sd\sorgenti\bm-sd\GENERA\DataOut1.pas"
"Nucleo GENERA","origine\sd\sorgenti\bm-sd\GENERA\Diametri.DB","C:\DOCUMENTI\sd\sorgenti\bm-sd\GENERA\Diametri.DB"
"Nucleo GENERA","origine\sd\sorgenti\bm-sd\GENERA\Diametri.PX","C:\DOCUMENTI\sd\sorgenti\bm-sd\GENERA\Diametri.PX"
"Nucleo GENERA","origine\sd\sorgenti\bm-sd\GENERA\Diametri.XG0","C:\DOCUMENTI\sd\sorgenti\bm-sd\GENERA\Diametri.XG0"
"Nucleo GENERA","origine\sd\sorgenti\bm-sd\GENERA\Diametri.YG0","C:\DOCUMENTI\sd\sorgenti\bm-sd\GENERA\Diametri.YG0"
"Nucleo GENERA","origine\sd\sorgenti\bm-sd\GENERA\DispPun.pas","C:\DOCUMENTI\sd\sorgenti\bm-sd\GENERA\DispPun.pas"
"Nucleo GENERA","origine\sd\sorgenti\bm-sd\GENERA\distribuzione\Associata_vuota.pas","C:\DOCUMENTI\sd\sorgenti\bm-sd\GENERA\distribuzione\Associata_vuota.pas"
"Nucleo GENERA","origine\sd\sorgenti\bm-sd\GENERA\distribuzione\calcolo.pas","C:\DOCUMENTI\sd\sorgenti\bm-sd\GENERA\distribuzione\calcolo.pas"
"Nucleo GENERA","origine\sd\sorgenti\bm-sd\GENERA\distribuzione\calcolo_nomeprogetto.pas","C:\DOCUMENTI\sd\sorgenti\bm-sd\GENERA\distribuzione\calcolo_nomeprogetto.pas"
"Nucleo GENERA","origine\sd\sorgenti\bm-sd\GENERA\distribuzione\Configurazione Projectbrower.txt","C:\DOCUMENTI\sd\sorgenti\bm-sd\GENERA\distribuzione\Configurazione Projectbrower.txt"
"Nucleo GENERA","origine\sd\sorgenti\bm-sd\GENERA\distribuzione\Database\Campi.Db","C:\DOCUMENTI\sd\sorgenti\bm-sd\GENERA\distribuzione\Database\Campi.Db"
"Nucleo GENERA","origine\sd\sorgenti\bm-sd\GENERA\distribuzione\Database\Campi.PX","C:\DOCUMENTI\sd\sorgenti\bm-sd\GENERA\distribuzione\Database\Campi.PX"
"Nucleo GENERA","origine\sd\sorgenti\bm-sd\GENERA\distribuzione\Database\Campi.XG0","C:\DOCUMENTI\sd\sorgenti\bm-sd\GENERA\distribuzione\Database\Campi.XG0"
"Nucleo GENERA","origine\sd\sorgenti\bm-sd\GENERA\distribuzione\Database\Campi.YG0","C:\DOCUMENTI\sd\sorgenti\bm-sd\GENERA\distribuzione\Database\Campi.YG0"
"Nucleo GENERA","origine\sd\sorgenti\bm-sd\GENERA\distribuzione\Database\Rec.Db","C:\DOCUMENTI\sd\sorgenti\bm-sd\GENERA\distribuzione\Database\Rec.Db"
"Nucleo GENERA","origine\sd\sorgenti\bm-sd\GENERA\distribuzione\Database\Rec.PX","C:\DOCUMENTI\sd\sorgenti\bm-sd\GENERA\distribuzione\Database\Rec.PX"
"Nucleo GENERA","origine\sd\sorgenti\bm-sd\GENERA\distribuzione\dcu\gest_form.dfm","C:\DOCUMENTI\sd\sorgenti\bm-sd\GENERA\distribuzione\dcu\gest_form.dfm"
"Nucleo GENERA","origine\sd\sorgenti\bm-sd\GENERA\distribuzione\Filtri_DB.pas","C:\DOCUMENTI\sd\sorgenti\bm-sd\GENERA\distribuzione\Filtri_DB.pas"
"Nucleo GENERA","origine\sd\sorgenti\bm-sd\GENERA\distribuzione\Gestione_Nomedatabase.ddp","C:\DOCUMENTI\sd\sorgenti\bm-sd\GENERA\distribuzione\Gestione_Nomedatabase.ddp"
"Nucleo GENERA","origine\sd\sorgenti\bm-sd\GENERA\distribuzione\Gestione_Nomedatabase.dfm","C:\DOCUMENTI\sd\sorgenti\bm-sd\GENERA\distribuzione\Gestione_Nomedatabase.dfm"
"Nucleo GENERA","origine\sd\sorgenti\bm-sd\GENERA\distribuzione\Gestione_Nomedatabase.pas","C:\DOCUMENTI\sd\sorgenti\bm-sd\GENERA\distribuzione\Gestione_Nomedatabase.pas"
"Nucleo GENERA","origine\sd\sorgenti\bm-sd\GENERA\distribuzione\Gestionedati.cfg","C:\DOCUMENTI\sd\sorgenti\bm-sd\GENERA\distribuzione\Gestionedati.cfg"
"Nucleo GENERA","origine\sd\sorgenti\bm-sd\GENERA\distribuzione\Gestionedati.dof","C:\DOCUMENTI\sd\sorgenti\bm-sd\GENERA\distribuzione\Gestionedati.dof"
"Nucleo GENERA","origine\sd\sorgenti\bm-sd\GENERA\distribuzione\Gestionedati.dpr","C:\DOCUMENTI\sd\sorgenti\bm-sd\GENERA\distribuzione\Gestionedati.dpr"
"Nucleo GENERA","origine\sd\sorgenti\bm-sd\GENERA\distribuzione\Gestionedati.res","C:\DOCUMENTI\sd\sorgenti\bm-sd\GENERA\distribuzione\Gestionedati.res"
"Nucleo GENERA","origine\sd\sorgenti\bm-sd\GENERA\distribuzione\Infogen.pas","C:\DOCUMENTI\sd\sorgenti\bm-sd\GENERA\distribuzione\Infogen.pas"
"Nucleo GENERA","origine\sd\sorgenti\bm-sd\GENERA\distribuzione\libreriedatabase\FReal.pas","C:\DOCUMENTI\sd\sorgenti\bm-sd\GENERA\distribuzione\libreriedatabase\FReal.pas"
"Nucleo GENERA","origine\sd\sorgenti\bm-sd\GENERA\distribuzione\libreriedatabase\Funzudbt.pas","C:\DOCUMENTI\sd\sorgenti\bm-sd\GENERA\distribuzione\libreriedatabase\Funzudbt.pas"
"Nucleo GENERA","origine\sd\sorgenti\bm-sd\GENERA\distribuzione\libreriedatabase\GestArchivi.pas","C:\DOCUMENTI\sd\sorgenti\bm-sd\GENERA\distribuzione\libreriedatabase\GestArchivi.pas"
"Nucleo GENERA","origine\sd\sorgenti\bm-sd\GENERA\distribuzione\libreriedatabase\gestudb.pas","C:\DOCUMENTI\sd\sorgenti\bm-sd\GENERA\distribuzione\libreriedatabase\gestudb.pas"
"Nucleo GENERA","origine\sd\sorgenti\bm-sd\GENERA\distribuzione\libreriedatabase\Init_puntatori.pas","C:\DOCUMENTI\sd\sorgenti\bm-sd\GENERA\distribuzione\libreriedatabase\Init_puntatori.pas"
"Nucleo GENERA","origine\sd\sorgenti\bm-sd\GENERA\distribuzione\libreriedatabase\inmemoria\Udb.ddp","C:\DOCUMENTI\sd\sorgenti\bm-sd\GENERA\distribuzione\libreriedatabase\inmemoria\Udb.ddp"
"Nucleo GENERA","origine\sd\sorgenti\bm-sd\GENERA\distribuzione\libreriedatabase\inmemoria\Udb.dfm","C:\DOCUMENTI\sd\sorgenti\bm-sd\GENERA\distribuzione\libreriedatabase\inmemoria\Udb.dfm"
"Nucleo GENERA","origine\sd\sorgenti\bm-sd\GENERA\distribuzione\libreriedatabase\inmemoria\udb.dsk","C:\DOCUMENTI\sd\sorgenti\bm-sd\GENERA\distribuzione\libreriedatabase\inmemoria\udb.dsk"
"Nucleo GENERA","origine\sd\sorgenti\bm-sd\GENERA\distribuzione\libreriedatabase\inmemoria\Udb.pas","C:\DOCUMENTI\sd\sorgenti\bm-sd\GENERA\distribuzione\libreriedatabase\inmemoria\Udb.pas"
"Nucleo GENERA","origine\sd\sorgenti\bm-sd\GENERA\distribuzione\libreriedatabase\KTUDB.dfm","C:\DOCUMENTI\sd\sorgenti\bm-sd\GENERA\distribuzione\libreriedatabase\KTUDB.dfm"
"Nucleo GENERA","origine\sd\sorgenti\bm-sd\GENERA\distribuzione\libreriedatabase\KTUDB.pas","C:\DOCUMENTI\sd\sorgenti\bm-sd\GENERA\distribuzione\libreriedatabase\KTUDB.pas"
"Nucleo GENERA","origine\sd\sorgenti\bm-sd\GENERA\distribuzione\libreriedatabase\SceltaA.ddp","C:\DOCUMENTI\sd\sorgenti\bm-sd\GENERA\distribuzione\libreriedatabase\SceltaA.ddp"
"Nucleo GENERA","origine\sd\sorgenti\bm-sd\GENERA\distribuzione\libreriedatabase\SceltaA.dfm","C:\DOCUMENTI\sd\sorgenti\bm-sd\GENERA\distribuzione\libreriedatabase\SceltaA.dfm"
"Nucleo GENERA","origine\sd\sorgenti\bm-sd\GENERA\distribuzione\libreriedatabase\SceltaA.pas","C:\DOCUMENTI\sd\sorgenti\bm-sd\GENERA\distribuzione\libreriedatabase\SceltaA.pas"
"Nucleo GENERA","origine\sd\sorgenti\bm-sd\GENERA\distribuzione\libreriedatabase\sudisco\udb.ddp","C:\DOCUMENTI\sd\sorgenti\bm-sd\GENERA\distribuzione\libreriedatabase\sudisco\udb.ddp"
"Nucleo GENERA","origine\sd\sorgenti\bm-sd\GENERA\distribuzione\libreriedatabase\sudisco\udb.dfm","C:\DOCUMENTI\sd\sorgenti\bm-sd\GENERA\distribuzione\libreriedatabase\sudisco\udb.dfm"
"Nucleo GENERA","origine\sd\sorgenti\bm-sd\GENERA\distribuzione\libreriedatabase\sudisco\udb.pas","C:\DOCUMENTI\sd\sorgenti\bm-sd\GENERA\distribuzione\libreriedatabase\sudisco\udb.pas"
"Nucleo GENERA","origine\sd\sorgenti\bm-sd\GENERA\distribuzione\libreriedatabase\UCompilaForm.pas","C:\DOCUMENTI\sd\sorgenti\bm-sd\GENERA\distribuzione\libreriedatabase\UCompilaForm.pas"
"Nucleo GENERA","origine\sd\sorgenti\bm-sd\GENERA\distribuzione\libreriedatabase\Ucompilafrontiere.pas","C:\DOCUMENTI\sd\sorgenti\bm-sd\GENERA\distribuzione\libreriedatabase\Ucompilafrontiere.pas"
"Nucleo GENERA","origine\sd\sorgenti\bm-sd\GENERA\distribuzione\libreriedatabase\UCompilaFrontiere_a.pas","C:\DOCUMENTI\sd\sorgenti\bm-sd\GENERA\distribuzione\libreriedatabase\UCompilaFrontiere_a.pas"
"Nucleo GENERA","origine\sd\sorgenti\bm-sd\GENERA\distribuzione\libreriedatabase\UControlli.pas","C:\DOCUMENTI\sd\sorgenti\bm-sd\GENERA\distribuzione\libreriedatabase\UControlli.pas"
"Nucleo GENERA","origine\sd\sorgenti\bm-sd\GENERA\distribuzione\libreriedatabase\ucorrelato.pas","C:\DOCUMENTI\sd\sorgenti\bm-sd\GENERA\distribuzione\libreriedatabase\ucorrelato.pas"
"Nucleo GENERA","origine\sd\sorgenti\bm-sd\GENERA\distribuzione\libreriedatabase\UCreaDbT.pas","C:\DOCUMENTI\sd\sorgenti\bm-sd\GENERA\distribuzione\libreriedatabase\UCreaDbT.pas"
"Nucleo GENERA","origine\sd\sorgenti\bm-sd\GENERA\distribuzione\libreriedatabase\UFcombo.ddp","C:\DOCUMENTI\sd\sorgenti\bm-sd\GENERA\distribuzione\libreriedatabase\UFcombo.ddp"
"Nucleo GENERA","origine\sd\sorgenti\bm-sd\GENERA\distribuzione\libreriedatabase\UInitmem.pas","C:\DOCUMENTI\sd\sorgenti\bm-sd\GENERA\distribuzione\libreriedatabase\UInitmem.pas"
"Nucleo GENERA","origine\sd\sorgenti\bm-sd\GENERA\distribuzione\libreriedatabase\UmessaggiDB.ddp","C:\DOCUMENTI\sd\sorgenti\bm-sd\GENERA\distribuzione\libreriedatabase\UmessaggiDB.ddp"
"Nucleo GENERA","origine\sd\sorgenti\bm-sd\GENERA\distribuzione\libreriedatabase\UmessaggiDB.dfm","C:\DOCUMENTI\sd\sorgenti\bm-sd\GENERA\distribuzione\libreriedatabase\UmessaggiDB.dfm"
"Nucleo GENERA","origine\sd\sorgenti\bm-sd\GENERA\distribuzione\libreriedatabase\UmessaggiDB.pas","C:\DOCUMENTI\sd\sorgenti\bm-sd\GENERA\distribuzione\libreriedatabase\UmessaggiDB.pas"
"Nucleo GENERA","origine\sd\sorgenti\bm-sd\GENERA\distribuzione\libreriedatabase\UOpen_file.pas","C:\DOCUMENTI\sd\sorgenti\bm-sd\GENERA\distribuzione\libreriedatabase\UOpen_file.pas"
"Nucleo GENERA","origine\sd\sorgenti\bm-sd\GENERA\distribuzione\libreriedatabase\UOpen_fileMulti.pas","C:\DOCUMENTI\sd\sorgenti\bm-sd\GENERA\distribuzione\libreriedatabase\UOpen_fileMulti.pas"
"Nucleo GENERA","origine\sd\sorgenti\bm-sd\GENERA\distribuzione\libreriedatabase\URicercaDati.pas","C:\DOCUMENTI\sd\sorgenti\bm-sd\GENERA\distribuzione\libreriedatabase\URicercaDati.pas"
"Nucleo GENERA","origine\sd\sorgenti\bm-sd\GENERA\distribuzione\libreriedatabase\USave_file.pas","C:\DOCUMENTI\sd\sorgenti\bm-sd\GENERA\distribuzione\libreriedatabase\USave_file.pas"
"Nucleo GENERA","origine\sd\sorgenti\bm-sd\GENERA\distribuzione\libreriedatabase\Variabili_DB.pas","C:\DOCUMENTI\sd\sorgenti\bm-sd\GENERA\distribuzione\libreriedatabase\Variabili_DB.pas"
"Nucleo GENERA","origine\sd\sorgenti\bm-sd\GENERA\distribuzione\MainGestionegenera.ddp","C:\DOCUMENTI\sd\sorgenti\bm-sd\GENERA\distribuzione\MainGestionegenera.ddp"
"Nucleo GENERA","origine\sd\sorgenti\bm-sd\GENERA\distribuzione\MainGestionegenera.dfm","C:\DOCUMENTI\sd\sorgenti\bm-sd\GENERA\distribuzione\MainGestionegenera.dfm"
"Nucleo GENERA","origine\sd\sorgenti\bm-sd\GENERA\distribuzione\MainGestionegenera.pas","C:\DOCUMENTI\sd\sorgenti\bm-sd\GENERA\distribuzione\MainGestionegenera.pas"
"Nucleo GENERA","origine\sd\sorgenti\bm-sd\GENERA\distribuzione\Messaggi_easy.pas","C:\DOCUMENTI\sd\sorgenti\bm-sd\GENERA\distribuzione\Messaggi_easy.pas"
"Nucleo GENERA","origine\sd\sorgenti\bm-sd\GENERA\distribuzione\Modello_ Init_easy.pas","C:\DOCUMENTI\sd\sorgenti\bm-sd\GENERA\distribuzione\Modello_ Init_easy.pas"
"Nucleo GENERA","origine\sd\sorgenti\bm-sd\GENERA\distribuzione\Modello_associata.pas","C:\DOCUMENTI\sd\sorgenti\bm-sd\GENERA\distribuzione\Modello_associata.pas"
"Nucleo GENERA","origine\sd\sorgenti\bm-sd\GENERA\distribuzione\PathProg.txt","C:\DOCUMENTI\sd\sorgenti\bm-sd\GENERA\distribuzione\PathProg.txt"
"Nucleo GENERA","origine\sd\sorgenti\bm-sd\GENERA\distribuzione\ProjectGroup.bpg","C:\DOCUMENTI\sd\sorgenti\bm-sd\GENERA\distribuzione\ProjectGroup.bpg"
"Nucleo GENERA","origine\sd\sorgenti\bm-sd\GENERA\distribuzione\ProjectGroup.dsk","C:\DOCUMENTI\sd\sorgenti\bm-sd\GENERA\distribuzione\ProjectGroup.dsk"
"Nucleo GENERA","origine\sd\sorgenti\bm-sd\GENERA\distribuzione\temp_nomedatabase.dfm","C:\DOCUMENTI\sd\sorgenti\bm-sd\GENERA\distribuzione\temp_nomedatabase.dfm"
"Nucleo GENERA","origine\sd\sorgenti\bm-sd\GENERA\distribuzione\temp1_nomedatabase.dfm","C:\DOCUMENTI\sd\sorgenti\bm-sd\GENERA\distribuzione\temp1_nomedatabase.dfm"
"Nucleo GENERA","origine\sd\sorgenti\bm-sd\GENERA\distribuzione\Varcarichi.pas","C:\DOCUMENTI\sd\sorgenti\bm-sd\GENERA\distribuzione\Varcarichi.pas"
"Nucleo GENERA","origine\sd\sorgenti\bm-sd\GENERA\elenco.DB","C:\DOCUMENTI\sd\sorgenti\bm-sd\GENERA\elenco.DB"
"Nucleo GENERA","origine\sd\sorgenti\bm-sd\GENERA\Genera.pas","C:\DOCUMENTI\sd\sorgenti\bm-sd\GENERA\Genera.pas"
"Nucleo GENERA","origine\sd\sorgenti\bm-sd\GENERA\generali.DB","C:\DOCUMENTI\sd\sorgenti\bm-sd\GENERA\generali.DB"
"Nucleo GENERA","origine\sd\sorgenti\bm-sd\GENERA\generalita.DB","C:\DOCUMENTI\sd\sorgenti\bm-sd\GENERA\generalita.DB"
"Nucleo GENERA","origine\sd\sorgenti\bm-sd\GENERA\GeneraSource.cfg","C:\DOCUMENTI\sd\sorgenti\bm-sd\GENERA\GeneraSource.cfg"
"Nucleo GENERA","origine\sd\sorgenti\bm-sd\GENERA\GeneraSource.dof","C:\DOCUMENTI\sd\sorgenti\bm-sd\GENERA\GeneraSource.dof"
"Nucleo GENERA","origine\sd\sorgenti\bm-sd\GENERA\GeneraSource.dpr","C:\DOCUMENTI\sd\sorgenti\bm-sd\GENERA\GeneraSource.dpr"
"Nucleo GENERA","origine\sd\sorgenti\bm-sd\GENERA\GeneraSource.dsk","C:\DOCUMENTI\sd\sorgenti\bm-sd\GENERA\GeneraSource.dsk"
"Nucleo GENERA","origine\sd\sorgenti\bm-sd\GENERA\GeneraSource.res","C:\DOCUMENTI\sd\sorgenti\bm-sd\GENERA\GeneraSource.res"
"Nucleo GENERA","origine\sd\sorgenti\bm-sd\GENERA\gestione\Configurazione Projectbrower.txt","C:\DOCUMENTI\sd\sorgenti\bm-sd\GENERA\gestione\Configurazione Projectbrower.txt"
"Nucleo GENERA","origine\sd\sorgenti\bm-sd\GENERA\gestione\EasyProgram.cfg","C:\DOCUMENTI\sd\sorgenti\bm-sd\GENERA\gestione\EasyProgram.cfg"
"Nucleo GENERA","origine\sd\sorgenti\bm-sd\GENERA\gestione\EasyProgram.dof","C:\DOCUMENTI\sd\sorgenti\bm-sd\GENERA\gestione\EasyProgram.dof"
"Nucleo GENERA","origine\sd\sorgenti\bm-sd\GENERA\gestione\EasyProgram.dpr","C:\DOCUMENTI\sd\sorgenti\bm-sd\GENERA\gestione\EasyProgram.dpr"
"Nucleo GENERA","origine\sd\sorgenti\bm-sd\GENERA\gestione\EasyProgram.dsk","C:\DOCUMENTI\sd\sorgenti\bm-sd\GENERA\gestione\EasyProgram.dsk"
"Nucleo GENERA","origine\sd\sorgenti\bm-sd\GENERA\gestione\EasyProgram.res","C:\DOCUMENTI\sd\sorgenti\bm-sd\GENERA\gestione\EasyProgram.res"
"Nucleo GENERA","origine\sd\sorgenti\bm-sd\GENERA\gestione\generati\Base.dat","C:\DOCUMENTI\sd\sorgenti\bm-sd\GENERA\gestione\generati\Base.dat"
"Nucleo GENERA","origine\sd\sorgenti\bm-sd\GENERA\gestione\generati\CampoDb.pas","C:\DOCUMENTI\sd\sorgenti\bm-sd\GENERA\gestione\generati\CampoDb.pas"
"Nucleo GENERA","origine\sd\sorgenti\bm-sd\GENERA\gestione\generati\CaseTabella.pas","C:\DOCUMENTI\sd\sorgenti\bm-sd\GENERA\gestione\generati\CaseTabella.pas"
"Nucleo GENERA","origine\sd\sorgenti\bm-sd\GENERA\gestione\generati\CaseTabellaT.pas","C:\DOCUMENTI\sd\sorgenti\bm-sd\GENERA\gestione\generati\CaseTabellaT.pas"
"Nucleo GENERA","origine\sd\sorgenti\bm-sd\GENERA\gestione\generati\Combo.txt","C:\DOCUMENTI\sd\sorgenti\bm-sd\GENERA\gestione\generati\Combo.txt"
"Nucleo GENERA","origine\sd\sorgenti\bm-sd\GENERA\gestione\generati\comdb.pas","C:\DOCUMENTI\sd\sorgenti\bm-sd\GENERA\gestione\generati\comdb.pas"
"Nucleo GENERA","origine\sd\sorgenti\bm-sd\GENERA\gestione\generati\CompilaForm.pas","C:\DOCUMENTI\sd\sorgenti\bm-sd\GENERA\gestione\generati\CompilaForm.pas"
"Nucleo GENERA","origine\sd\sorgenti\bm-sd\GENERA\gestione\generati\CompilaLista.pas","C:\DOCUMENTI\sd\sorgenti\bm-sd\GENERA\gestione\generati\CompilaLista.pas"
"Nucleo GENERA","origine\sd\sorgenti\bm-sd\GENERA\gestione\generati\Conferma.pas","C:\DOCUMENTI\sd\sorgenti\bm-sd\GENERA\gestione\generati\Conferma.pas"
"Nucleo GENERA","origine\sd\sorgenti\bm-sd\GENERA\gestione\generati\Controlli.pas","C:\DOCUMENTI\sd\sorgenti\bm-sd\GENERA\gestione\generati\Controlli.pas"
"Nucleo GENERA","origine\sd\sorgenti\bm-sd\GENERA\gestione\generati\CreadbT.pas","C:\DOCUMENTI\sd\sorgenti\bm-sd\GENERA\gestione\generati\CreadbT.pas"
"Nucleo GENERA","origine\sd\sorgenti\bm-sd\GENERA\gestione\generati\DataIn.pas","C:\DOCUMENTI\sd\sorgenti\bm-sd\GENERA\gestione\generati\DataIn.pas"
"Nucleo GENERA","origine\sd\sorgenti\bm-sd\GENERA\gestione\generati\DataLink.pas","C:\DOCUMENTI\sd\sorgenti\bm-sd\GENERA\gestione\generati\DataLink.pas"
"Nucleo GENERA","origine\sd\sorgenti\bm-sd\GENERA\gestione\generati\DataOut.pas","C:\DOCUMENTI\sd\sorgenti\bm-sd\GENERA\gestione\generati\DataOut.pas"
"Nucleo GENERA","origine\sd\sorgenti\bm-sd\GENERA\gestione\generati\inclusi\Creadb.pas","C:\DOCUMENTI\sd\sorgenti\bm-sd\GENERA\gestione\generati\inclusi\Creadb.pas"
"Nucleo GENERA","origine\sd\sorgenti\bm-sd\GENERA\gestione\generati\inclusi\data.pas","C:\DOCUMENTI\sd\sorgenti\bm-sd\GENERA\gestione\generati\inclusi\data.pas"
"Nucleo GENERA","origine\sd\sorgenti\bm-sd\GENERA\gestione\generati\inclusi\DispPun.pas","C:\DOCUMENTI\sd\sorgenti\bm-sd\GENERA\gestione\generati\inclusi\DispPun.pas"
"Nucleo GENERA","origine\sd\sorgenti\bm-sd\GENERA\gestione\generati\inclusi\init.pas","C:\DOCUMENTI\sd\sorgenti\bm-sd\GENERA\gestione\generati\inclusi\init.pas"
"Nucleo GENERA","origine\sd\sorgenti\bm-sd\GENERA\gestione\generati\inclusi\mappadb.pas","C:\DOCUMENTI\sd\sorgenti\bm-sd\GENERA\gestione\generati\inclusi\mappadb.pas"
"Nucleo GENERA","origine\sd\sorgenti\bm-sd\GENERA\gestione\generati\inclusi\NewPun.pas","C:\DOCUMENTI\sd\sorgenti\bm-sd\GENERA\gestione\generati\inclusi\NewPun.pas"
"Nucleo GENERA","origine\sd\sorgenti\bm-sd\GENERA\gestione\generati\inclusi\Nuovo.pas","C:\DOCUMENTI\sd\sorgenti\bm-sd\GENERA\gestione\generati\inclusi\Nuovo.pas"
"Nucleo GENERA","origine\sd\sorgenti\bm-sd\GENERA\gestione\generati\inclusi\ReportFisso.pas","C:\DOCUMENTI\sd\sorgenti\bm-sd\GENERA\gestione\generati\inclusi\ReportFisso.pas"
"Nucleo GENERA","origine\sd\sorgenti\bm-sd\GENERA\gestione\generati\inclusi\Savefile.pas","C:\DOCUMENTI\sd\sorgenti\bm-sd\GENERA\gestione\generati\inclusi\Savefile.pas"
"Nucleo GENERA","origine\sd\sorgenti\bm-sd\GENERA\gestione\generati\inclusi\Typedef.pas","C:\DOCUMENTI\sd\sorgenti\bm-sd\GENERA\gestione\generati\inclusi\Typedef.pas"
"Nucleo GENERA","origine\sd\sorgenti\bm-sd\GENERA\gestione\generati\initMem.pas","C:\DOCUMENTI\sd\sorgenti\bm-sd\GENERA\gestione\generati\initMem.pas"
"Nucleo GENERA","origine\sd\sorgenti\bm-sd\GENERA\gestione\generati\Leggitutti.pas","C:\DOCUMENTI\sd\sorgenti\bm-sd\GENERA\gestione\generati\Leggitutti.pas"
"Nucleo GENERA","origine\sd\sorgenti\bm-sd\GENERA\gestione\generati\LeggituttiT.pas","C:\DOCUMENTI\sd\sorgenti\bm-sd\GENERA\gestione\generati\LeggituttiT.pas"
"Nucleo GENERA","origine\sd\sorgenti\bm-sd\GENERA\gestione\generati\Openfile.pas","C:\DOCUMENTI\sd\sorgenti\bm-sd\GENERA\gestione\generati\Openfile.pas"
"Nucleo GENERA","origine\sd\sorgenti\bm-sd\GENERA\gestione\generati\scrivitutti.pas","C:\DOCUMENTI\sd\sorgenti\bm-sd\GENERA\gestione\generati\scrivitutti.pas"
"Nucleo GENERA","origine\sd\sorgenti\bm-sd\GENERA\gestione\generati\scrivituttiT.pas","C:\DOCUMENTI\sd\sorgenti\bm-sd\GENERA\gestione\generati\scrivituttiT.pas"
"Nucleo GENERA","origine\sd\sorgenti\bm-sd\GENERA\gestione\generati\UDataLink.pas","C:\DOCUMENTI\sd\sorgenti\bm-sd\GENERA\gestione\generati\UDataLink.pas"
"Nucleo GENERA","origine\sd\sorgenti\bm-sd\GENERA\gestione\generati\UDataOutT.pas","C:\DOCUMENTI\sd\sorgenti\bm-sd\GENERA\gestione\generati\UDataOutT.pas"
"Nucleo GENERA","origine\sd\sorgenti\bm-sd\GENERA\gestione\generati\UDBT.dfm","C:\DOCUMENTI\sd\sorgenti\bm-sd\GENERA\gestione\generati\UDBT.dfm"
"Nucleo GENERA","origine\sd\sorgenti\bm-sd\GENERA\gestione\generati\UDBT.pas","C:\DOCUMENTI\sd\sorgenti\bm-sd\GENERA\gestione\generati\UDBT.pas"
"Nucleo GENERA","origine\sd\sorgenti\bm-sd\GENERA\gestione\generati\ULeggiscriviDati.pas","C:\DOCUMENTI\sd\sorgenti\bm-sd\GENERA\gestione\generati\ULeggiscriviDati.pas"
"Nucleo GENERA","origine\sd\sorgenti\bm-sd\GENERA\gestione\GestDB.ddp","C:\DOCUMENTI\sd\sorgenti\bm-sd\GENERA\gestione\GestDB.ddp"
"Nucleo GENERA","origine\sd\sorgenti\bm-sd\GENERA\gestione\GestDB.dfm","C:\DOCUMENTI\sd\sorgenti\bm-sd\GENERA\gestione\GestDB.dfm"
"Nucleo GENERA","origine\sd\sorgenti\bm-sd\GENERA\gestione\GestDB.pas","C:\DOCUMENTI\sd\sorgenti\bm-sd\GENERA\gestione\GestDB.pas"
"Nucleo GENERA","origine\sd\sorgenti\bm-sd\GENERA\gestione\Gestione_Nomedatabase.ddp","C:\DOCUMENTI\sd\sorgenti\bm-sd\GENERA\gestione\Gestione_Nomedatabase.ddp"
"Nucleo GENERA","origine\sd\sorgenti\bm-sd\GENERA\gestione\Gestione_Nomedatabase.dfm","C:\DOCUMENTI\sd\sorgenti\bm-sd\GENERA\gestione\Gestione_Nomedatabase.dfm"
"Nucleo GENERA","origine\sd\sorgenti\bm-sd\GENERA\gestione\Gestione_Nomedatabase.pas","C:\DOCUMENTI\sd\sorgenti\bm-sd\GENERA\gestione\Gestione_Nomedatabase.pas"
"Nucleo GENERA","origine\sd\sorgenti\bm-sd\GENERA\gestione\Gestionedati.cfg","C:\DOCUMENTI\sd\sorgenti\bm-sd\GENERA\gestione\Gestionedati.cfg"
"Nucleo GENERA","origine\sd\sorgenti\bm-sd\GENERA\gestione\Gestionedati.dof","C:\DOCUMENTI\sd\sorgenti\bm-sd\GENERA\gestione\Gestionedati.dof"
"Nucleo GENERA","origine\sd\sorgenti\bm-sd\GENERA\gestione\Gestionedati.dpr","C:\DOCUMENTI\sd\sorgenti\bm-sd\GENERA\gestione\Gestionedati.dpr"
"Nucleo GENERA","origine\sd\sorgenti\bm-sd\GENERA\gestione\Gestionedati.dsk","C:\DOCUMENTI\sd\sorgenti\bm-sd\GENERA\gestione\Gestionedati.dsk"
"Nucleo GENERA","origine\sd\sorgenti\bm-sd\GENERA\gestione\Gestionedati.res","C:\DOCUMENTI\sd\sorgenti\bm-sd\GENERA\gestione\Gestionedati.res"
"Nucleo GENERA","origine\sd\sorgenti\bm-sd\GENERA\gestione\Init_easy.pas","C:\DOCUMENTI\sd\sorgenti\bm-sd\GENERA\gestione\Init_easy.pas"
"Nucleo GENERA","origine\sd\sorgenti\bm-sd\GENERA\gestione\MainGestionegenera.ddp","C:\DOCUMENTI\sd\sorgenti\bm-sd\GENERA\gestione\MainGestionegenera.ddp"
"Nucleo GENERA","origine\sd\sorgenti\bm-sd\GENERA\gestione\MainGestionegenera.dfm","C:\DOCUMENTI\sd\sorgenti\bm-sd\GENERA\gestione\MainGestionegenera.dfm"
"Nucleo GENERA","origine\sd\sorgenti\bm-sd\GENERA\gestione\MainGestionegenera.pas","C:\DOCUMENTI\sd\sorgenti\bm-sd\GENERA\gestione\MainGestionegenera.pas"
"Nucleo GENERA","origine\sd\sorgenti\bm-sd\GENERA\gestione\Modello_ Init_easy.pas","C:\DOCUMENTI\sd\sorgenti\bm-sd\GENERA\gestione\Modello_ Init_easy.pas"
"Nucleo GENERA","origine\sd\sorgenti\bm-sd\GENERA\gestione\Modello_form.dfm","C:\DOCUMENTI\sd\sorgenti\bm-sd\GENERA\gestione\Modello_form.dfm"
"Nucleo GENERA","origine\sd\sorgenti\bm-sd\GENERA\gestione\Modello_form.pas","C:\DOCUMENTI\sd\sorgenti\bm-sd\GENERA\gestione\Modello_form.pas"
"Nucleo GENERA","origine\sd\sorgenti\bm-sd\GENERA\gestione\PathProg.txt","C:\DOCUMENTI\sd\sorgenti\bm-sd\GENERA\gestione\PathProg.txt"
"Nucleo GENERA","origine\sd\sorgenti\bm-sd\GENERA\gestione\temp_nomedatabase.dfm","C:\DOCUMENTI\sd\sorgenti\bm-sd\GENERA\gestione\temp_nomedatabase.dfm"
"Nucleo GENERA","origine\sd\sorgenti\bm-sd\GENERA\gestione\Unit1.dfm","C:\DOCUMENTI\sd\sorgenti\bm-sd\GENERA\gestione\Unit1.dfm"
"Nucleo GENERA","origine\sd\sorgenti\bm-sd\GENERA\gestione\Unit1.pas","C:\DOCUMENTI\sd\sorgenti\bm-sd\GENERA\gestione\Unit1.pas"
"Nucleo GENERA","origine\sd\sorgenti\bm-sd\GENERA\gestione\Varcarichi.pas","C:\DOCUMENTI\sd\sorgenti\bm-sd\GENERA\gestione\Varcarichi.pas"
"Nucleo GENERA","origine\sd\sorgenti\bm-sd\GENERA\LetturaFileDiego.pas","C:\DOCUMENTI\sd\sorgenti\bm-sd\GENERA\LetturaFileDiego.pas"
"Nucleo GENERA","origine\sd\sorgenti\bm-sd\GENERA\Mappadb.pas","C:\DOCUMENTI\sd\sorgenti\bm-sd\GENERA\Mappadb.pas"
"Nucleo GENERA","origine\sd\sorgenti\bm-sd\GENERA\mappadb1.pas","C:\DOCUMENTI\sd\sorgenti\bm-sd\GENERA\mappadb1.pas"
"Nucleo GENERA","origine\sd\sorgenti\bm-sd\GENERA\mapppadb.pas","C:\DOCUMENTI\sd\sorgenti\bm-sd\GENERA\mapppadb.pas"
"Nucleo GENERA","origine\sd\sorgenti\bm-sd\GENERA\modifica kbmtable\assembla.pas","C:\DOCUMENTI\sd\sorgenti\bm-sd\GENERA\modifica kbmtable\assembla.pas"
"Nucleo GENERA","origine\sd\sorgenti\bm-sd\GENERA\modifica kbmtable\base.dat","C:\DOCUMENTI\sd\sorgenti\bm-sd\GENERA\modifica kbmtable\base.dat"
"Nucleo GENERA","origine\sd\sorgenti\bm-sd\GENERA\modifica kbmtable\Basetubi.dat","C:\DOCUMENTI\sd\sorgenti\bm-sd\GENERA\modifica kbmtable\Basetubi.dat"
"Nucleo GENERA","origine\sd\sorgenti\bm-sd\GENERA\modifica kbmtable\CompilaLista.pas","C:\DOCUMENTI\sd\sorgenti\bm-sd\GENERA\modifica kbmtable\CompilaLista.pas"
"Nucleo GENERA","origine\sd\sorgenti\bm-sd\GENERA\modifica kbmtable\Creadb.pas","C:\DOCUMENTI\sd\sorgenti\bm-sd\GENERA\modifica kbmtable\Creadb.pas"
"Nucleo GENERA","origine\sd\sorgenti\bm-sd\GENERA\modifica kbmtable\DataIn.pas","C:\DOCUMENTI\sd\sorgenti\bm-sd\GENERA\modifica kbmtable\DataIn.pas"
"Nucleo GENERA","origine\sd\sorgenti\bm-sd\GENERA\modifica kbmtable\DataIn1.pas","C:\DOCUMENTI\sd\sorgenti\bm-sd\GENERA\modifica kbmtable\DataIn1.pas"
"Nucleo GENERA","origine\sd\sorgenti\bm-sd\GENERA\modifica kbmtable\DataLink.pas","C:\DOCUMENTI\sd\sorgenti\bm-sd\GENERA\modifica kbmtable\DataLink.pas"
"Nucleo GENERA","origine\sd\sorgenti\bm-sd\GENERA\modifica kbmtable\DataOut.pas","C:\DOCUMENTI\sd\sorgenti\bm-sd\GENERA\modifica kbmtable\DataOut.pas"
"Nucleo GENERA","origine\sd\sorgenti\bm-sd\GENERA\modifica kbmtable\DataOut1.pas","C:\DOCUMENTI\sd\sorgenti\bm-sd\GENERA\modifica kbmtable\DataOut1.pas"
"Nucleo GENERA","origine\sd\sorgenti\bm-sd\GENERA\modifica kbmtable\Diametri.DB","C:\DOCUMENTI\sd\sorgenti\bm-sd\GENERA\modifica kbmtable\Diametri.DB"
"Nucleo GENERA","origine\sd\sorgenti\bm-sd\GENERA\modifica kbmtable\Diametri.PX","C:\DOCUMENTI\sd\sorgenti\bm-sd\GENERA\modifica kbmtable\Diametri.PX"
"Nucleo GENERA","origine\sd\sorgenti\bm-sd\GENERA\modifica kbmtable\Diametri.XG0","C:\DOCUMENTI\sd\sorgenti\bm-sd\GENERA\modifica kbmtable\Diametri.XG0"
"Nucleo GENERA","origine\sd\sorgenti\bm-sd\GENERA\modifica kbmtable\Diametri.YG0","C:\DOCUMENTI\sd\sorgenti\bm-sd\GENERA\modifica kbmtable\Diametri.YG0"
"Nucleo GENERA","origine\sd\sorgenti\bm-sd\GENERA\modifica kbmtable\DispPun.pas","C:\DOCUMENTI\sd\sorgenti\bm-sd\GENERA\modifica kbmtable\DispPun.pas"
"Nucleo GENERA","origine\sd\sorgenti\bm-sd\GENERA\modifica kbmtable\elenco.DB","C:\DOCUMENTI\sd\sorgenti\bm-sd\GENERA\modifica kbmtable\elenco.DB"
"Nucleo GENERA","origine\sd\sorgenti\bm-sd\GENERA\modifica kbmtable\Genera.pas","C:\DOCUMENTI\sd\sorgenti\bm-sd\GENERA\modifica kbmtable\Genera.pas"
"Nucleo GENERA","origine\sd\sorgenti\bm-sd\GENERA\modifica kbmtable\generali.DB","C:\DOCUMENTI\sd\sorgenti\bm-sd\GENERA\modifica kbmtable\generali.DB"
"Nucleo GENERA","origine\sd\sorgenti\bm-sd\GENERA\modifica kbmtable\generalita.DB","C:\DOCUMENTI\sd\sorgenti\bm-sd\GENERA\modifica kbmtable\generalita.DB"
"Nucleo GENERA","origine\sd\sorgenti\bm-sd\GENERA\modifica kbmtable\GeneraSource.cfg","C:\DOCUMENTI\sd\sorgenti\bm-sd\GENERA\modifica kbmtable\GeneraSource.cfg"
"Nucleo GENERA","origine\sd\sorgenti\bm-sd\GENERA\modifica kbmtable\GeneraSource.dof","C:\DOCUMENTI\sd\sorgenti\bm-sd\GENERA\modifica kbmtable\GeneraSource.dof"
"Nucleo GENERA","origine\sd\sorgenti\bm-sd\GENERA\modifica kbmtable\GeneraSource.dpr","C:\DOCUMENTI\sd\sorgenti\bm-sd\GENERA\modifica kbmtable\GeneraSource.dpr"
"Nucleo GENERA","origine\sd\sorgenti\bm-sd\GENERA\modifica kbmtable\GeneraSource.dsk","C:\DOCUMENTI\sd\sorgenti\bm-sd\GENERA\modifica kbmtable\GeneraSource.dsk"
"Nucleo GENERA","origine\sd\sorgenti\bm-sd\GENERA\modifica kbmtable\GeneraSource.res","C:\DOCUMENTI\sd\sorgenti\bm-sd\GENERA\modifica kbmtable\GeneraSource.res"
"Nucleo GENERA","origine\sd\sorgenti\bm-sd\GENERA\modifica kbmtable\LetturaFileDiego.pas","C:\DOCUMENTI\sd\sorgenti\bm-sd\GENERA\modifica kbmtable\LetturaFileDiego.pas"
"Nucleo GENERA","origine\sd\sorgenti\bm-sd\GENERA\modifica kbmtable\Mappadb.pas","C:\DOCUMENTI\sd\sorgenti\bm-sd\GENERA\modifica kbmtable\Mappadb.pas"
"Nucleo GENERA","origine\sd\sorgenti\bm-sd\GENERA\modifica kbmtable\mappadb1.pas","C:\DOCUMENTI\sd\sorgenti\bm-sd\GENERA\modifica kbmtable\mappadb1.pas"
"Nucleo GENERA","origine\sd\sorgenti\bm-sd\GENERA\modifica kbmtable\mapppadb.pas","C:\DOCUMENTI\sd\sorgenti\bm-sd\GENERA\modifica kbmtable\mapppadb.pas"
"Nucleo GENERA","origine\sd\sorgenti\bm-sd\GENERA\modifica kbmtable\NewPun.pas","C:\DOCUMENTI\sd\sorgenti\bm-sd\GENERA\modifica kbmtable\NewPun.pas"
"Nucleo GENERA","origine\sd\sorgenti\bm-sd\GENERA\modifica kbmtable\perdite.DB","C:\DOCUMENTI\sd\sorgenti\bm-sd\GENERA\modifica kbmtable\perdite.DB"
"Nucleo GENERA","origine\sd\sorgenti\bm-sd\GENERA\modifica kbmtable\Proc.dat","C:\DOCUMENTI\sd\sorgenti\bm-sd\GENERA\modifica kbmtable\Proc.dat"
"Nucleo GENERA","origine\sd\sorgenti\bm-sd\GENERA\modifica kbmtable\Proc.pas","C:\DOCUMENTI\sd\sorgenti\bm-sd\GENERA\modifica kbmtable\Proc.pas"
"Nucleo GENERA","origine\sd\sorgenti\bm-sd\GENERA\modifica kbmtable\ProjectGroup1.bpg","C:\DOCUMENTI\sd\sorgenti\bm-sd\GENERA\modifica kbmtable\ProjectGroup1.bpg"
"Nucleo GENERA","origine\sd\sorgenti\bm-sd\GENERA\modifica kbmtable\ProjectGroup1.dsk","C:\DOCUMENTI\sd\sorgenti\bm-sd\GENERA\modifica kbmtable\ProjectGroup1.dsk"
"Nucleo GENERA","origine\sd\sorgenti\bm-sd\GENERA\modifica kbmtable\Tubazioni.DB","C:\DOCUMENTI\sd\sorgenti\bm-sd\GENERA\modifica kbmtable\Tubazioni.DB"
"Nucleo GENERA","origine\sd\sorgenti\bm-sd\GENERA\modifica kbmtable\Tubazioni.PX","C:\DOCUMENTI\sd\sorgenti\bm-sd\GENERA\modifica kbmtable\Tubazioni.PX"
"Nucleo GENERA","origine\sd\sorgenti\bm-sd\GENERA\modifica kbmtable\typedef.pas","C:\DOCUMENTI\sd\sorgenti\bm-sd\GENERA\modifica kbmtable\typedef.pas"
"Nucleo GENERA","origine\sd\sorgenti\bm-sd\GENERA\modifica kbmtable\typedef1.pas","C:\DOCUMENTI\sd\sorgenti\bm-sd\GENERA\modifica kbmtable\typedef1.pas"
"Nucleo GENERA","origine\sd\sorgenti\bm-sd\GENERA\modifica kbmtable\UCalc.pas","C:\DOCUMENTI\sd\sorgenti\bm-sd\GENERA\modifica kbmtable\UCalc.pas"
"Nucleo GENERA","origine\sd\sorgenti\bm-sd\GENERA\modifica kbmtable\UDataLink.pas","C:\DOCUMENTI\sd\sorgenti\bm-sd\GENERA\modifica kbmtable\UDataLink.pas"
"Nucleo GENERA","origine\sd\sorgenti\bm-sd\GENERA\modifica kbmtable\UDB.ddp","C:\DOCUMENTI\sd\sorgenti\bm-sd\GENERA\modifica kbmtable\UDB.ddp"
"Nucleo GENERA","origine\sd\sorgenti\bm-sd\GENERA\modifica kbmtable\UDB.dfm","C:\DOCUMENTI\sd\sorgenti\bm-sd\GENERA\modifica kbmtable\UDB.dfm"
"Nucleo GENERA","origine\sd\sorgenti\bm-sd\GENERA\modifica kbmtable\UDB.dti","C:\DOCUMENTI\sd\sorgenti\bm-sd\GENERA\modifica kbmtable\UDB.dti"
"Nucleo GENERA","origine\sd\sorgenti\bm-sd\GENERA\modifica kbmtable\UDB.pas","C:\DOCUMENTI\sd\sorgenti\bm-sd\GENERA\modifica kbmtable\UDB.pas"
"Nucleo GENERA","origine\sd\sorgenti\bm-sd\GENERA\modifica kbmtable\UFunzGenera.pas","C:\DOCUMENTI\sd\sorgenti\bm-sd\GENERA\modifica kbmtable\UFunzGenera.pas"
"Nucleo GENERA","origine\sd\sorgenti\bm-sd\GENERA\modifica kbmtable\UMainGenera.ddp","C:\DOCUMENTI\sd\sorgenti\bm-sd\GENERA\modifica kbmtable\UMainGenera.ddp"
"Nucleo GENERA","origine\sd\sorgenti\bm-sd\GENERA\modifica kbmtable\UMainGenera.dfm","C:\DOCUMENTI\sd\sorgenti\bm-sd\GENERA\modifica kbmtable\UMainGenera.dfm"
"Nucleo GENERA","origine\sd\sorgenti\bm-sd\GENERA\modifica kbmtable\UMainGenera.pas","C:\DOCUMENTI\sd\sorgenti\bm-sd\GENERA\modifica kbmtable\UMainGenera.pas"
"Nucleo GENERA","origine\sd\sorgenti\bm-sd\GENERA\NewPun.pas","C:\DOCUMENTI\sd\sorgenti\bm-sd\GENERA\NewPun.pas"
"Nucleo GENERA","origine\sd\sorgenti\bm-sd\GENERA\perdite.DB","C:\DOCUMENTI\sd\sorgenti\bm-sd\GENERA\perdite.DB"
"Nucleo GENERA","origine\sd\sorgenti\bm-sd\GENERA\Proc.dat","C:\DOCUMENTI\sd\sorgenti\bm-sd\GENERA\Proc.dat"
"Nucleo GENERA","origine\sd\sorgenti\bm-sd\GENERA\Proc.pas","C:\DOCUMENTI\sd\sorgenti\bm-sd\GENERA\Proc.pas"
"Nucleo GENERA","origine\sd\sorgenti\bm-sd\GENERA\Rebuli modificato CAD\base.dat","C:\DOCUMENTI\sd\sorgenti\bm-sd\GENERA\Rebuli modificato CAD\base.dat"
"Nucleo GENERA","origine\sd\sorgenti\bm-sd\GENERA\Rebuli modificato CAD\Calcoli\UCacoli.pas","C:\DOCUMENTI\sd\sorgenti\bm-sd\GENERA\Rebuli modificato CAD\Calcoli\UCacoli.pas"
"Nucleo GENERA","origine\sd\sorgenti\bm-sd\GENERA\Rebuli modificato CAD\Calcoli\UDatigen.dfm","C:\DOCUMENTI\sd\sorgenti\bm-sd\GENERA\Rebuli modificato CAD\Calcoli\UDatigen.dfm"
"Nucleo GENERA","origine\sd\sorgenti\bm-sd\GENERA\Rebuli modificato CAD\Calcoli\UDatigen.pas","C:\DOCUMENTI\sd\sorgenti\bm-sd\GENERA\Rebuli modificato CAD\Calcoli\UDatigen.pas"
"Nucleo GENERA","origine\sd\sorgenti\bm-sd\GENERA\Rebuli modificato CAD\compnuccio (non aggiornato)\daticomp.db","C:\DOCUMENTI\sd\sorgenti\bm-sd\GENERA\Rebuli modificato CAD\compnuccio (non aggiornato)\daticomp.db"
"Nucleo GENERA","origine\sd\sorgenti\bm-sd\GENERA\Rebuli modificato CAD\compnuccio (non aggiornato)\daticomp.PX","C:\DOCUMENTI\sd\sorgenti\bm-sd\GENERA\Rebuli modificato CAD\compnuccio (non aggiornato)\daticomp.PX"
"Nucleo GENERA","origine\sd\sorgenti\bm-sd\GENERA\Rebuli modificato CAD\compnuccio (non aggiornato)\Pcompsel.cfg","C:\DOCUMENTI\sd\sorgenti\bm-sd\GENERA\Rebuli modificato CAD\compnuccio (non aggiornato)\Pcompsel.cfg"
"Nucleo GENERA","origine\sd\sorgenti\bm-sd\GENERA\Rebuli modificato CAD\compnuccio (non aggiornato)\Pcompsel.dof","C:\DOCUMENTI\sd\sorgenti\bm-sd\GENERA\Rebuli modificato CAD\compnuccio (non aggiornato)\Pcompsel.dof"
"Nucleo GENERA","origine\sd\sorgenti\bm-sd\GENERA\Rebuli modificato CAD\compnuccio (non aggiornato)\Pcompsel.dpr","C:\DOCUMENTI\sd\sorgenti\bm-sd\GENERA\Rebuli modificato CAD\compnuccio (non aggiornato)\Pcompsel.dpr"
"Nucleo GENERA","origine\sd\sorgenti\bm-sd\GENERA\Rebuli modificato CAD\compnuccio (non aggiornato)\Pcompsel.dsk","C:\DOCUMENTI\sd\sorgenti\bm-sd\GENERA\Rebuli modificato CAD\compnuccio (non aggiornato)\Pcompsel.dsk"
"Nucleo GENERA","origine\sd\sorgenti\bm-sd\GENERA\Rebuli modificato CAD\compnuccio (non aggiornato)\Pcompsel.res","C:\DOCUMENTI\sd\sorgenti\bm-sd\GENERA\Rebuli modificato CAD\compnuccio (non aggiornato)\Pcompsel.res"
"Nucleo GENERA","origine\sd\sorgenti\bm-sd\GENERA\Rebuli modificato CAD\compnuccio (non aggiornato)\Ucompsel.dfm","C:\DOCUMENTI\sd\sorgenti\bm-sd\GENERA\Rebuli modificato CAD\compnuccio (non aggiornato)\Ucompsel.dfm"
"Nucleo GENERA","origine\sd\sorgenti\bm-sd\GENERA\Rebuli modificato CAD\compnuccio (non aggiornato)\Ucompsel.pas","C:\DOCUMENTI\sd\sorgenti\bm-sd\GENERA\Rebuli modificato CAD\compnuccio (non aggiornato)\Ucompsel.pas"
"Nucleo GENERA","origine\sd\sorgenti\bm-sd\GENERA\Rebuli modificato CAD\compnuccio archivi\daticomp.DB","C:\DOCUMENTI\sd\sorgenti\bm-sd\GENERA\Rebuli modificato CAD\compnuccio archivi\daticomp.DB"
"Nucleo GENERA","origine\sd\sorgenti\bm-sd\GENERA\Rebuli modificato CAD\compnuccio archivi\daticomp.PX","C:\DOCUMENTI\sd\sorgenti\bm-sd\GENERA\Rebuli modificato CAD\compnuccio archivi\daticomp.PX"
"Nucleo GENERA","origine\sd\sorgenti\bm-sd\GENERA\Rebuli modificato CAD\compnuccio archivi\daticomp.XG0","C:\DOCUMENTI\sd\sorgenti\bm-sd\GENERA\Rebuli modificato CAD\compnuccio archivi\daticomp.XG0"
"Nucleo GENERA","origine\sd\sorgenti\bm-sd\GENERA\Rebuli modificato CAD\compnuccio archivi\daticomp.YG0","C:\DOCUMENTI\sd\sorgenti\bm-sd\GENERA\Rebuli modificato CAD\compnuccio archivi\daticomp.YG0"
"Nucleo GENERA","origine\sd\sorgenti\bm-sd\GENERA\Rebuli modificato CAD\compnuccio archivi\parcomp.DB","C:\DOCUMENTI\sd\sorgenti\bm-sd\GENERA\Rebuli modificato CAD\compnuccio archivi\parcomp.DB"
"Nucleo GENERA","origine\sd\sorgenti\bm-sd\GENERA\Rebuli modificato CAD\compnuccio archivi\parcomp.PX","C:\DOCUMENTI\sd\sorgenti\bm-sd\GENERA\Rebuli modificato CAD\compnuccio archivi\parcomp.PX"
"Nucleo GENERA","origine\sd\sorgenti\bm-sd\GENERA\Rebuli modificato CAD\compnuccio vecchio mandato lazzerini\arredobagno.bmp","C:\DOCUMENTI\sd\sorgenti\bm-sd\GENERA\Rebuli modificato CAD\compnuccio vecchio mandato lazzerini\arredobagno.bmp"
"Nucleo GENERA","origine\sd\sorgenti\bm-sd\GENERA\Rebuli modificato CAD\compnuccio vecchio mandato lazzerini\base.dat","C:\DOCUMENTI\sd\sorgenti\bm-sd\GENERA\Rebuli modificato CAD\compnuccio vecchio mandato lazzerini\base.dat"
"Nucleo GENERA","origine\sd\sorgenti\bm-sd\GENERA\Rebuli modificato CAD\compnuccio vecchio mandato lazzerini\curve\base.dat","C:\DOCUMENTI\sd\sorgenti\bm-sd\GENERA\Rebuli modificato CAD\compnuccio vecchio mandato lazzerini\curve\base.dat"
"Nucleo GENERA","origine\sd\sorgenti\bm-sd\GENERA\Rebuli modificato CAD\compnuccio vecchio mandato lazzerini\curve\DataIn.pas","C:\DOCUMENTI\sd\sorgenti\bm-sd\GENERA\Rebuli modificato CAD\compnuccio vecchio mandato lazzerini\curve\DataIn.pas"
"Nucleo GENERA","origine\sd\sorgenti\bm-sd\GENERA\Rebuli modificato CAD\compnuccio vecchio mandato lazzerini\curve\DataLink.pas","C:\DOCUMENTI\sd\sorgenti\bm-sd\GENERA\Rebuli modificato CAD\compnuccio vecchio mandato lazzerini\curve\DataLink.pas"
"Nucleo GENERA","origine\sd\sorgenti\bm-sd\GENERA\Rebuli modificato CAD\compnuccio vecchio mandato lazzerini\curve\DataOut.pas","C:\DOCUMENTI\sd\sorgenti\bm-sd\GENERA\Rebuli modificato CAD\compnuccio vecchio mandato lazzerini\curve\DataOut.pas"
"Nucleo GENERA","origine\sd\sorgenti\bm-sd\GENERA\Rebuli modificato CAD\compnuccio vecchio mandato lazzerini\curve\mappadb.pas","C:\DOCUMENTI\sd\sorgenti\bm-sd\GENERA\Rebuli modificato CAD\compnuccio vecchio mandato lazzerini\curve\mappadb.pas"
"Nucleo GENERA","origine\sd\sorgenti\bm-sd\GENERA\Rebuli modificato CAD\compnuccio vecchio mandato lazzerini\curve\PCurve.cfg","C:\DOCUMENTI\sd\sorgenti\bm-sd\GENERA\Rebuli modificato CAD\compnuccio vecchio mandato lazzerini\curve\PCurve.cfg"
"Nucleo GENERA","origine\sd\sorgenti\bm-sd\GENERA\Rebuli modificato CAD\compnuccio vecchio mandato lazzerini\curve\PCurve.dof","C:\DOCUMENTI\sd\sorgenti\bm-sd\GENERA\Rebuli modificato CAD\compnuccio vecchio mandato lazzerini\curve\PCurve.dof"
"Nucleo GENERA","origine\sd\sorgenti\bm-sd\GENERA\Rebuli modificato CAD\compnuccio vecchio mandato lazzerini\curve\PCurve.dpr","C:\DOCUMENTI\sd\sorgenti\bm-sd\GENERA\Rebuli modificato CAD\compnuccio vecchio mandato lazzerini\curve\PCurve.dpr"
"Nucleo GENERA","origine\sd\sorgenti\bm-sd\GENERA\Rebuli modificato CAD\compnuccio vecchio mandato lazzerini\curve\PCurve.dsk","C:\DOCUMENTI\sd\sorgenti\bm-sd\GENERA\Rebuli modificato CAD\compnuccio vecchio mandato lazzerini\curve\PCurve.dsk"
"Nucleo GENERA","origine\sd\sorgenti\bm-sd\GENERA\Rebuli modificato CAD\compnuccio vecchio mandato lazzerini\curve\PCurve.res","C:\DOCUMENTI\sd\sorgenti\bm-sd\GENERA\Rebuli modificato CAD\compnuccio vecchio mandato lazzerini\curve\PCurve.res"
"Nucleo GENERA","origine\sd\sorgenti\bm-sd\GENERA\Rebuli modificato CAD\compnuccio vecchio mandato lazzerini\curve\typedef.pas","C:\DOCUMENTI\sd\sorgenti\bm-sd\GENERA\Rebuli modificato CAD\compnuccio vecchio mandato lazzerini\curve\typedef.pas"
"Nucleo GENERA","origine\sd\sorgenti\bm-sd\GENERA\Rebuli modificato CAD\compnuccio vecchio mandato lazzerini\curve\UCurve.dfm","C:\DOCUMENTI\sd\sorgenti\bm-sd\GENERA\Rebuli modificato CAD\compnuccio vecchio mandato lazzerini\curve\UCurve.dfm"
"Nucleo GENERA","origine\sd\sorgenti\bm-sd\GENERA\Rebuli modificato CAD\compnuccio vecchio mandato lazzerini\curve\UCurve.pas","C:\DOCUMENTI\sd\sorgenti\bm-sd\GENERA\Rebuli modificato CAD\compnuccio vecchio mandato lazzerini\curve\UCurve.pas"
"Nucleo GENERA","origine\sd\sorgenti\bm-sd\GENERA\Rebuli modificato CAD\compnuccio vecchio mandato lazzerini\curve\UDataLink.pas","C:\DOCUMENTI\sd\sorgenti\bm-sd\GENERA\Rebuli modificato CAD\compnuccio vecchio mandato lazzerini\curve\UDataLink.pas"
"Nucleo GENERA","origine\sd\sorgenti\bm-sd\GENERA\Rebuli modificato CAD\compnuccio vecchio mandato lazzerini\curve\Uusacurve.dfm","C:\DOCUMENTI\sd\sorgenti\bm-sd\GENERA\Rebuli modificato CAD\compnuccio vecchio mandato lazzerini\curve\Uusacurve.dfm"
"Nucleo GENERA","origine\sd\sorgenti\bm-sd\GENERA\Rebuli modificato CAD\compnuccio vecchio mandato lazzerini\curve\Uusacurve.pas","C:\DOCUMENTI\sd\sorgenti\bm-sd\GENERA\Rebuli modificato CAD\compnuccio vecchio mandato lazzerini\curve\Uusacurve.pas"
"Nucleo GENERA","origine\sd\sorgenti\bm-sd\GENERA\Rebuli modificato CAD\compnuccio vecchio mandato lazzerini\DataIn.pas","C:\DOCUMENTI\sd\sorgenti\bm-sd\GENERA\Rebuli modificato CAD\compnuccio vecchio mandato lazzerini\DataIn.pas"
"Nucleo GENERA","origine\sd\sorgenti\bm-sd\GENERA\Rebuli modificato CAD\compnuccio vecchio mandato lazzerini\DataLink.pas","C:\DOCUMENTI\sd\sorgenti\bm-sd\GENERA\Rebuli modificato CAD\compnuccio vecchio mandato lazzerini\DataLink.pas"
"Nucleo GENERA","origine\sd\sorgenti\bm-sd\GENERA\Rebuli modificato CAD\compnuccio vecchio mandato lazzerini\DataOut.pas","C:\DOCUMENTI\sd\sorgenti\bm-sd\GENERA\Rebuli modificato CAD\compnuccio vecchio mandato lazzerini\DataOut.pas"
"Nucleo GENERA","origine\sd\sorgenti\bm-sd\GENERA\Rebuli modificato CAD\compnuccio vecchio mandato lazzerini\daticomp.DB","C:\DOCUMENTI\sd\sorgenti\bm-sd\GENERA\Rebuli modificato CAD\compnuccio vecchio mandato lazzerini\daticomp.DB"
"Nucleo GENERA","origine\sd\sorgenti\bm-sd\GENERA\Rebuli modificato CAD\compnuccio vecchio mandato lazzerini\daticomp.PX","C:\DOCUMENTI\sd\sorgenti\bm-sd\GENERA\Rebuli modificato CAD\compnuccio vecchio mandato lazzerini\daticomp.PX"
"Nucleo GENERA","origine\sd\sorgenti\bm-sd\GENERA\Rebuli modificato CAD\compnuccio vecchio mandato lazzerini\daticomp.XG0","C:\DOCUMENTI\sd\sorgenti\bm-sd\GENERA\Rebuli modificato CAD\compnuccio vecchio mandato lazzerini\daticomp.XG0"
"Nucleo GENERA","origine\sd\sorgenti\bm-sd\GENERA\Rebuli modificato CAD\compnuccio vecchio mandato lazzerini\daticomp.YG0","C:\DOCUMENTI\sd\sorgenti\bm-sd\GENERA\Rebuli modificato CAD\compnuccio vecchio mandato lazzerini\daticomp.YG0"
"Nucleo GENERA","origine\sd\sorgenti\bm-sd\GENERA\Rebuli modificato CAD\compnuccio vecchio mandato lazzerini\fancoils.bmp","C:\DOCUMENTI\sd\sorgenti\bm-sd\GENERA\Rebuli modificato CAD\compnuccio vecchio mandato lazzerini\fancoils.bmp"
"Nucleo GENERA","origine\sd\sorgenti\bm-sd\GENERA\Rebuli modificato CAD\compnuccio vecchio mandato lazzerini\fancoils.DB","C:\DOCUMENTI\sd\sorgenti\bm-sd\GENERA\Rebuli modificato CAD\compnuccio vecchio mandato lazzerini\fancoils.DB"
"Nucleo GENERA","origine\sd\sorgenti\bm-sd\GENERA\Rebuli modificato CAD\compnuccio vecchio mandato lazzerini\fancoils.PX","C:\DOCUMENTI\sd\sorgenti\bm-sd\GENERA\Rebuli modificato CAD\compnuccio vecchio mandato lazzerini\fancoils.PX"
"Nucleo GENERA","origine\sd\sorgenti\bm-sd\GENERA\Rebuli modificato CAD\compnuccio vecchio mandato lazzerini\fancoils.XG0","C:\DOCUMENTI\sd\sorgenti\bm-sd\GENERA\Rebuli modificato CAD\compnuccio vecchio mandato lazzerini\fancoils.XG0"
"Nucleo GENERA","origine\sd\sorgenti\bm-sd\GENERA\Rebuli modificato CAD\compnuccio vecchio mandato lazzerini\fancoils.YG0","C:\DOCUMENTI\sd\sorgenti\bm-sd\GENERA\Rebuli modificato CAD\compnuccio vecchio mandato lazzerini\fancoils.YG0"
"Nucleo GENERA","origine\sd\sorgenti\bm-sd\GENERA\Rebuli modificato CAD\compnuccio vecchio mandato lazzerini\fancoils-orizz.bmp","C:\DOCUMENTI\sd\sorgenti\bm-sd\GENERA\Rebuli modificato CAD\compnuccio vecchio mandato lazzerini\fancoils-orizz.bmp"
"Nucleo GENERA","origine\sd\sorgenti\bm-sd\GENERA\Rebuli modificato CAD\compnuccio vecchio mandato lazzerini\generico.bmp","C:\DOCUMENTI\sd\sorgenti\bm-sd\GENERA\Rebuli modificato CAD\compnuccio vecchio mandato lazzerini\generico.bmp"
"Nucleo GENERA","origine\sd\sorgenti\bm-sd\GENERA\Rebuli modificato CAD\compnuccio vecchio mandato lazzerini\mappadb.pas","C:\DOCUMENTI\sd\sorgenti\bm-sd\GENERA\Rebuli modificato CAD\compnuccio vecchio mandato lazzerini\mappadb.pas"
"Nucleo GENERA","origine\sd\sorgenti\bm-sd\GENERA\Rebuli modificato CAD\compnuccio vecchio mandato lazzerini\Pcompsel.cfg","C:\DOCUMENTI\sd\sorgenti\bm-sd\GENERA\Rebuli modificato CAD\compnuccio vecchio mandato lazzerini\Pcompsel.cfg"
"Nucleo GENERA","origine\sd\sorgenti\bm-sd\GENERA\Rebuli modificato CAD\compnuccio vecchio mandato lazzerini\Pcompsel.dof","C:\DOCUMENTI\sd\sorgenti\bm-sd\GENERA\Rebuli modificato CAD\compnuccio vecchio mandato lazzerini\Pcompsel.dof"
"Nucleo GENERA","origine\sd\sorgenti\bm-sd\GENERA\Rebuli modificato CAD\compnuccio vecchio mandato lazzerini\Pcompsel.dpr","C:\DOCUMENTI\sd\sorgenti\bm-sd\GENERA\Rebuli modificato CAD\compnuccio vecchio mandato lazzerini\Pcompsel.dpr"
"Nucleo GENERA","origine\sd\sorgenti\bm-sd\GENERA\Rebuli modificato CAD\compnuccio vecchio mandato lazzerini\Pcompsel.dsk","C:\DOCUMENTI\sd\sorgenti\bm-sd\GENERA\Rebuli modificato CAD\compnuccio vecchio mandato lazzerini\Pcompsel.dsk"
"Nucleo GENERA","origine\sd\sorgenti\bm-sd\GENERA\Rebuli modificato CAD\compnuccio vecchio mandato lazzerini\Pcompsel.res","C:\DOCUMENTI\sd\sorgenti\bm-sd\GENERA\Rebuli modificato CAD\compnuccio vecchio mandato lazzerini\Pcompsel.res"
"Nucleo GENERA","origine\sd\sorgenti\bm-sd\GENERA\Rebuli modificato CAD\compnuccio vecchio mandato lazzerini\piastre.bmp","C:\DOCUMENTI\sd\sorgenti\bm-sd\GENERA\Rebuli modificato CAD\compnuccio vecchio mandato lazzerini\piastre.bmp"
"Nucleo GENERA","origine\sd\sorgenti\bm-sd\GENERA\Rebuli modificato CAD\compnuccio vecchio mandato lazzerini\radiatore.bmp","C:\DOCUMENTI\sd\sorgenti\bm-sd\GENERA\Rebuli modificato CAD\compnuccio vecchio mandato lazzerini\radiatore.bmp"
"Nucleo GENERA","origine\sd\sorgenti\bm-sd\GENERA\Rebuli modificato CAD\compnuccio vecchio mandato lazzerini\radiatori.DB","C:\DOCUMENTI\sd\sorgenti\bm-sd\GENERA\Rebuli modificato CAD\compnuccio vecchio mandato lazzerini\radiatori.DB"
"Nucleo GENERA","origine\sd\sorgenti\bm-sd\GENERA\Rebuli modificato CAD\compnuccio vecchio mandato lazzerini\radiatori.PX","C:\DOCUMENTI\sd\sorgenti\bm-sd\GENERA\Rebuli modificato CAD\compnuccio vecchio mandato lazzerini\radiatori.PX"
"Nucleo GENERA","origine\sd\sorgenti\bm-sd\GENERA\Rebuli modificato CAD\compnuccio vecchio mandato lazzerini\radiatori.XG0","C:\DOCUMENTI\sd\sorgenti\bm-sd\GENERA\Rebuli modificato CAD\compnuccio vecchio mandato lazzerini\radiatori.XG0"
"Nucleo GENERA","origine\sd\sorgenti\bm-sd\GENERA\Rebuli modificato CAD\compnuccio vecchio mandato lazzerini\radiatori.YG0","C:\DOCUMENTI\sd\sorgenti\bm-sd\GENERA\Rebuli modificato CAD\compnuccio vecchio mandato lazzerini\radiatori.YG0"
"Nucleo GENERA","origine\sd\sorgenti\bm-sd\GENERA\Rebuli modificato CAD\compnuccio vecchio mandato lazzerini\Terminali.cfg","C:\DOCUMENTI\sd\sorgenti\bm-sd\GENERA\Rebuli modificato CAD\compnuccio vecchio mandato lazzerini\Terminali.cfg"
"Nucleo GENERA","origine\sd\sorgenti\bm-sd\GENERA\Rebuli modificato CAD\compnuccio vecchio mandato lazzerini\Terminali.dof","C:\DOCUMENTI\sd\sorgenti\bm-sd\GENERA\Rebuli modificato CAD\compnuccio vecchio mandato lazzerini\Terminali.dof"
"Nucleo GENERA","origine\sd\sorgenti\bm-sd\GENERA\Rebuli modificato CAD\compnuccio vecchio mandato lazzerini\Terminali.dpr","C:\DOCUMENTI\sd\sorgenti\bm-sd\GENERA\Rebuli modificato CAD\compnuccio vecchio mandato lazzerini\Terminali.dpr"
"Nucleo GENERA","origine\sd\sorgenti\bm-sd\GENERA\Rebuli modificato CAD\compnuccio vecchio mandato lazzerini\Terminali.dsk","C:\DOCUMENTI\sd\sorgenti\bm-sd\GENERA\Rebuli modificato CAD\compnuccio vecchio mandato lazzerini\Terminali.dsk"
"Nucleo GENERA","origine\sd\sorgenti\bm-sd\GENERA\Rebuli modificato CAD\compnuccio vecchio mandato lazzerini\Terminali.res","C:\DOCUMENTI\sd\sorgenti\bm-sd\GENERA\Rebuli modificato CAD\compnuccio vecchio mandato lazzerini\Terminali.res"
"Nucleo GENERA","origine\sd\sorgenti\bm-sd\GENERA\Rebuli modificato CAD\compnuccio vecchio mandato lazzerini\termostriscia.bmp","C:\DOCUMENTI\sd\sorgenti\bm-sd\GENERA\Rebuli modificato CAD\compnuccio vecchio mandato lazzerini\termostriscia.bmp"
"Nucleo GENERA","origine\sd\sorgenti\bm-sd\GENERA\Rebuli modificato CAD\compnuccio vecchio mandato lazzerini\typedef.pas","C:\DOCUMENTI\sd\sorgenti\bm-sd\GENERA\Rebuli modificato CAD\compnuccio vecchio mandato lazzerini\typedef.pas"
"Nucleo GENERA","origine\sd\sorgenti\bm-sd\GENERA\Rebuli modificato CAD\compnuccio vecchio mandato lazzerini\Ucompsel.dfm","C:\DOCUMENTI\sd\sorgenti\bm-sd\GENERA\Rebuli modificato CAD\compnuccio vecchio mandato lazzerini\Ucompsel.dfm"
"Nucleo GENERA","origine\sd\sorgenti\bm-sd\GENERA\Rebuli modificato CAD\compnuccio vecchio mandato lazzerini\Ucompsel.pas","C:\DOCUMENTI\sd\sorgenti\bm-sd\GENERA\Rebuli modificato CAD\compnuccio vecchio mandato lazzerini\Ucompsel.pas"
"Nucleo GENERA","origine\sd\sorgenti\bm-sd\GENERA\Rebuli modificato CAD\compnuccio vecchio mandato lazzerini\UDataLink.pas","C:\DOCUMENTI\sd\sorgenti\bm-sd\GENERA\Rebuli modificato CAD\compnuccio vecchio mandato lazzerini\UDataLink.pas"
"Nucleo GENERA","origine\sd\sorgenti\bm-sd\GENERA\Rebuli modificato CAD\compnuccio vecchio mandato lazzerini\UDati.pas","C:\DOCUMENTI\sd\sorgenti\bm-sd\GENERA\Rebuli modificato CAD\compnuccio vecchio mandato lazzerini\UDati.pas"
"Nucleo GENERA","origine\sd\sorgenti\bm-sd\GENERA\Rebuli modificato CAD\compnuccio vecchio mandato lazzerini\UDB.dfm","C:\DOCUMENTI\sd\sorgenti\bm-sd\GENERA\Rebuli modificato CAD\compnuccio vecchio mandato lazzerini\UDB.dfm"
"Nucleo GENERA","origine\sd\sorgenti\bm-sd\GENERA\Rebuli modificato CAD\compnuccio vecchio mandato lazzerini\UDB.dti","C:\DOCUMENTI\sd\sorgenti\bm-sd\GENERA\Rebuli modificato CAD\compnuccio vecchio mandato lazzerini\UDB.dti"
"Nucleo GENERA","origine\sd\sorgenti\bm-sd\GENERA\Rebuli modificato CAD\compnuccio vecchio mandato lazzerini\UDB.pas","C:\DOCUMENTI\sd\sorgenti\bm-sd\GENERA\Rebuli modificato CAD\compnuccio vecchio mandato lazzerini\UDB.pas"
"Nucleo GENERA","origine\sd\sorgenti\bm-sd\GENERA\Rebuli modificato CAD\compnuccio vecchio mandato lazzerini\URunComp.dfm","C:\DOCUMENTI\sd\sorgenti\bm-sd\GENERA\Rebuli modificato CAD\compnuccio vecchio mandato lazzerini\URunComp.dfm"
"Nucleo GENERA","origine\sd\sorgenti\bm-sd\GENERA\Rebuli modificato CAD\compnuccio vecchio mandato lazzerini\URunComp.pas","C:\DOCUMENTI\sd\sorgenti\bm-sd\GENERA\Rebuli modificato CAD\compnuccio vecchio mandato lazzerini\URunComp.pas"
"Nucleo GENERA","origine\sd\sorgenti\bm-sd\GENERA\Rebuli modificato CAD\compnuccio vecchio mandato lazzerini\USemplicesel.dfm","C:\DOCUMENTI\sd\sorgenti\bm-sd\GENERA\Rebuli modificato CAD\compnuccio vecchio mandato lazzerini\USemplicesel.dfm"
"Nucleo GENERA","origine\sd\sorgenti\bm-sd\GENERA\Rebuli modificato CAD\compnuccio vecchio mandato lazzerini\USemplicesel.pas","C:\DOCUMENTI\sd\sorgenti\bm-sd\GENERA\Rebuli modificato CAD\compnuccio vecchio mandato lazzerini\USemplicesel.pas"
"Nucleo GENERA","origine\sd\sorgenti\bm-sd\GENERA\Rebuli modificato CAD\compnuccio\daticomp.DB","C:\DOCUMENTI\sd\sorgenti\bm-sd\GENERA\Rebuli modificato CAD\compnuccio\daticomp.DB"
"Nucleo GENERA","origine\sd\sorgenti\bm-sd\GENERA\Rebuli modificato CAD\compnuccio\daticomp.PX","C:\DOCUMENTI\sd\sorgenti\bm-sd\GENERA\Rebuli modificato CAD\compnuccio\daticomp.PX"
"Nucleo GENERA","origine\sd\sorgenti\bm-sd\GENERA\Rebuli modificato CAD\compnuccio\daticomp.XG0","C:\DOCUMENTI\sd\sorgenti\bm-sd\GENERA\Rebuli modificato CAD\compnuccio\daticomp.XG0"
"Nucleo GENERA","origine\sd\sorgenti\bm-sd\GENERA\Rebuli modificato CAD\compnuccio\daticomp.xls","C:\DOCUMENTI\sd\sorgenti\bm-sd\GENERA\Rebuli modificato CAD\compnuccio\daticomp.xls"
"Nucleo GENERA","origine\sd\sorgenti\bm-sd\GENERA\Rebuli modificato CAD\compnuccio\daticomp.YG0","C:\DOCUMENTI\sd\sorgenti\bm-sd\GENERA\Rebuli modificato CAD\compnuccio\daticomp.YG0"
"Nucleo GENERA","origine\sd\sorgenti\bm-sd\GENERA\Rebuli modificato CAD\compnuccio\parcomp.DB","C:\DOCUMENTI\sd\sorgenti\bm-sd\GENERA\Rebuli modificato CAD\compnuccio\parcomp.DB"
"Nucleo GENERA","origine\sd\sorgenti\bm-sd\GENERA\Rebuli modificato CAD\compnuccio\parcomp.PX","C:\DOCUMENTI\sd\sorgenti\bm-sd\GENERA\Rebuli modificato CAD\compnuccio\parcomp.PX"
"Nucleo GENERA","origine\sd\sorgenti\bm-sd\GENERA\Rebuli modificato CAD\compnuccio\Pcompsel.cfg","C:\DOCUMENTI\sd\sorgenti\bm-sd\GENERA\Rebuli modificato CAD\compnuccio\Pcompsel.cfg"
"Nucleo GENERA","origine\sd\sorgenti\bm-sd\GENERA\Rebuli modificato CAD\compnuccio\Pcompsel.dof","C:\DOCUMENTI\sd\sorgenti\bm-sd\GENERA\Rebuli modificato CAD\compnuccio\Pcompsel.dof"
"Nucleo GENERA","origine\sd\sorgenti\bm-sd\GENERA\Rebuli modificato CAD\compnuccio\Pcompsel.dpr","C:\DOCUMENTI\sd\sorgenti\bm-sd\GENERA\Rebuli modificato CAD\compnuccio\Pcompsel.dpr"
"Nucleo GENERA","origine\sd\sorgenti\bm-sd\GENERA\Rebuli modificato CAD\compnuccio\Pcompsel.dsk","C:\DOCUMENTI\sd\sorgenti\bm-sd\GENERA\Rebuli modificato CAD\compnuccio\Pcompsel.dsk"
"Nucleo GENERA","origine\sd\sorgenti\bm-sd\GENERA\Rebuli modificato CAD\compnuccio\Pcompsel.res","C:\DOCUMENTI\sd\sorgenti\bm-sd\GENERA\Rebuli modificato CAD\compnuccio\Pcompsel.res"
"Nucleo GENERA","origine\sd\sorgenti\bm-sd\GENERA\Rebuli modificato CAD\compnuccio\Ucompsel.dfm","C:\DOCUMENTI\sd\sorgenti\bm-sd\GENERA\Rebuli modificato CAD\compnuccio\Ucompsel.dfm"
"Nucleo GENERA","origine\sd\sorgenti\bm-sd\GENERA\Rebuli modificato CAD\compnuccio\Ucompsel.pas","C:\DOCUMENTI\sd\sorgenti\bm-sd\GENERA\Rebuli modificato CAD\compnuccio\Ucompsel.pas"
"Nucleo GENERA","origine\sd\sorgenti\bm-sd\GENERA\Rebuli modificato CAD\compnuccio\URunComp.dfm","C:\DOCUMENTI\sd\sorgenti\bm-sd\GENERA\Rebuli modificato CAD\compnuccio\URunComp.dfm"
"Nucleo GENERA","origine\sd\sorgenti\bm-sd\GENERA\Rebuli modificato CAD\compnuccio\URunComp.pas","C:\DOCUMENTI\sd\sorgenti\bm-sd\GENERA\Rebuli modificato CAD\compnuccio\URunComp.pas"
"Nucleo GENERA","origine\sd\sorgenti\bm-sd\GENERA\Rebuli modificato CAD\componenete\art1.jpg","C:\DOCUMENTI\sd\sorgenti\bm-sd\GENERA\Rebuli modificato CAD\componenete\art1.jpg"
"Nucleo GENERA","origine\sd\sorgenti\bm-sd\GENERA\Rebuli modificato CAD\componenete\art2.jpg","C:\DOCUMENTI\sd\sorgenti\bm-sd\GENERA\Rebuli modificato CAD\componenete\art2.jpg"
"Nucleo GENERA","origine\sd\sorgenti\bm-sd\GENERA\Rebuli modificato CAD\componenete\art3.jpg","C:\DOCUMENTI\sd\sorgenti\bm-sd\GENERA\Rebuli modificato CAD\componenete\art3.jpg"
"Nucleo GENERA","origine\sd\sorgenti\bm-sd\GENERA\Rebuli modificato CAD\componenete\art4.jpg","C:\DOCUMENTI\sd\sorgenti\bm-sd\GENERA\Rebuli modificato CAD\componenete\art4.jpg"
"Nucleo GENERA","origine\sd\sorgenti\bm-sd\GENERA\Rebuli modificato CAD\componenete\art5.jpg","C:\DOCUMENTI\sd\sorgenti\bm-sd\GENERA\Rebuli modificato CAD\componenete\art5.jpg"
"Nucleo GENERA","origine\sd\sorgenti\bm-sd\GENERA\Rebuli modificato CAD\componenete\art6.jpg","C:\DOCUMENTI\sd\sorgenti\bm-sd\GENERA\Rebuli modificato CAD\componenete\art6.jpg"
"Nucleo GENERA","origine\sd\sorgenti\bm-sd\GENERA\Rebuli modificato CAD\componenete\art7.jpg","C:\DOCUMENTI\sd\sorgenti\bm-sd\GENERA\Rebuli modificato CAD\componenete\art7.jpg"
"Nucleo GENERA","origine\sd\sorgenti\bm-sd\GENERA\Rebuli modificato CAD\componenete\conf.txt","C:\DOCUMENTI\sd\sorgenti\bm-sd\GENERA\Rebuli modificato CAD\componenete\conf.txt"
"Nucleo GENERA","origine\sd\sorgenti\bm-sd\GENERA\Rebuli modificato CAD\componenete\daticomp\conf.txt","C:\DOCUMENTI\sd\sorgenti\bm-sd\GENERA\Rebuli modificato CAD\componenete\daticomp\conf.txt"
"Nucleo GENERA","origine\sd\sorgenti\bm-sd\GENERA\Rebuli modificato CAD\componenete\daticomp\Img\art1.jpg","C:\DOCUMENTI\sd\sorgenti\bm-sd\GENERA\Rebuli modificato CAD\componenete\daticomp\Img\art1.jpg"
"Nucleo GENERA","origine\sd\sorgenti\bm-sd\GENERA\Rebuli modificato CAD\componenete\daticomp\Img\art2.jpg","C:\DOCUMENTI\sd\sorgenti\bm-sd\GENERA\Rebuli modificato CAD\componenete\daticomp\Img\art2.jpg"
"Nucleo GENERA","origine\sd\sorgenti\bm-sd\GENERA\Rebuli modificato CAD\componenete\daticomp\Img\art3.jpg","C:\DOCUMENTI\sd\sorgenti\bm-sd\GENERA\Rebuli modificato CAD\componenete\daticomp\Img\art3.jpg"
"Nucleo GENERA","origine\sd\sorgenti\bm-sd\GENERA\Rebuli modificato CAD\componenete\daticomp\Img\art4.jpg","C:\DOCUMENTI\sd\sorgenti\bm-sd\GENERA\Rebuli modificato CAD\componenete\daticomp\Img\art4.jpg"
"Nucleo GENERA","origine\sd\sorgenti\bm-sd\GENERA\Rebuli modificato CAD\componenete\daticomp\Img\art5.jpg","C:\DOCUMENTI\sd\sorgenti\bm-sd\GENERA\Rebuli modificato CAD\componenete\daticomp\Img\art5.jpg"
"Nucleo GENERA","origine\sd\sorgenti\bm-sd\GENERA\Rebuli modificato CAD\componenete\daticomp\Img\art6.jpg","C:\DOCUMENTI\sd\sorgenti\bm-sd\GENERA\Rebuli modificato CAD\componenete\daticomp\Img\art6.jpg"
"Nucleo GENERA","origine\sd\sorgenti\bm-sd\GENERA\Rebuli modificato CAD\componenete\daticomp\Img\art7.jpg","C:\DOCUMENTI\sd\sorgenti\bm-sd\GENERA\Rebuli modificato CAD\componenete\daticomp\Img\art7.jpg"
"Nucleo GENERA","origine\sd\sorgenti\bm-sd\GENERA\Rebuli modificato CAD\componenete\daticomp\Img\det1.jpg","C:\DOCUMENTI\sd\sorgenti\bm-sd\GENERA\Rebuli modificato CAD\componenete\daticomp\Img\det1.jpg"
"Nucleo GENERA","origine\sd\sorgenti\bm-sd\GENERA\Rebuli modificato CAD\componenete\daticomp\Img\det2.jpg","C:\DOCUMENTI\sd\sorgenti\bm-sd\GENERA\Rebuli modificato CAD\componenete\daticomp\Img\det2.jpg"
"Nucleo GENERA","origine\sd\sorgenti\bm-sd\GENERA\Rebuli modificato CAD\componenete\daticomp\Img\det3.jpg","C:\DOCUMENTI\sd\sorgenti\bm-sd\GENERA\Rebuli modificato CAD\componenete\daticomp\Img\det3.jpg"
"Nucleo GENERA","origine\sd\sorgenti\bm-sd\GENERA\Rebuli modificato CAD\componenete\daticomp\Img\det4.jpg","C:\DOCUMENTI\sd\sorgenti\bm-sd\GENERA\Rebuli modificato CAD\componenete\daticomp\Img\det4.jpg"
"Nucleo GENERA","origine\sd\sorgenti\bm-sd\GENERA\Rebuli modificato CAD\componenete\daticomp\Img\det5.jpg","C:\DOCUMENTI\sd\sorgenti\bm-sd\GENERA\Rebuli modificato CAD\componenete\daticomp\Img\det5.jpg"
"Nucleo GENERA","origine\sd\sorgenti\bm-sd\GENERA\Rebuli modificato CAD\componenete\daticomp\Img\grp1.jpg","C:\DOCUMENTI\sd\sorgenti\bm-sd\GENERA\Rebuli modificato CAD\componenete\daticomp\Img\grp1.jpg"
"Nucleo GENERA","origine\sd\sorgenti\bm-sd\GENERA\Rebuli modificato CAD\componenete\daticomp\Img\grp2.jpg","C:\DOCUMENTI\sd\sorgenti\bm-sd\GENERA\Rebuli modificato CAD\componenete\daticomp\Img\grp2.jpg"
"Nucleo GENERA","origine\sd\sorgenti\bm-sd\GENERA\Rebuli modificato CAD\componenete\daticomp\Img\grp3.jpg","C:\DOCUMENTI\sd\sorgenti\bm-sd\GENERA\Rebuli modificato CAD\componenete\daticomp\Img\grp3.jpg"
"Nucleo GENERA","origine\sd\sorgenti\bm-sd\GENERA\Rebuli modificato CAD\componenete\daticomp\Img\grp4.jpg","C:\DOCUMENTI\sd\sorgenti\bm-sd\GENERA\Rebuli modificato CAD\componenete\daticomp\Img\grp4.jpg"
"Nucleo GENERA","origine\sd\sorgenti\bm-sd\GENERA\Rebuli modificato CAD\componenete\daticomp\Img\grp5.jpg","C:\DOCUMENTI\sd\sorgenti\bm-sd\GENERA\Rebuli modificato CAD\componenete\daticomp\Img\grp5.jpg"
"Nucleo GENERA","origine\sd\sorgenti\bm-sd\GENERA\Rebuli modificato CAD\componenete\daticomp\Img\grp6.jpg","C:\DOCUMENTI\sd\sorgenti\bm-sd\GENERA\Rebuli modificato CAD\componenete\daticomp\Img\grp6.jpg"
"Nucleo GENERA","origine\sd\sorgenti\bm-sd\GENERA\Rebuli modificato CAD\componenete\daticomp\Img\grp7.jpg","C:\DOCUMENTI\sd\sorgenti\bm-sd\GENERA\Rebuli modificato CAD\componenete\daticomp\Img\grp7.jpg"
"Nucleo GENERA","origine\sd\sorgenti\bm-sd\GENERA\Rebuli modificato CAD\componenete\daticomp\Img\ProterMGI-070.jpg","C:\DOCUMENTI\sd\sorgenti\bm-sd\GENERA\Rebuli modificato CAD\componenete\daticomp\Img\ProterMGI-070.jpg"
"Nucleo GENERA","origine\sd\sorgenti\bm-sd\GENERA\Rebuli modificato CAD\componenete\daticomp\Img\ProterMGI-105.jpg","C:\DOCUMENTI\sd\sorgenti\bm-sd\GENERA\Rebuli modificato CAD\componenete\daticomp\Img\ProterMGI-105.jpg"
"Nucleo GENERA","origine\sd\sorgenti\bm-sd\GENERA\Rebuli modificato CAD\componenete\daticomp\Img\ProterMGI-210.jpg","C:\DOCUMENTI\sd\sorgenti\bm-sd\GENERA\Rebuli modificato CAD\componenete\daticomp\Img\ProterMGI-210.jpg"
"Nucleo GENERA","origine\sd\sorgenti\bm-sd\GENERA\Rebuli modificato CAD\componenete\daticomp\Img\R1r.jpg","C:\DOCUMENTI\sd\sorgenti\bm-sd\GENERA\Rebuli modificato CAD\componenete\daticomp\Img\R1r.jpg"
"Nucleo GENERA","origine\sd\sorgenti\bm-sd\GENERA\Rebuli modificato CAD\componenete\daticomp\Img\R2r.jpg","C:\DOCUMENTI\sd\sorgenti\bm-sd\GENERA\Rebuli modificato CAD\componenete\daticomp\Img\R2r.jpg"
"Nucleo GENERA","origine\sd\sorgenti\bm-sd\GENERA\Rebuli modificato CAD\componenete\daticomp\Img\R3r.jpg","C:\DOCUMENTI\sd\sorgenti\bm-sd\GENERA\Rebuli modificato CAD\componenete\daticomp\Img\R3r.jpg"
"Nucleo GENERA","origine\sd\sorgenti\bm-sd\GENERA\Rebuli modificato CAD\componenete\daticomp\Img\R4r.jpg","C:\DOCUMENTI\sd\sorgenti\bm-sd\GENERA\Rebuli modificato CAD\componenete\daticomp\Img\R4r.jpg"
"Nucleo GENERA","origine\sd\sorgenti\bm-sd\GENERA\Rebuli modificato CAD\componenete\daticomp\Img\R5r.jpg","C:\DOCUMENTI\sd\sorgenti\bm-sd\GENERA\Rebuli modificato CAD\componenete\daticomp\Img\R5r.jpg"
"Nucleo GENERA","origine\sd\sorgenti\bm-sd\GENERA\Rebuli modificato CAD\componenete\daticomp\Logo.bmp","C:\DOCUMENTI\sd\sorgenti\bm-sd\GENERA\Rebuli modificato CAD\componenete\daticomp\Logo.bmp"
"Nucleo GENERA","origine\sd\sorgenti\bm-sd\GENERA\Rebuli modificato CAD\componenete\det1.jpg","C:\DOCUMENTI\sd\sorgenti\bm-sd\GENERA\Rebuli modificato CAD\componenete\det1.jpg"
"Nucleo GENERA","origine\sd\sorgenti\bm-sd\GENERA\Rebuli modificato CAD\componenete\det2.jpg","C:\DOCUMENTI\sd\sorgenti\bm-sd\GENERA\Rebuli modificato CAD\componenete\det2.jpg"
"Nucleo GENERA","origine\sd\sorgenti\bm-sd\GENERA\Rebuli modificato CAD\componenete\det3.jpg","C:\DOCUMENTI\sd\sorgenti\bm-sd\GENERA\Rebuli modificato CAD\componenete\det3.jpg"
"Nucleo GENERA","origine\sd\sorgenti\bm-sd\GENERA\Rebuli modificato CAD\componenete\det4.jpg","C:\DOCUMENTI\sd\sorgenti\bm-sd\GENERA\Rebuli modificato CAD\componenete\det4.jpg"
"Nucleo GENERA","origine\sd\sorgenti\bm-sd\GENERA\Rebuli modificato CAD\componenete\det5.jpg","C:\DOCUMENTI\sd\sorgenti\bm-sd\GENERA\Rebuli modificato CAD\componenete\det5.jpg"
"Nucleo GENERA","origine\sd\sorgenti\bm-sd\GENERA\Rebuli modificato CAD\componenete\docpaolo componente delphi.txt","C:\DOCUMENTI\sd\sorgenti\bm-sd\GENERA\Rebuli modificato CAD\componenete\docpaolo componente delphi.txt"
"Nucleo GENERA","origine\sd\sorgenti\bm-sd\GENERA\Rebuli modificato CAD\componenete\grp1.jpg","C:\DOCUMENTI\sd\sorgenti\bm-sd\GENERA\Rebuli modificato CAD\componenete\grp1.jpg"
"Nucleo GENERA","origine\sd\sorgenti\bm-sd\GENERA\Rebuli modificato CAD\componenete\grp2.jpg","C:\DOCUMENTI\sd\sorgenti\bm-sd\GENERA\Rebuli modificato CAD\componenete\grp2.jpg"
"Nucleo GENERA","origine\sd\sorgenti\bm-sd\GENERA\Rebuli modificato CAD\componenete\grp3.jpg","C:\DOCUMENTI\sd\sorgenti\bm-sd\GENERA\Rebuli modificato CAD\componenete\grp3.jpg"
"Nucleo GENERA","origine\sd\sorgenti\bm-sd\GENERA\Rebuli modificato CAD\componenete\grp4.jpg","C:\DOCUMENTI\sd\sorgenti\bm-sd\GENERA\Rebuli modificato CAD\componenete\grp4.jpg"
"Nucleo GENERA","origine\sd\sorgenti\bm-sd\GENERA\Rebuli modificato CAD\componenete\grp5.jpg","C:\DOCUMENTI\sd\sorgenti\bm-sd\GENERA\Rebuli modificato CAD\componenete\grp5.jpg"
"Nucleo GENERA","origine\sd\sorgenti\bm-sd\GENERA\Rebuli modificato CAD\componenete\grp6.jpg","C:\DOCUMENTI\sd\sorgenti\bm-sd\GENERA\Rebuli modificato CAD\componenete\grp6.jpg"
"Nucleo GENERA","origine\sd\sorgenti\bm-sd\GENERA\Rebuli modificato CAD\componenete\grp7.jpg","C:\DOCUMENTI\sd\sorgenti\bm-sd\GENERA\Rebuli modificato CAD\componenete\grp7.jpg"
"Nucleo GENERA","origine\sd\sorgenti\bm-sd\GENERA\Rebuli modificato CAD\componenete\header.htm","C:\DOCUMENTI\sd\sorgenti\bm-sd\GENERA\Rebuli modificato CAD\componenete\header.htm"
"Nucleo GENERA","origine\sd\sorgenti\bm-sd\GENERA\Rebuli modificato CAD\componenete\Img\art1.jpg","C:\DOCUMENTI\sd\sorgenti\bm-sd\GENERA\Rebuli modificato CAD\componenete\Img\art1.jpg"
"Nucleo GENERA","origine\sd\sorgenti\bm-sd\GENERA\Rebuli modificato CAD\componenete\Img\art2.jpg","C:\DOCUMENTI\sd\sorgenti\bm-sd\GENERA\Rebuli modificato CAD\componenete\Img\art2.jpg"
"Nucleo GENERA","origine\sd\sorgenti\bm-sd\GENERA\Rebuli modificato CAD\componenete\Img\art3.jpg","C:\DOCUMENTI\sd\sorgenti\bm-sd\GENERA\Rebuli modificato CAD\componenete\Img\art3.jpg"
"Nucleo GENERA","origine\sd\sorgenti\bm-sd\GENERA\Rebuli modificato CAD\componenete\Img\art4.jpg","C:\DOCUMENTI\sd\sorgenti\bm-sd\GENERA\Rebuli modificato CAD\componenete\Img\art4.jpg"
"Nucleo GENERA","origine\sd\sorgenti\bm-sd\GENERA\Rebuli modificato CAD\componenete\Img\art5.jpg","C:\DOCUMENTI\sd\sorgenti\bm-sd\GENERA\Rebuli modificato CAD\componenete\Img\art5.jpg"
"Nucleo GENERA","origine\sd\sorgenti\bm-sd\GENERA\Rebuli modificato CAD\componenete\Img\art6.jpg","C:\DOCUMENTI\sd\sorgenti\bm-sd\GENERA\Rebuli modificato CAD\componenete\Img\art6.jpg"
"Nucleo GENERA","origine\sd\sorgenti\bm-sd\GENERA\Rebuli modificato CAD\componenete\Img\art7.jpg","C:\DOCUMENTI\sd\sorgenti\bm-sd\GENERA\Rebuli modificato CAD\componenete\Img\art7.jpg"
"Nucleo GENERA","origine\sd\sorgenti\bm-sd\GENERA\Rebuli modificato CAD\componenete\Img\det1.jpg","C:\DOCUMENTI\sd\sorgenti\bm-sd\GENERA\Rebuli modificato CAD\componenete\Img\det1.jpg"
"Nucleo GENERA","origine\sd\sorgenti\bm-sd\GENERA\Rebuli modificato CAD\componenete\Img\det2.jpg","C:\DOCUMENTI\sd\sorgenti\bm-sd\GENERA\Rebuli modificato CAD\componenete\Img\det2.jpg"
"Nucleo GENERA","origine\sd\sorgenti\bm-sd\GENERA\Rebuli modificato CAD\componenete\Img\det3.jpg","C:\DOCUMENTI\sd\sorgenti\bm-sd\GENERA\Rebuli modificato CAD\componenete\Img\det3.jpg"
"Nucleo GENERA","origine\sd\sorgenti\bm-sd\GENERA\Rebuli modificato CAD\componenete\Img\det4.jpg","C:\DOCUMENTI\sd\sorgenti\bm-sd\GENERA\Rebuli modificato CAD\componenete\Img\det4.jpg"
"Nucleo GENERA","origine\sd\sorgenti\bm-sd\GENERA\Rebuli modificato CAD\componenete\Img\det5.jpg","C:\DOCUMENTI\sd\sorgenti\bm-sd\GENERA\Rebuli modificato CAD\componenete\Img\det5.jpg"
"Nucleo GENERA","origine\sd\sorgenti\bm-sd\GENERA\Rebuli modificato CAD\componenete\Img\grp1.jpg","C:\DOCUMENTI\sd\sorgenti\bm-sd\GENERA\Rebuli modificato CAD\componenete\Img\grp1.jpg"
"Nucleo GENERA","origine\sd\sorgenti\bm-sd\GENERA\Rebuli modificato CAD\componenete\Img\grp2.jpg","C:\DOCUMENTI\sd\sorgenti\bm-sd\GENERA\Rebuli modificato CAD\componenete\Img\grp2.jpg"
"Nucleo GENERA","origine\sd\sorgenti\bm-sd\GENERA\Rebuli modificato CAD\componenete\Img\grp3.jpg","C:\DOCUMENTI\sd\sorgenti\bm-sd\GENERA\Rebuli modificato CAD\componenete\Img\grp3.jpg"
"Nucleo GENERA","origine\sd\sorgenti\bm-sd\GENERA\Rebuli modificato CAD\componenete\Img\grp4.jpg","C:\DOCUMENTI\sd\sorgenti\bm-sd\GENERA\Rebuli modificato CAD\componenete\Img\grp4.jpg"
"Nucleo GENERA","origine\sd\sorgenti\bm-sd\GENERA\Rebuli modificato CAD\componenete\Img\grp5.jpg","C:\DOCUMENTI\sd\sorgenti\bm-sd\GENERA\Rebuli modificato CAD\componenete\Img\grp5.jpg"
"Nucleo GENERA","origine\sd\sorgenti\bm-sd\GENERA\Rebuli modificato CAD\componenete\Img\grp6.jpg","C:\DOCUMENTI\sd\sorgenti\bm-sd\GENERA\Rebuli modificato CAD\componenete\Img\grp6.jpg"
"Nucleo GENERA","origine\sd\sorgenti\bm-sd\GENERA\Rebuli modificato CAD\componenete\Img\grp7.jpg","C:\DOCUMENTI\sd\sorgenti\bm-sd\GENERA\Rebuli modificato CAD\componenete\Img\grp7.jpg"
"Nucleo GENERA","origine\sd\sorgenti\bm-sd\GENERA\Rebuli modificato CAD\componenete\Img\ProterMGI-070.jpg","C:\DOCUMENTI\sd\sorgenti\bm-sd\GENERA\Rebuli modificato CAD\componenete\Img\ProterMGI-070.jpg"
"Nucleo GENERA","origine\sd\sorgenti\bm-sd\GENERA\Rebuli modificato CAD\componenete\Img\ProterMGI-105.jpg","C:\DOCUMENTI\sd\sorgenti\bm-sd\GENERA\Rebuli modificato CAD\componenete\Img\ProterMGI-105.jpg"
"Nucleo GENERA","origine\sd\sorgenti\bm-sd\GENERA\Rebuli modificato CAD\componenete\Img\ProterMGI-210.jpg","C:\DOCUMENTI\sd\sorgenti\bm-sd\GENERA\Rebuli modificato CAD\componenete\Img\ProterMGI-210.jpg"
"Nucleo GENERA","origine\sd\sorgenti\bm-sd\GENERA\Rebuli modificato CAD\componenete\Img\R1r.jpg","C:\DOCUMENTI\sd\sorgenti\bm-sd\GENERA\Rebuli modificato CAD\componenete\Img\R1r.jpg"
"Nucleo GENERA","origine\sd\sorgenti\bm-sd\GENERA\Rebuli modificato CAD\componenete\Img\R2r.jpg","C:\DOCUMENTI\sd\sorgenti\bm-sd\GENERA\Rebuli modificato CAD\componenete\Img\R2r.jpg"
"Nucleo GENERA","origine\sd\sorgenti\bm-sd\GENERA\Rebuli modificato CAD\componenete\Img\R3r.jpg","C:\DOCUMENTI\sd\sorgenti\bm-sd\GENERA\Rebuli modificato CAD\componenete\Img\R3r.jpg"
"Nucleo GENERA","origine\sd\sorgenti\bm-sd\GENERA\Rebuli modificato CAD\componenete\Img\R4r.jpg","C:\DOCUMENTI\sd\sorgenti\bm-sd\GENERA\Rebuli modificato CAD\componenete\Img\R4r.jpg"
"Nucleo GENERA","origine\sd\sorgenti\bm-sd\GENERA\Rebuli modificato CAD\componenete\Img\R5r.jpg","C:\DOCUMENTI\sd\sorgenti\bm-sd\GENERA\Rebuli modificato CAD\componenete\Img\R5r.jpg"
"Nucleo GENERA","origine\sd\sorgenti\bm-sd\GENERA\Rebuli modificato CAD\componenete\img_bmp\ProterMGI-070.bmp","C:\DOCUMENTI\sd\sorgenti\bm-sd\GENERA\Rebuli modificato CAD\componenete\img_bmp\ProterMGI-070.bmp"
"Nucleo GENERA","origine\sd\sorgenti\bm-sd\GENERA\Rebuli modificato CAD\componenete\img_bmp\ProterMGI-105.bmp","C:\DOCUMENTI\sd\sorgenti\bm-sd\GENERA\Rebuli modificato CAD\componenete\img_bmp\ProterMGI-105.bmp"
"Nucleo GENERA","origine\sd\sorgenti\bm-sd\GENERA\Rebuli modificato CAD\componenete\img_bmp\ProterMGI-210.bmp","C:\DOCUMENTI\sd\sorgenti\bm-sd\GENERA\Rebuli modificato CAD\componenete\img_bmp\ProterMGI-210.bmp"
"Nucleo GENERA","origine\sd\sorgenti\bm-sd\GENERA\Rebuli modificato CAD\componenete\img_bmp\R1r.bmp","C:\DOCUMENTI\sd\sorgenti\bm-sd\GENERA\Rebuli modificato CAD\componenete\img_bmp\R1r.bmp"
"Nucleo GENERA","origine\sd\sorgenti\bm-sd\GENERA\Rebuli modificato CAD\componenete\img_bmp\R2r.bmp","C:\DOCUMENTI\sd\sorgenti\bm-sd\GENERA\Rebuli modificato CAD\componenete\img_bmp\R2r.bmp"
"Nucleo GENERA","origine\sd\sorgenti\bm-sd\GENERA\Rebuli modificato CAD\componenete\img_bmp\R3r.bmp","C:\DOCUMENTI\sd\sorgenti\bm-sd\GENERA\Rebuli modificato CAD\componenete\img_bmp\R3r.bmp"
"Nucleo GENERA","origine\sd\sorgenti\bm-sd\GENERA\Rebuli modificato CAD\componenete\img_bmp\R4r.bmp","C:\DOCUMENTI\sd\sorgenti\bm-sd\GENERA\Rebuli modificato CAD\componenete\img_bmp\R4r.bmp"
"Nucleo GENERA","origine\sd\sorgenti\bm-sd\GENERA\Rebuli modificato CAD\componenete\img_bmp\R5r.bmp","C:\DOCUMENTI\sd\sorgenti\bm-sd\GENERA\Rebuli modificato CAD\componenete\img_bmp\R5r.bmp"
"Nucleo GENERA","origine\sd\sorgenti\bm-sd\GENERA\Rebuli modificato CAD\componenete\istruzione.doc","C:\DOCUMENTI\sd\sorgenti\bm-sd\GENERA\Rebuli modificato CAD\componenete\istruzione.doc"
"Nucleo GENERA","origine\sd\sorgenti\bm-sd\GENERA\Rebuli modificato CAD\componenete\Logo.bmp","C:\DOCUMENTI\sd\sorgenti\bm-sd\GENERA\Rebuli modificato CAD\componenete\Logo.bmp"
"Nucleo GENERA","origine\sd\sorgenti\bm-sd\GENERA\Rebuli modificato CAD\componenete\ProterMGI-070.jpg","C:\DOCUMENTI\sd\sorgenti\bm-sd\GENERA\Rebuli modificato CAD\componenete\ProterMGI-070.jpg"
"Nucleo GENERA","origine\sd\sorgenti\bm-sd\GENERA\Rebuli modificato CAD\componenete\ProterMGI-105.jpg","C:\DOCUMENTI\sd\sorgenti\bm-sd\GENERA\Rebuli modificato CAD\componenete\ProterMGI-105.jpg"
"Nucleo GENERA","origine\sd\sorgenti\bm-sd\GENERA\Rebuli modificato CAD\componenete\ProterMGI-210.jpg","C:\DOCUMENTI\sd\sorgenti\bm-sd\GENERA\Rebuli modificato CAD\componenete\ProterMGI-210.jpg"
"Nucleo GENERA","origine\sd\sorgenti\bm-sd\GENERA\Rebuli modificato CAD\componenete\Provacomp.cfg","C:\DOCUMENTI\sd\sorgenti\bm-sd\GENERA\Rebuli modificato CAD\componenete\Provacomp.cfg"
"Nucleo GENERA","origine\sd\sorgenti\bm-sd\GENERA\Rebuli modificato CAD\componenete\Provacomp.dof","C:\DOCUMENTI\sd\sorgenti\bm-sd\GENERA\Rebuli modificato CAD\componenete\Provacomp.dof"
"Nucleo GENERA","origine\sd\sorgenti\bm-sd\GENERA\Rebuli modificato CAD\componenete\Provacomp.dpr","C:\DOCUMENTI\sd\sorgenti\bm-sd\GENERA\Rebuli modificato CAD\componenete\Provacomp.dpr"
"Nucleo GENERA","origine\sd\sorgenti\bm-sd\GENERA\Rebuli modificato CAD\componenete\Provacomp.dsk","C:\DOCUMENTI\sd\sorgenti\bm-sd\GENERA\Rebuli modificato CAD\componenete\Provacomp.dsk"
"Nucleo GENERA","origine\sd\sorgenti\bm-sd\GENERA\Rebuli modificato CAD\componenete\Provacomp.res","C:\DOCUMENTI\sd\sorgenti\bm-sd\GENERA\Rebuli modificato CAD\componenete\Provacomp.res"
"Nucleo GENERA","origine\sd\sorgenti\bm-sd\GENERA\Rebuli modificato CAD\componenete\R1r.jpg","C:\DOCUMENTI\sd\sorgenti\bm-sd\GENERA\Rebuli modificato CAD\componenete\R1r.jpg"
"Nucleo GENERA","origine\sd\sorgenti\bm-sd\GENERA\Rebuli modificato CAD\componenete\R2r.jpg","C:\DOCUMENTI\sd\sorgenti\bm-sd\GENERA\Rebuli modificato CAD\componenete\R2r.jpg"
"Nucleo GENERA","origine\sd\sorgenti\bm-sd\GENERA\Rebuli modificato CAD\componenete\R3r.jpg","C:\DOCUMENTI\sd\sorgenti\bm-sd\GENERA\Rebuli modificato CAD\componenete\R3r.jpg"
"Nucleo GENERA","origine\sd\sorgenti\bm-sd\GENERA\Rebuli modificato CAD\componenete\R4r.jpg","C:\DOCUMENTI\sd\sorgenti\bm-sd\GENERA\Rebuli modificato CAD\componenete\R4r.jpg"
"Nucleo GENERA","origine\sd\sorgenti\bm-sd\GENERA\Rebuli modificato CAD\componenete\R5r.jpg","C:\DOCUMENTI\sd\sorgenti\bm-sd\GENERA\Rebuli modificato CAD\componenete\R5r.jpg"
"Nucleo GENERA","origine\sd\sorgenti\bm-sd\GENERA\Rebuli modificato CAD\componenete\Uprovacomp.dfm","C:\DOCUMENTI\sd\sorgenti\bm-sd\GENERA\Rebuli modificato CAD\componenete\Uprovacomp.dfm"
"Nucleo GENERA","origine\sd\sorgenti\bm-sd\GENERA\Rebuli modificato CAD\componenete\Uprovacomp.pas","C:\DOCUMENTI\sd\sorgenti\bm-sd\GENERA\Rebuli modificato CAD\componenete\Uprovacomp.pas"
"Nucleo GENERA","origine\sd\sorgenti\bm-sd\GENERA\Rebuli modificato CAD\conf.txt","C:\DOCUMENTI\sd\sorgenti\bm-sd\GENERA\Rebuli modificato CAD\conf.txt"
"Nucleo GENERA","origine\sd\sorgenti\bm-sd\GENERA\Rebuli modificato CAD\DataIn.pas","C:\DOCUMENTI\sd\sorgenti\bm-sd\GENERA\Rebuli modificato CAD\DataIn.pas"
"Nucleo GENERA","origine\sd\sorgenti\bm-sd\GENERA\Rebuli modificato CAD\DataLink.pas","C:\DOCUMENTI\sd\sorgenti\bm-sd\GENERA\Rebuli modificato CAD\DataLink.pas"
"Nucleo GENERA","origine\sd\sorgenti\bm-sd\GENERA\Rebuli modificato CAD\DataOut.pas","C:\DOCUMENTI\sd\sorgenti\bm-sd\GENERA\Rebuli modificato CAD\DataOut.pas"
"Nucleo GENERA","origine\sd\sorgenti\bm-sd\GENERA\Rebuli modificato CAD\dati\1.ref","C:\DOCUMENTI\sd\sorgenti\bm-sd\GENERA\Rebuli modificato CAD\dati\1.ref"
"Nucleo GENERA","origine\sd\sorgenti\bm-sd\GENERA\Rebuli modificato CAD\disegnoinscala.pas","C:\DOCUMENTI\sd\sorgenti\bm-sd\GENERA\Rebuli modificato CAD\disegnoinscala.pas"
"Nucleo GENERA","origine\sd\sorgenti\bm-sd\GENERA\Rebuli modificato CAD\doc\formule rebuli.doc","C:\DOCUMENTI\sd\sorgenti\bm-sd\GENERA\Rebuli modificato CAD\doc\formule rebuli.doc"
"Nucleo GENERA","origine\sd\sorgenti\bm-sd\GENERA\Rebuli modificato CAD\doc\formule rebuli.txt","C:\DOCUMENTI\sd\sorgenti\bm-sd\GENERA\Rebuli modificato CAD\doc\formule rebuli.txt"
"Nucleo GENERA","origine\sd\sorgenti\bm-sd\GENERA\Rebuli modificato CAD\doc\Immagine1.jpg","C:\DOCUMENTI\sd\sorgenti\bm-sd\GENERA\Rebuli modificato CAD\doc\Immagine1.jpg"
"Nucleo GENERA","origine\sd\sorgenti\bm-sd\GENERA\Rebuli modificato CAD\doc\Immagine2.jpg","C:\DOCUMENTI\sd\sorgenti\bm-sd\GENERA\Rebuli modificato CAD\doc\Immagine2.jpg"
"Nucleo GENERA","origine\sd\sorgenti\bm-sd\GENERA\Rebuli modificato CAD\doc\Immagine3.jpg","C:\DOCUMENTI\sd\sorgenti\bm-sd\GENERA\Rebuli modificato CAD\doc\Immagine3.jpg"
"Nucleo GENERA","origine\sd\sorgenti\bm-sd\GENERA\Rebuli modificato CAD\doc\Immagine4.jpg","C:\DOCUMENTI\sd\sorgenti\bm-sd\GENERA\Rebuli modificato CAD\doc\Immagine4.jpg"
"Nucleo GENERA","origine\sd\sorgenti\bm-sd\GENERA\Rebuli modificato CAD\doc\interfaccia comp.txt","C:\DOCUMENTI\sd\sorgenti\bm-sd\GENERA\Rebuli modificato CAD\doc\interfaccia comp.txt"
"Nucleo GENERA","origine\sd\sorgenti\bm-sd\GENERA\Rebuli modificato CAD\docpaolo componente delphi.txt","C:\DOCUMENTI\sd\sorgenti\bm-sd\GENERA\Rebuli modificato CAD\docpaolo componente delphi.txt"
"Nucleo GENERA","origine\sd\sorgenti\bm-sd\GENERA\Rebuli modificato CAD\FunzionifinestraGrafica.pas","C:\DOCUMENTI\sd\sorgenti\bm-sd\GENERA\Rebuli modificato CAD\FunzionifinestraGrafica.pas"
"Nucleo GENERA","origine\sd\sorgenti\bm-sd\GENERA\Rebuli modificato CAD\Grafica.pas","C:\DOCUMENTI\sd\sorgenti\bm-sd\GENERA\Rebuli modificato CAD\Grafica.pas"
"Nucleo GENERA","origine\sd\sorgenti\bm-sd\GENERA\Rebuli modificato CAD\header.htm","C:\DOCUMENTI\sd\sorgenti\bm-sd\GENERA\Rebuli modificato CAD\header.htm"
"Nucleo GENERA","origine\sd\sorgenti\bm-sd\GENERA\Rebuli modificato CAD\Img\art1.jpg","C:\DOCUMENTI\sd\sorgenti\bm-sd\GENERA\Rebuli modificato CAD\Img\art1.jpg"
"Nucleo GENERA","origine\sd\sorgenti\bm-sd\GENERA\Rebuli modificato CAD\Img\art2.jpg","C:\DOCUMENTI\sd\sorgenti\bm-sd\GENERA\Rebuli modificato CAD\Img\art2.jpg"
"Nucleo GENERA","origine\sd\sorgenti\bm-sd\GENERA\Rebuli modificato CAD\Img\art3.jpg","C:\DOCUMENTI\sd\sorgenti\bm-sd\GENERA\Rebuli modificato CAD\Img\art3.jpg"
"Nucleo GENERA","origine\sd\sorgenti\bm-sd\GENERA\Rebuli modificato CAD\Img\art4.jpg","C:\DOCUMENTI\sd\sorgenti\bm-sd\GENERA\Rebuli modificato CAD\Img\art4.jpg"
"Nucleo GENERA","origine\sd\sorgenti\bm-sd\GENERA\Rebuli modificato CAD\Img\art5.jpg","C:\DOCUMENTI\sd\sorgenti\bm-sd\GENERA\Rebuli modificato CAD\Img\art5.jpg"
"Nucleo GENERA","origine\sd\sorgenti\bm-sd\GENERA\Rebuli modificato CAD\Img\art6.jpg","C:\DOCUMENTI\sd\sorgenti\bm-sd\GENERA\Rebuli modificato CAD\Img\art6.jpg"
"Nucleo GENERA","origine\sd\sorgenti\bm-sd\GENERA\Rebuli modificato CAD\Img\art7.jpg","C:\DOCUMENTI\sd\sorgenti\bm-sd\GENERA\Rebuli modificato CAD\Img\art7.jpg"
"Nucleo GENERA","origine\sd\sorgenti\bm-sd\GENERA\Rebuli modificato CAD\Img\det1.jpg","C:\DOCUMENTI\sd\sorgenti\bm-sd\GENERA\Rebuli modificato CAD\Img\det1.jpg"
"Nucleo GENERA","origine\sd\sorgenti\bm-sd\GENERA\Rebuli modificato CAD\Img\det2.jpg","C:\DOCUMENTI\sd\sorgenti\bm-sd\GENERA\Rebuli modificato CAD\Img\det2.jpg"
"Nucleo GENERA","origine\sd\sorgenti\bm-sd\GENERA\Rebuli modificato CAD\Img\det3.jpg","C:\DOCUMENTI\sd\sorgenti\bm-sd\GENERA\Rebuli modificato CAD\Img\det3.jpg"
"Nucleo GENERA","origine\sd\sorgenti\bm-sd\GENERA\Rebuli modificato CAD\Img\det4.jpg","C:\DOCUMENTI\sd\sorgenti\bm-sd\GENERA\Rebuli modificato CAD\Img\det4.jpg"
"Nucleo GENERA","origine\sd\sorgenti\bm-sd\GENERA\Rebuli modificato CAD\Img\det5.jpg","C:\DOCUMENTI\sd\sorgenti\bm-sd\GENERA\Rebuli modificato CAD\Img\det5.jpg"
"Nucleo GENERA","origine\sd\sorgenti\bm-sd\GENERA\Rebuli modificato CAD\Img\grp1.jpg","C:\DOCUMENTI\sd\sorgenti\bm-sd\GENERA\Rebuli modificato CAD\Img\grp1.jpg"
"Nucleo GENERA","origine\sd\sorgenti\bm-sd\GENERA\Rebuli modificato CAD\Img\grp2.jpg","C:\DOCUMENTI\sd\sorgenti\bm-sd\GENERA\Rebuli modificato CAD\Img\grp2.jpg"
"Nucleo GENERA","origine\sd\sorgenti\bm-sd\GENERA\Rebuli modificato CAD\Img\grp3.jpg","C:\DOCUMENTI\sd\sorgenti\bm-sd\GENERA\Rebuli modificato CAD\Img\grp3.jpg"
"Nucleo GENERA","origine\sd\sorgenti\bm-sd\GENERA\Rebuli modificato CAD\Img\grp4.jpg","C:\DOCUMENTI\sd\sorgenti\bm-sd\GENERA\Rebuli modificato CAD\Img\grp4.jpg"
"Nucleo GENERA","origine\sd\sorgenti\bm-sd\GENERA\Rebuli modificato CAD\Img\grp5.jpg","C:\DOCUMENTI\sd\sorgenti\bm-sd\GENERA\Rebuli modificato CAD\Img\grp5.jpg"
"Nucleo GENERA","origine\sd\sorgenti\bm-sd\GENERA\Rebuli modificato CAD\Img\grp6.jpg","C:\DOCUMENTI\sd\sorgenti\bm-sd\GENERA\Rebuli modificato CAD\Img\grp6.jpg"
"Nucleo GENERA","origine\sd\sorgenti\bm-sd\GENERA\Rebuli modificato CAD\Img\grp7.jpg","C:\DOCUMENTI\sd\sorgenti\bm-sd\GENERA\Rebuli modificato CAD\Img\grp7.jpg"
"Nucleo GENERA","origine\sd\sorgenti\bm-sd\GENERA\Rebuli modificato CAD\Img\ProterMGI-070.jpg","C:\DOCUMENTI\sd\sorgenti\bm-sd\GENERA\Rebuli modificato CAD\Img\ProterMGI-070.jpg"
"Nucleo GENERA","origine\sd\sorgenti\bm-sd\GENERA\Rebuli modificato CAD\Img\ProterMGI-105.jpg","C:\DOCUMENTI\sd\sorgenti\bm-sd\GENERA\Rebuli modificato CAD\Img\ProterMGI-105.jpg"
"Nucleo GENERA","origine\sd\sorgenti\bm-sd\GENERA\Rebuli modificato CAD\Img\ProterMGI-210.jpg","C:\DOCUMENTI\sd\sorgenti\bm-sd\GENERA\Rebuli modificato CAD\Img\ProterMGI-210.jpg"
"Nucleo GENERA","origine\sd\sorgenti\bm-sd\GENERA\Rebuli modificato CAD\Img\R1r.jpg","C:\DOCUMENTI\sd\sorgenti\bm-sd\GENERA\Rebuli modificato CAD\Img\R1r.jpg"
"Nucleo GENERA","origine\sd\sorgenti\bm-sd\GENERA\Rebuli modificato CAD\Img\R2r.jpg","C:\DOCUMENTI\sd\sorgenti\bm-sd\GENERA\Rebuli modificato CAD\Img\R2r.jpg"
"Nucleo GENERA","origine\sd\sorgenti\bm-sd\GENERA\Rebuli modificato CAD\Img\R3r.jpg","C:\DOCUMENTI\sd\sorgenti\bm-sd\GENERA\Rebuli modificato CAD\Img\R3r.jpg"
"Nucleo GENERA","origine\sd\sorgenti\bm-sd\GENERA\Rebuli modificato CAD\Img\R4r.jpg","C:\DOCUMENTI\sd\sorgenti\bm-sd\GENERA\Rebuli modificato CAD\Img\R4r.jpg"
"Nucleo GENERA","origine\sd\sorgenti\bm-sd\GENERA\Rebuli modificato CAD\Img\R5r.jpg","C:\DOCUMENTI\sd\sorgenti\bm-sd\GENERA\Rebuli modificato CAD\Img\R5r.jpg"
"Nucleo GENERA","origine\sd\sorgenti\bm-sd\GENERA\Rebuli modificato CAD\istruzione.doc","C:\DOCUMENTI\sd\sorgenti\bm-sd\GENERA\Rebuli modificato CAD\istruzione.doc"
"Nucleo GENERA","origine\sd\sorgenti\bm-sd\GENERA\Rebuli modificato CAD\Logo.bmp","C:\DOCUMENTI\sd\sorgenti\bm-sd\GENERA\Rebuli modificato CAD\Logo.bmp"
"Nucleo GENERA","origine\sd\sorgenti\bm-sd\GENERA\Rebuli modificato CAD\Mappadb.pas","C:\DOCUMENTI\sd\sorgenti\bm-sd\GENERA\Rebuli modificato CAD\Mappadb.pas"
"Nucleo GENERA","origine\sd\sorgenti\bm-sd\GENERA\Rebuli modificato CAD\path.fil","C:\DOCUMENTI\sd\sorgenti\bm-sd\GENERA\Rebuli modificato CAD\path.fil"
"Nucleo GENERA","origine\sd\sorgenti\bm-sd\GENERA\Rebuli modificato CAD\Pprovacomp.cfg","C:\DOCUMENTI\sd\sorgenti\bm-sd\GENERA\Rebuli modificato CAD\Pprovacomp.cfg"
"Nucleo GENERA","origine\sd\sorgenti\bm-sd\GENERA\Rebuli modificato CAD\Pprovacomp.dof","C:\DOCUMENTI\sd\sorgenti\bm-sd\GENERA\Rebuli modificato CAD\Pprovacomp.dof"
"Nucleo GENERA","origine\sd\sorgenti\bm-sd\GENERA\Rebuli modificato CAD\Pprovacomp.dpr","C:\DOCUMENTI\sd\sorgenti\bm-sd\GENERA\Rebuli modificato CAD\Pprovacomp.dpr"
"Nucleo GENERA","origine\sd\sorgenti\bm-sd\GENERA\Rebuli modificato CAD\Pprovacomp.dsk","C:\DOCUMENTI\sd\sorgenti\bm-sd\GENERA\Rebuli modificato CAD\Pprovacomp.dsk"
"Nucleo GENERA","origine\sd\sorgenti\bm-sd\GENERA\Rebuli modificato CAD\Pprovacomp.res","C:\DOCUMENTI\sd\sorgenti\bm-sd\GENERA\Rebuli modificato CAD\Pprovacomp.res"
"Nucleo GENERA","origine\sd\sorgenti\bm-sd\GENERA\Rebuli modificato CAD\prova1.ref","C:\DOCUMENTI\sd\sorgenti\bm-sd\GENERA\Rebuli modificato CAD\prova1.ref"
"Nucleo GENERA","origine\sd\sorgenti\bm-sd\GENERA\Rebuli modificato CAD\prova2.ref","C:\DOCUMENTI\sd\sorgenti\bm-sd\GENERA\Rebuli modificato CAD\prova2.ref"
"Nucleo GENERA","origine\sd\sorgenti\bm-sd\GENERA\Rebuli modificato CAD\Provacomp.cfg","C:\DOCUMENTI\sd\sorgenti\bm-sd\GENERA\Rebuli modificato CAD\Provacomp.cfg"
"Nucleo GENERA","origine\sd\sorgenti\bm-sd\GENERA\Rebuli modificato CAD\Provacomp.dof","C:\DOCUMENTI\sd\sorgenti\bm-sd\GENERA\Rebuli modificato CAD\Provacomp.dof"
"Nucleo GENERA","origine\sd\sorgenti\bm-sd\GENERA\Rebuli modificato CAD\Provacomp.dpr","C:\DOCUMENTI\sd\sorgenti\bm-sd\GENERA\Rebuli modificato CAD\Provacomp.dpr"
"Nucleo GENERA","origine\sd\sorgenti\bm-sd\GENERA\Rebuli modificato CAD\Provacomp.dsk","C:\DOCUMENTI\sd\sorgenti\bm-sd\GENERA\Rebuli modificato CAD\Provacomp.dsk"
"Nucleo GENERA","origine\sd\sorgenti\bm-sd\GENERA\Rebuli modificato CAD\Provacomp.res","C:\DOCUMENTI\sd\sorgenti\bm-sd\GENERA\Rebuli modificato CAD\Provacomp.res"
"Nucleo GENERA","origine\sd\sorgenti\bm-sd\GENERA\Rebuli modificato CAD\PSofrad.cfg","C:\DOCUMENTI\sd\sorgenti\bm-sd\GENERA\Rebuli modificato CAD\PSofrad.cfg"
"Nucleo GENERA","origine\sd\sorgenti\bm-sd\GENERA\Rebuli modificato CAD\PSofrad.dof","C:\DOCUMENTI\sd\sorgenti\bm-sd\GENERA\Rebuli modificato CAD\PSofrad.dof"
"Nucleo GENERA","origine\sd\sorgenti\bm-sd\GENERA\Rebuli modificato CAD\PSofrad.dpr","C:\DOCUMENTI\sd\sorgenti\bm-sd\GENERA\Rebuli modificato CAD\PSofrad.dpr"
"Nucleo GENERA","origine\sd\sorgenti\bm-sd\GENERA\Rebuli modificato CAD\PSofrad.dsk","C:\DOCUMENTI\sd\sorgenti\bm-sd\GENERA\Rebuli modificato CAD\PSofrad.dsk"
"Nucleo GENERA","origine\sd\sorgenti\bm-sd\GENERA\Rebuli modificato CAD\PSofrad.res","C:\DOCUMENTI\sd\sorgenti\bm-sd\GENERA\Rebuli modificato CAD\PSofrad.res"
"Nucleo GENERA","origine\sd\sorgenti\bm-sd\GENERA\Rebuli modificato CAD\resources\agg.bmp","C:\DOCUMENTI\sd\sorgenti\bm-sd\GENERA\Rebuli modificato CAD\resources\agg.bmp"
"Nucleo GENERA","origine\sd\sorgenti\bm-sd\GENERA\Rebuli modificato CAD\resources\apri.bmp","C:\DOCUMENTI\sd\sorgenti\bm-sd\GENERA\Rebuli modificato CAD\resources\apri.bmp"
"Nucleo GENERA","origine\sd\sorgenti\bm-sd\GENERA\Rebuli modificato CAD\resources\fiore.bmp","C:\DOCUMENTI\sd\sorgenti\bm-sd\GENERA\Rebuli modificato CAD\resources\fiore.bmp"
"Nucleo GENERA","origine\sd\sorgenti\bm-sd\GENERA\Rebuli modificato CAD\resources\nuovo.bmp","C:\DOCUMENTI\sd\sorgenti\bm-sd\GENERA\Rebuli modificato CAD\resources\nuovo.bmp"
"Nucleo GENERA","origine\sd\sorgenti\bm-sd\GENERA\Rebuli modificato CAD\resources\Oc.bmp","C:\DOCUMENTI\sd\sorgenti\bm-sd\GENERA\Rebuli modificato CAD\resources\Oc.bmp"
"Nucleo GENERA","origine\sd\sorgenti\bm-sd\GENERA\Rebuli modificato CAD\resources\OD.bmp","C:\DOCUMENTI\sd\sorgenti\bm-sd\GENERA\Rebuli modificato CAD\resources\OD.bmp"
"Nucleo GENERA","origine\sd\sorgenti\bm-sd\GENERA\Rebuli modificato CAD\resources\Os.bmp","C:\DOCUMENTI\sd\sorgenti\bm-sd\GENERA\Rebuli modificato CAD\resources\Os.bmp"
"Nucleo GENERA","origine\sd\sorgenti\bm-sd\GENERA\Rebuli modificato CAD\resources\prova.bmp","C:\DOCUMENTI\sd\sorgenti\bm-sd\GENERA\Rebuli modificato CAD\resources\prova.bmp"
"Nucleo GENERA","origine\sd\sorgenti\bm-sd\GENERA\Rebuli modificato CAD\resources\va.bmp","C:\DOCUMENTI\sd\sorgenti\bm-sd\GENERA\Rebuli modificato CAD\resources\va.bmp"
"Nucleo GENERA","origine\sd\sorgenti\bm-sd\GENERA\Rebuli modificato CAD\resources\vb.bmp","C:\DOCUMENTI\sd\sorgenti\bm-sd\GENERA\Rebuli modificato CAD\resources\vb.bmp"
"Nucleo GENERA","origine\sd\sorgenti\bm-sd\GENERA\Rebuli modificato CAD\resources\vc.bmp","C:\DOCUMENTI\sd\sorgenti\bm-sd\GENERA\Rebuli modificato CAD\resources\vc.bmp"
"Nucleo GENERA","origine\sd\sorgenti\bm-sd\GENERA\Rebuli modificato CAD\SofRad.dfm","C:\DOCUMENTI\sd\sorgenti\bm-sd\GENERA\Rebuli modificato CAD\SofRad.dfm"
"Nucleo GENERA","origine\sd\sorgenti\bm-sd\GENERA\Rebuli modificato CAD\sofrad.iwz","C:\DOCUMENTI\sd\sorgenti\bm-sd\GENERA\Rebuli modificato CAD\sofrad.iwz"
"Nucleo GENERA","origine\sd\sorgenti\bm-sd\GENERA\Rebuli modificato CAD\SofRad.pas","C:\DOCUMENTI\sd\sorgenti\bm-sd\GENERA\Rebuli modificato CAD\SofRad.pas"
"Nucleo GENERA","origine\sd\sorgenti\bm-sd\GENERA\Rebuli modificato CAD\SOFRAD\650MB\DISK1\_SETUP.1","C:\DOCUMENTI\sd\sorgenti\bm-sd\GENERA\Rebuli modificato CAD\SOFRAD\650MB\DISK1\_SETUP.1"
"Nucleo GENERA","origine\sd\sorgenti\bm-sd\GENERA\Rebuli modificato CAD\SOFRAD\650MB\DISK1\DISK1.ID","C:\DOCUMENTI\sd\sorgenti\bm-sd\GENERA\Rebuli modificato CAD\SOFRAD\650MB\DISK1\DISK1.ID"
"Nucleo GENERA","origine\sd\sorgenti\bm-sd\GENERA\Rebuli modificato CAD\SOFRAD\650MB\DISK1\SETUP.INI","C:\DOCUMENTI\sd\sorgenti\bm-sd\GENERA\Rebuli modificato CAD\SOFRAD\650MB\DISK1\SETUP.INI"
"Nucleo GENERA","origine\sd\sorgenti\bm-sd\GENERA\Rebuli modificato CAD\SOFRAD\650MB\DISK1\SETUP.INS","C:\DOCUMENTI\sd\sorgenti\bm-sd\GENERA\Rebuli modificato CAD\SOFRAD\650MB\DISK1\SETUP.INS"
"Nucleo GENERA","origine\sd\sorgenti\bm-sd\GENERA\Rebuli modificato CAD\SOFRAD\650MB\DISK1\SETUP.PKG","C:\DOCUMENTI\sd\sorgenti\bm-sd\GENERA\Rebuli modificato CAD\SOFRAD\650MB\DISK1\SETUP.PKG"
"Nucleo GENERA","origine\sd\sorgenti\bm-sd\GENERA\Rebuli modificato CAD\SOFRAD\650MB\TEMP\CORECOMP.INI","C:\DOCUMENTI\sd\sorgenti\bm-sd\GENERA\Rebuli modificato CAD\SOFRAD\650MB\TEMP\CORECOMP.INI"
"Nucleo GENERA","origine\sd\sorgenti\bm-sd\GENERA\Rebuli modificato CAD\SOFRAD\650MB\TEMP\DLGIMAGE.BMP","C:\DOCUMENTI\sd\sorgenti\bm-sd\GENERA\Rebuli modificato CAD\SOFRAD\650MB\TEMP\DLGIMAGE.BMP"
"Nucleo GENERA","origine\sd\sorgenti\bm-sd\GENERA\Rebuli modificato CAD\SOFRAD\650MB\TEMP\Logo.bmp","C:\DOCUMENTI\sd\sorgenti\bm-sd\GENERA\Rebuli modificato CAD\SOFRAD\650MB\TEMP\Logo.bmp"
"Nucleo GENERA","origine\sd\sorgenti\bm-sd\GENERA\Rebuli modificato CAD\SOFRAD\650MB\TEMP\SETUP.INI","C:\DOCUMENTI\sd\sorgenti\bm-sd\GENERA\Rebuli modificato CAD\SOFRAD\650MB\TEMP\SETUP.INI"
"Nucleo GENERA","origine\sd\sorgenti\bm-sd\GENERA\Rebuli modificato CAD\SOFRAD\650MB\TEMP\setup1.bmp","C:\DOCUMENTI\sd\sorgenti\bm-sd\GENERA\Rebuli modificato CAD\SOFRAD\650MB\TEMP\setup1.bmp"
"Nucleo GENERA","origine\sd\sorgenti\bm-sd\GENERA\Rebuli modificato CAD\typedef.pas","C:\DOCUMENTI\sd\sorgenti\bm-sd\GENERA\Rebuli modificato CAD\typedef.pas"
"Nucleo GENERA","origine\sd\sorgenti\bm-sd\GENERA\Rebuli modificato CAD\UCalcoli.pas","C:\DOCUMENTI\sd\sorgenti\bm-sd\GENERA\Rebuli modificato CAD\UCalcoli.pas"
"Nucleo GENERA","origine\sd\sorgenti\bm-sd\GENERA\Rebuli modificato CAD\UDataLink.pas","C:\DOCUMENTI\sd\sorgenti\bm-sd\GENERA\Rebuli modificato CAD\UDataLink.pas"
"Nucleo GENERA","origine\sd\sorgenti\bm-sd\GENERA\Rebuli modificato CAD\UDati.pas","C:\DOCUMENTI\sd\sorgenti\bm-sd\GENERA\Rebuli modificato CAD\UDati.pas"
"Nucleo GENERA","origine\sd\sorgenti\bm-sd\GENERA\Rebuli modificato CAD\UDB.dfm","C:\DOCUMENTI\sd\sorgenti\bm-sd\GENERA\Rebuli modificato CAD\UDB.dfm"
"Nucleo GENERA","origine\sd\sorgenti\bm-sd\GENERA\Rebuli modificato CAD\UDB.dti","C:\DOCUMENTI\sd\sorgenti\bm-sd\GENERA\Rebuli modificato CAD\UDB.dti"
"Nucleo GENERA","origine\sd\sorgenti\bm-sd\GENERA\Rebuli modificato CAD\UDB.pas","C:\DOCUMENTI\sd\sorgenti\bm-sd\GENERA\Rebuli modificato CAD\UDB.pas"
"Nucleo GENERA","origine\sd\sorgenti\bm-sd\GENERA\Rebuli modificato CAD\UFormgen.dfm","C:\DOCUMENTI\sd\sorgenti\bm-sd\GENERA\Rebuli modificato CAD\UFormgen.dfm"
"Nucleo GENERA","origine\sd\sorgenti\bm-sd\GENERA\Rebuli modificato CAD\UFormgen.pas","C:\DOCUMENTI\sd\sorgenti\bm-sd\GENERA\Rebuli modificato CAD\UFormgen.pas"
"Nucleo GENERA","origine\sd\sorgenti\bm-sd\GENERA\Rebuli modificato CAD\UInterattiva.pas","C:\DOCUMENTI\sd\sorgenti\bm-sd\GENERA\Rebuli modificato CAD\UInterattiva.pas"
"Nucleo GENERA","origine\sd\sorgenti\bm-sd\GENERA\Rebuli modificato CAD\UListbox.dfm","C:\DOCUMENTI\sd\sorgenti\bm-sd\GENERA\Rebuli modificato CAD\UListbox.dfm"
"Nucleo GENERA","origine\sd\sorgenti\bm-sd\GENERA\Rebuli modificato CAD\UListbox.pas","C:\DOCUMENTI\sd\sorgenti\bm-sd\GENERA\Rebuli modificato CAD\UListbox.pas"
"Nucleo GENERA","origine\sd\sorgenti\bm-sd\GENERA\Rebuli modificato CAD\UListbox1.dfm","C:\DOCUMENTI\sd\sorgenti\bm-sd\GENERA\Rebuli modificato CAD\UListbox1.dfm"
"Nucleo GENERA","origine\sd\sorgenti\bm-sd\GENERA\Rebuli modificato CAD\UListbox1.pas","C:\DOCUMENTI\sd\sorgenti\bm-sd\GENERA\Rebuli modificato CAD\UListbox1.pas"
"Nucleo GENERA","origine\sd\sorgenti\bm-sd\GENERA\Rebuli modificato CAD\UMaskgen.dfm","C:\DOCUMENTI\sd\sorgenti\bm-sd\GENERA\Rebuli modificato CAD\UMaskgen.dfm"
"Nucleo GENERA","origine\sd\sorgenti\bm-sd\GENERA\Rebuli modificato CAD\UMaskgen.pas","C:\DOCUMENTI\sd\sorgenti\bm-sd\GENERA\Rebuli modificato CAD\UMaskgen.pas"
"Nucleo GENERA","origine\sd\sorgenti\bm-sd\GENERA\Rebuli modificato CAD\Unit1.pas","C:\DOCUMENTI\sd\sorgenti\bm-sd\GENERA\Rebuli modificato CAD\Unit1.pas"
"Nucleo GENERA","origine\sd\sorgenti\bm-sd\GENERA\Rebuli modificato CAD\UPrepStampe.dfm","C:\DOCUMENTI\sd\sorgenti\bm-sd\GENERA\Rebuli modificato CAD\UPrepStampe.dfm"
"Nucleo GENERA","origine\sd\sorgenti\bm-sd\GENERA\Rebuli modificato CAD\UPrepStampe.pas","C:\DOCUMENTI\sd\sorgenti\bm-sd\GENERA\Rebuli modificato CAD\UPrepStampe.pas"
"Nucleo GENERA","origine\sd\sorgenti\bm-sd\GENERA\Rebuli modificato CAD\UProvacomp.dfm","C:\DOCUMENTI\sd\sorgenti\bm-sd\GENERA\Rebuli modificato CAD\UProvacomp.dfm"
"Nucleo GENERA","origine\sd\sorgenti\bm-sd\GENERA\Rebuli modificato CAD\UProvacomp.pas","C:\DOCUMENTI\sd\sorgenti\bm-sd\GENERA\Rebuli modificato CAD\UProvacomp.pas"
"Nucleo GENERA","origine\sd\sorgenti\bm-sd\GENERA\Rebuli modificato CAD\UProvacomp1.pas","C:\DOCUMENTI\sd\sorgenti\bm-sd\GENERA\Rebuli modificato CAD\UProvacomp1.pas"
"Nucleo GENERA","origine\sd\sorgenti\bm-sd\GENERA\Rebuli modificato CAD\USceltaPann.dfm","C:\DOCUMENTI\sd\sorgenti\bm-sd\GENERA\Rebuli modificato CAD\USceltaPann.dfm"
"Nucleo GENERA","origine\sd\sorgenti\bm-sd\GENERA\Rebuli modificato CAD\USceltaPann.pas","C:\DOCUMENTI\sd\sorgenti\bm-sd\GENERA\Rebuli modificato CAD\USceltaPann.pas"
"Nucleo GENERA","origine\sd\sorgenti\bm-sd\GENERA\Rebuli modificato CAD\Ustampa2.dfm","C:\DOCUMENTI\sd\sorgenti\bm-sd\GENERA\Rebuli modificato CAD\Ustampa2.dfm"
"Nucleo GENERA","origine\sd\sorgenti\bm-sd\GENERA\Rebuli modificato CAD\Ustampa2.pas","C:\DOCUMENTI\sd\sorgenti\bm-sd\GENERA\Rebuli modificato CAD\Ustampa2.pas"
"Nucleo GENERA","origine\sd\sorgenti\bm-sd\GENERA\Rebuli modificato CAD\UStampe.dfm","C:\DOCUMENTI\sd\sorgenti\bm-sd\GENERA\Rebuli modificato CAD\UStampe.dfm"
"Nucleo GENERA","origine\sd\sorgenti\bm-sd\GENERA\Rebuli modificato CAD\UStampe.pas","C:\DOCUMENTI\sd\sorgenti\bm-sd\GENERA\Rebuli modificato CAD\UStampe.pas"
"Nucleo GENERA","origine\sd\sorgenti\bm-sd\GENERA\Rebuli modificato CAD\UtilsGen.pas","C:\DOCUMENTI\sd\sorgenti\bm-sd\GENERA\Rebuli modificato CAD\UtilsGen.pas"
"Nucleo GENERA","origine\sd\sorgenti\bm-sd\GENERA\Tubazioni.DB","C:\DOCUMENTI\sd\sorgenti\bm-sd\GENERA\Tubazioni.DB"
"Nucleo GENERA","origine\sd\sorgenti\bm-sd\GENERA\Tubazioni.PX","C:\DOCUMENTI\sd\sorgenti\bm-sd\GENERA\Tubazioni.PX"
"Nucleo GENERA","origine\sd\sorgenti\bm-sd\GENERA\typedef.pas","C:\DOCUMENTI\sd\sorgenti\bm-sd\GENERA\typedef.pas"
"Nucleo GENERA","origine\sd\sorgenti\bm-sd\GENERA\typedef1.pas","C:\DOCUMENTI\sd\sorgenti\bm-sd\GENERA\typedef1.pas"
"Nucleo GENERA","origine\sd\sorgenti\bm-sd\GENERA\UCalc.pas","C:\DOCUMENTI\sd\sorgenti\bm-sd\GENERA\UCalc.pas"
"Nucleo GENERA","origine\sd\sorgenti\bm-sd\GENERA\UDataLink.pas","C:\DOCUMENTI\sd\sorgenti\bm-sd\GENERA\UDataLink.pas"
"Nucleo GENERA","origine\sd\sorgenti\bm-sd\GENERA\UDB.dfm","C:\DOCUMENTI\sd\sorgenti\bm-sd\GENERA\UDB.dfm"
"Nucleo GENERA","origine\sd\sorgenti\bm-sd\GENERA\UDB.dti","C:\DOCUMENTI\sd\sorgenti\bm-sd\GENERA\UDB.dti"
"Nucleo GENERA","origine\sd\sorgenti\bm-sd\GENERA\UDB.pas","C:\DOCUMENTI\sd\sorgenti\bm-sd\GENERA\UDB.pas"
"Nucleo GENERA","origine\sd\sorgenti\bm-sd\GENERA\UFunzGenera.pas","C:\DOCUMENTI\sd\sorgenti\bm-sd\GENERA\UFunzGenera.pas"
"Nucleo GENERA","origine\sd\sorgenti\bm-sd\GENERA\UMainGenera.ddp","C:\DOCUMENTI\sd\sorgenti\bm-sd\GENERA\UMainGenera.ddp"
"Nucleo GENERA","origine\sd\sorgenti\bm-sd\GENERA\UMainGenera.dfm","C:\DOCUMENTI\sd\sorgenti\bm-sd\GENERA\UMainGenera.dfm"
"Nucleo GENERA","origine\sd\sorgenti\bm-sd\GENERA\UMainGenera.pas","C:\DOCUMENTI\sd\sorgenti\bm-sd\GENERA\UMainGenera.pas"
"Risorsa dipendenza","origine\sd\sorgenti\bm-sd\librerie_generali\Gest_form.ddp","C:\DOCUMENTI\sd\sorgenti\bm-sd\librerie_generali\Gest_form.ddp"
"Risorsa dipendenza","origine\sd\sorgenti\bm-sd\librerie_generali\Gest_form.dfm","C:\DOCUMENTI\sd\sorgenti\bm-sd\librerie_generali\Gest_form.dfm"
"Dipendenza esterna","origine\sd\sorgenti\bm-sd\librerie_generali\Gest_form.pas","C:\DOCUMENTI\sd\sorgenti\bm-sd\librerie_generali\Gest_form.pas"
