"Sorgente","Unita","Dipendenza"
"C:\DOCUMENTI\sd\sorgenti\bm-sd\GENERA\distribuzione\calcolo.pas","gestudb","C:\DOCUMENTI\sd\sorgenti\bm-sd\GENERA\distribuzione\libreriedatabase\gestudb.pas"
"C:\DOCUMENTI\sd\sorgenti\bm-sd\GENERA\distribuzione\calcolo.pas","Messaggi_easy","C:\DOCUMENTI\sd\sorgenti\bm-sd\GENERA\distribuzione\Messaggi_easy.pas"
"C:\DOCUMENTI\sd\sorgenti\bm-sd\GENERA\distribuzione\calcolo.pas","udbT","C:\DOCUMENTI\sd\sorgenti\bm-sd\GENERA\gestione\generati\UDBT.pas"
"C:\DOCUMENTI\sd\sorgenti\bm-sd\GENERA\distribuzione\calcolo.pas","uleggiscrividati","C:\DOCUMENTI\sd\sorgenti\bm-sd\GENERA\gestione\generati\ULeggiscriviDati.pas"
"C:\DOCUMENTI\sd\sorgenti\bm-sd\GENERA\distribuzione\calcolo.pas","varcarichi","C:\DOCUMENTI\sd\sorgenti\bm-sd\GENERA\distribuzione\Varcarichi.pas"
"C:\DOCUMENTI\sd\sorgenti\bm-sd\GENERA\distribuzione\Gestione_Nomedatabase.pas","gest_form","C:\DOCUMENTI\sd\sorgenti\bm-sd\librerie_generali\Gest_form.pas"
"C:\DOCUMENTI\sd\sorgenti\bm-sd\GENERA\distribuzione\Gestione_Nomedatabase.pas","Ucompilaform","C:\DOCUMENTI\sd\sorgenti\bm-sd\GENERA\distribuzione\libreriedatabase\UCompilaForm.pas"
"C:\DOCUMENTI\sd\sorgenti\bm-sd\GENERA\distribuzione\Gestione_Nomedatabase.pas","udbt","C:\DOCUMENTI\sd\sorgenti\bm-sd\GENERA\gestione\generati\UDBT.pas"
"C:\DOCUMENTI\sd\sorgenti\bm-sd\GENERA\distribuzione\Gestionedati.dpr","MainGestionegenera","C:\DOCUMENTI\sd\sorgenti\bm-sd\GENERA\gestione\MainGestionegenera.pas"
"C:\DOCUMENTI\sd\sorgenti\bm-sd\GENERA\distribuzione\libreriedatabase\Funzudbt.pas","dbtables","C:\DOCUMENTI\sd\sorgenti\bm-sd\componenti\kbmmem\bdenew\DbTables.pas"
"C:\DOCUMENTI\sd\sorgenti\bm-sd\GENERA\distribuzione\libreriedatabase\gestudb.pas","dbtables","C:\DOCUMENTI\sd\sorgenti\bm-sd\componenti\kbmmem\bdenew\DbTables.pas"
"C:\DOCUMENTI\sd\sorgenti\bm-sd\GENERA\distribuzione\libreriedatabase\gestudb.pas","funzudbt","C:\DOCUMENTI\sd\sorgenti\bm-sd\GENERA\distribuzione\libreriedatabase\Funzudbt.pas"
"C:\DOCUMENTI\sd\sorgenti\bm-sd\GENERA\distribuzione\libreriedatabase\gestudb.pas","ucompilaform","C:\DOCUMENTI\sd\sorgenti\bm-sd\GENERA\distribuzione\libreriedatabase\UCompilaForm.pas"
"C:\DOCUMENTI\sd\sorgenti\bm-sd\GENERA\distribuzione\libreriedatabase\gestudb.pas","udbT","C:\DOCUMENTI\sd\sorgenti\bm-sd\GENERA\gestione\generati\UDBT.pas"
"C:\DOCUMENTI\sd\sorgenti\bm-sd\GENERA\distribuzione\libreriedatabase\inmemoria\Udb.pas","DBTables","C:\DOCUMENTI\sd\sorgenti\bm-sd\componenti\kbmmem\bdenew\DbTables.pas"
"C:\DOCUMENTI\sd\sorgenti\bm-sd\GENERA\distribuzione\libreriedatabase\SceltaA.pas","DBTables","C:\DOCUMENTI\sd\sorgenti\bm-sd\componenti\kbmmem\bdenew\DbTables.pas"
"C:\DOCUMENTI\sd\sorgenti\bm-sd\GENERA\distribuzione\libreriedatabase\SceltaA.pas","UCompilaForm","C:\DOCUMENTI\sd\sorgenti\bm-sd\GENERA\distribuzione\libreriedatabase\UCompilaForm.pas"
"C:\DOCUMENTI\sd\sorgenti\bm-sd\GENERA\distribuzione\libreriedatabase\SceltaA.pas","UdBT","C:\DOCUMENTI\sd\sorgenti\bm-sd\GENERA\gestione\generati\UDBT.pas"
"C:\DOCUMENTI\sd\sorgenti\bm-sd\GENERA\distribuzione\libreriedatabase\sudisco\udb.pas","DBTables","C:\DOCUMENTI\sd\sorgenti\bm-sd\componenti\kbmmem\bdenew\DbTables.pas"
"C:\DOCUMENTI\sd\sorgenti\bm-sd\GENERA\distribuzione\libreriedatabase\UCompilaForm.pas","DbTables","C:\DOCUMENTI\sd\sorgenti\bm-sd\componenti\kbmmem\bdenew\DbTables.pas"
"C:\DOCUMENTI\sd\sorgenti\bm-sd\GENERA\distribuzione\libreriedatabase\Ucompilafrontiere.pas","DBTables","C:\DOCUMENTI\sd\sorgenti\bm-sd\componenti\kbmmem\bdenew\DbTables.pas"
"C:\DOCUMENTI\sd\sorgenti\bm-sd\GENERA\distribuzione\libreriedatabase\Ucompilafrontiere.pas","URicercaDati","C:\DOCUMENTI\sd\sorgenti\bm-sd\GENERA\distribuzione\libreriedatabase\URicercaDati.pas"
"C:\DOCUMENTI\sd\sorgenti\bm-sd\GENERA\distribuzione\libreriedatabase\UCompilaFrontiere_a.pas","DBTables","C:\DOCUMENTI\sd\sorgenti\bm-sd\componenti\kbmmem\bdenew\DbTables.pas"
"C:\DOCUMENTI\sd\sorgenti\bm-sd\GENERA\distribuzione\libreriedatabase\UControlli.pas","UmessaggiDB","C:\DOCUMENTI\sd\sorgenti\bm-sd\GENERA\distribuzione\libreriedatabase\UmessaggiDB.pas"
"C:\DOCUMENTI\sd\sorgenti\bm-sd\GENERA\distribuzione\libreriedatabase\ucorrelato.pas","DBTables","C:\DOCUMENTI\sd\sorgenti\bm-sd\componenti\kbmmem\bdenew\DbTables.pas"
"C:\DOCUMENTI\sd\sorgenti\bm-sd\GENERA\distribuzione\libreriedatabase\UOpen_file.pas","DBtables","C:\DOCUMENTI\sd\sorgenti\bm-sd\componenti\kbmmem\bdenew\DbTables.pas"
"C:\DOCUMENTI\sd\sorgenti\bm-sd\GENERA\distribuzione\libreriedatabase\UOpen_fileMulti.pas","DBtables","C:\DOCUMENTI\sd\sorgenti\bm-sd\componenti\kbmmem\bdenew\DbTables.pas"
"C:\DOCUMENTI\sd\sorgenti\bm-sd\GENERA\distribuzione\libreriedatabase\UOpen_fileMulti.pas","funzudbT","C:\DOCUMENTI\sd\sorgenti\bm-sd\GENERA\distribuzione\libreriedatabase\Funzudbt.pas"
"C:\DOCUMENTI\sd\sorgenti\bm-sd\GENERA\distribuzione\libreriedatabase\UOpen_fileMulti.pas","gestudb","C:\DOCUMENTI\sd\sorgenti\bm-sd\GENERA\distribuzione\libreriedatabase\gestudb.pas"
"C:\DOCUMENTI\sd\sorgenti\bm-sd\GENERA\distribuzione\libreriedatabase\UOpen_fileMulti.pas","UDBT","C:\DOCUMENTI\sd\sorgenti\bm-sd\GENERA\gestione\generati\UDBT.pas"
"C:\DOCUMENTI\sd\sorgenti\bm-sd\GENERA\distribuzione\MainGestionegenera.pas","Calcolo","C:\DOCUMENTI\sd\sorgenti\bm-sd\GENERA\distribuzione\calcolo.pas"
"C:\DOCUMENTI\sd\sorgenti\bm-sd\GENERA\distribuzione\MainGestionegenera.pas","gestdb","C:\DOCUMENTI\sd\sorgenti\bm-sd\GENERA\gestione\GestDB.pas"
"C:\DOCUMENTI\sd\sorgenti\bm-sd\GENERA\distribuzione\MainGestionegenera.pas","gestudb","C:\DOCUMENTI\sd\sorgenti\bm-sd\GENERA\distribuzione\libreriedatabase\gestudb.pas"
"C:\DOCUMENTI\sd\sorgenti\bm-sd\GENERA\distribuzione\MainGestionegenera.pas","Init_easy","C:\DOCUMENTI\sd\sorgenti\bm-sd\GENERA\gestione\Init_easy.pas"
"C:\DOCUMENTI\sd\sorgenti\bm-sd\GENERA\distribuzione\MainGestionegenera.pas","Udbt","C:\DOCUMENTI\sd\sorgenti\bm-sd\GENERA\gestione\generati\UDBT.pas"
"C:\DOCUMENTI\sd\sorgenti\bm-sd\GENERA\distribuzione\MainGestionegenera.pas","UOpen_fileMulti","C:\DOCUMENTI\sd\sorgenti\bm-sd\GENERA\distribuzione\libreriedatabase\UOpen_fileMulti.pas"
"C:\DOCUMENTI\sd\sorgenti\bm-sd\GENERA\distribuzione\Messaggi_easy.pas","Maingestionegenera","C:\DOCUMENTI\sd\sorgenti\bm-sd\GENERA\distribuzione\MainGestionegenera.pas"
"C:\DOCUMENTI\sd\sorgenti\bm-sd\GENERA\distribuzione\Modello_ Init_easy.pas","maingestionegenera","C:\DOCUMENTI\sd\sorgenti\bm-sd\GENERA\distribuzione\MainGestionegenera.pas"
"C:\DOCUMENTI\sd\sorgenti\bm-sd\GENERA\Genera.pas","udb","C:\DOCUMENTI\sd\sorgenti\bm-sd\GENERA\UDB.pas"
"C:\DOCUMENTI\sd\sorgenti\bm-sd\GENERA\GeneraSource.dpr","UFunzGenera","C:\DOCUMENTI\sd\sorgenti\bm-sd\GENERA\UFunzGenera.pas"
"C:\DOCUMENTI\sd\sorgenti\bm-sd\GENERA\GeneraSource.dpr","UMainGenera","C:\DOCUMENTI\sd\sorgenti\bm-sd\GENERA\UMainGenera.pas"
"C:\DOCUMENTI\sd\sorgenti\bm-sd\GENERA\gestione\EasyProgram.dpr","calcolo","C:\DOCUMENTI\sd\sorgenti\bm-sd\GENERA\distribuzione\calcolo.pas"
"C:\DOCUMENTI\sd\sorgenti\bm-sd\GENERA\gestione\EasyProgram.dpr","Gest_form","C:\DOCUMENTI\sd\sorgenti\bm-sd\librerie_generali\Gest_form.pas"
"C:\DOCUMENTI\sd\sorgenti\bm-sd\GENERA\gestione\EasyProgram.dpr","GestDB","C:\DOCUMENTI\sd\sorgenti\bm-sd\GENERA\gestione\GestDB.pas"
"C:\DOCUMENTI\sd\sorgenti\bm-sd\GENERA\gestione\EasyProgram.dpr","Init_easy","C:\DOCUMENTI\sd\sorgenti\bm-sd\GENERA\gestione\Init_easy.pas"
"C:\DOCUMENTI\sd\sorgenti\bm-sd\GENERA\gestione\EasyProgram.dpr","MainGestionegenera","C:\DOCUMENTI\sd\sorgenti\bm-sd\GENERA\distribuzione\MainGestionegenera.pas"
"C:\DOCUMENTI\sd\sorgenti\bm-sd\GENERA\gestione\EasyProgram.dpr","Messaggi_easy","C:\DOCUMENTI\sd\sorgenti\bm-sd\GENERA\distribuzione\Messaggi_easy.pas"
"C:\DOCUMENTI\sd\sorgenti\bm-sd\GENERA\gestione\EasyProgram.dpr","UCalc","C:\DOCUMENTI\sd\sorgenti\bm-sd\GENERA\modifica kbmtable\UCalc.pas"
"C:\DOCUMENTI\sd\sorgenti\bm-sd\GENERA\gestione\EasyProgram.dpr","UFunzGenera","C:\DOCUMENTI\sd\sorgenti\bm-sd\GENERA\modifica kbmtable\UFunzGenera.pas"
"C:\DOCUMENTI\sd\sorgenti\bm-sd\GENERA\gestione\EasyProgram.dpr","UMainGenera","C:\DOCUMENTI\sd\sorgenti\bm-sd\GENERA\modifica kbmtable\UMainGenera.pas"
"C:\DOCUMENTI\sd\sorgenti\bm-sd\GENERA\gestione\EasyProgram.dpr","Varcarichi","C:\DOCUMENTI\sd\sorgenti\bm-sd\GENERA\distribuzione\Varcarichi.pas"
"C:\DOCUMENTI\sd\sorgenti\bm-sd\GENERA\gestione\generati\CreadbT.pas","DBtables","C:\DOCUMENTI\sd\sorgenti\bm-sd\componenti\kbmmem\bdenew\DbTables.pas"
"C:\DOCUMENTI\sd\sorgenti\bm-sd\GENERA\gestione\generati\CreadbT.pas","Udbt","C:\DOCUMENTI\sd\sorgenti\bm-sd\GENERA\gestione\generati\UDBT.pas"
"C:\DOCUMENTI\sd\sorgenti\bm-sd\GENERA\gestione\generati\UDataLink.pas","UdbT","C:\DOCUMENTI\sd\sorgenti\bm-sd\GENERA\gestione\generati\UDBT.pas"
"C:\DOCUMENTI\sd\sorgenti\bm-sd\GENERA\gestione\generati\UDataOutT.pas","CreaDbT","C:\DOCUMENTI\sd\sorgenti\bm-sd\GENERA\gestione\generati\CreadbT.pas"
"C:\DOCUMENTI\sd\sorgenti\bm-sd\GENERA\gestione\generati\UDataOutT.pas","DBtables","C:\DOCUMENTI\sd\sorgenti\bm-sd\componenti\kbmmem\bdenew\DbTables.pas"
"C:\DOCUMENTI\sd\sorgenti\bm-sd\GENERA\gestione\generati\UDBT.pas","dbtables","C:\DOCUMENTI\sd\sorgenti\bm-sd\componenti\kbmmem\bdenew\DbTables.pas"
"C:\DOCUMENTI\sd\sorgenti\bm-sd\GENERA\gestione\generati\UDBT.pas","funzUDBT","C:\DOCUMENTI\sd\sorgenti\bm-sd\GENERA\distribuzione\libreriedatabase\Funzudbt.pas"
"C:\DOCUMENTI\sd\sorgenti\bm-sd\GENERA\gestione\generati\UDBT.pas","Udatalink","C:\DOCUMENTI\sd\sorgenti\bm-sd\GENERA\gestione\generati\UDataLink.pas"
"C:\DOCUMENTI\sd\sorgenti\bm-sd\GENERA\gestione\generati\ULeggiscriviDati.pas","DbTables","C:\DOCUMENTI\sd\sorgenti\bm-sd\componenti\kbmmem\bdenew\DbTables.pas"
"C:\DOCUMENTI\sd\sorgenti\bm-sd\GENERA\gestione\generati\ULeggiscriviDati.pas","udbt","C:\DOCUMENTI\sd\sorgenti\bm-sd\GENERA\gestione\generati\UDBT.pas"
"C:\DOCUMENTI\sd\sorgenti\bm-sd\GENERA\gestione\GestDB.pas","gest_form","C:\DOCUMENTI\sd\sorgenti\bm-sd\librerie_generali\Gest_form.pas"
"C:\DOCUMENTI\sd\sorgenti\bm-sd\GENERA\gestione\GestDB.pas","Ucompilaform","C:\DOCUMENTI\sd\sorgenti\bm-sd\GENERA\distribuzione\libreriedatabase\UCompilaForm.pas"
"C:\DOCUMENTI\sd\sorgenti\bm-sd\GENERA\gestione\GestDB.pas","Udbt","C:\DOCUMENTI\sd\sorgenti\bm-sd\GENERA\gestione\generati\UDBT.pas"
"C:\DOCUMENTI\sd\sorgenti\bm-sd\GENERA\gestione\Gestione_Nomedatabase.pas","gest_form","C:\DOCUMENTI\sd\sorgenti\bm-sd\librerie_generali\Gest_form.pas"
"C:\DOCUMENTI\sd\sorgenti\bm-sd\GENERA\gestione\Gestionedati.dpr","MainGestionegenera","C:\DOCUMENTI\sd\sorgenti\bm-sd\GENERA\gestione\MainGestionegenera.pas"
"C:\DOCUMENTI\sd\sorgenti\bm-sd\GENERA\gestione\Init_easy.pas","MainGestionegenera","C:\DOCUMENTI\sd\sorgenti\bm-sd\GENERA\gestione\MainGestionegenera.pas"
"C:\DOCUMENTI\sd\sorgenti\bm-sd\GENERA\gestione\Init_easy.pas","uleggiscrividati","C:\DOCUMENTI\sd\sorgenti\bm-sd\GENERA\gestione\generati\ULeggiscriviDati.pas"
"C:\DOCUMENTI\sd\sorgenti\bm-sd\GENERA\gestione\Init_easy.pas","Varcarichi","C:\DOCUMENTI\sd\sorgenti\bm-sd\GENERA\gestione\Varcarichi.pas"
"C:\DOCUMENTI\sd\sorgenti\bm-sd\GENERA\gestione\MainGestionegenera.pas","gestdb","C:\DOCUMENTI\sd\sorgenti\bm-sd\GENERA\gestione\GestDB.pas"
"C:\DOCUMENTI\sd\sorgenti\bm-sd\GENERA\gestione\MainGestionegenera.pas","gestudb","C:\DOCUMENTI\sd\sorgenti\bm-sd\GENERA\distribuzione\libreriedatabase\gestudb.pas"
"C:\DOCUMENTI\sd\sorgenti\bm-sd\GENERA\gestione\MainGestionegenera.pas","Init_easy","C:\DOCUMENTI\sd\sorgenti\bm-sd\GENERA\gestione\Init_easy.pas"
"C:\DOCUMENTI\sd\sorgenti\bm-sd\GENERA\gestione\MainGestionegenera.pas","Udbt","C:\DOCUMENTI\sd\sorgenti\bm-sd\GENERA\gestione\generati\UDBT.pas"
"C:\DOCUMENTI\sd\sorgenti\bm-sd\GENERA\gestione\MainGestionegenera.pas","UOpen_fileMulti","C:\DOCUMENTI\sd\sorgenti\bm-sd\GENERA\distribuzione\libreriedatabase\UOpen_fileMulti.pas"
"C:\DOCUMENTI\sd\sorgenti\bm-sd\GENERA\gestione\Modello_ Init_easy.pas","maingestionegenera","C:\DOCUMENTI\sd\sorgenti\bm-sd\GENERA\gestione\MainGestionegenera.pas"
"C:\DOCUMENTI\sd\sorgenti\bm-sd\GENERA\modifica kbmtable\Genera.pas","CreaDbT","C:\DOCUMENTI\sd\sorgenti\bm-sd\GENERA\gestione\generati\CreadbT.pas"
"C:\DOCUMENTI\sd\sorgenti\bm-sd\GENERA\modifica kbmtable\Genera.pas","DBtables","C:\DOCUMENTI\sd\sorgenti\bm-sd\componenti\kbmmem\bdenew\DbTables.pas"
"C:\DOCUMENTI\sd\sorgenti\bm-sd\GENERA\modifica kbmtable\Genera.pas","Udatalink","C:\DOCUMENTI\sd\sorgenti\bm-sd\GENERA\modifica kbmtable\UDataLink.pas"
"C:\DOCUMENTI\sd\sorgenti\bm-sd\GENERA\modifica kbmtable\Genera.pas","udb","C:\DOCUMENTI\sd\sorgenti\bm-sd\GENERA\modifica kbmtable\UDB.pas"
"C:\DOCUMENTI\sd\sorgenti\bm-sd\GENERA\modifica kbmtable\Genera.pas","UdbT","C:\DOCUMENTI\sd\sorgenti\bm-sd\GENERA\gestione\generati\UDBT.pas"
"C:\DOCUMENTI\sd\sorgenti\bm-sd\GENERA\modifica kbmtable\GeneraSource.dpr","assembla","C:\DOCUMENTI\sd\sorgenti\bm-sd\GENERA\modifica kbmtable\assembla.pas"
"C:\DOCUMENTI\sd\sorgenti\bm-sd\GENERA\modifica kbmtable\GeneraSource.dpr","UFunzGenera","C:\DOCUMENTI\sd\sorgenti\bm-sd\GENERA\modifica kbmtable\UFunzGenera.pas"
"C:\DOCUMENTI\sd\sorgenti\bm-sd\GENERA\modifica kbmtable\GeneraSource.dpr","UMainGenera","C:\DOCUMENTI\sd\sorgenti\bm-sd\GENERA\modifica kbmtable\UMainGenera.pas"
"C:\DOCUMENTI\sd\sorgenti\bm-sd\GENERA\modifica kbmtable\UCalc.pas","dbtables","C:\DOCUMENTI\sd\sorgenti\bm-sd\componenti\kbmmem\bdenew\DbTables.pas"
"C:\DOCUMENTI\sd\sorgenti\bm-sd\GENERA\modifica kbmtable\UCalc.pas","UdataLink","C:\DOCUMENTI\sd\sorgenti\bm-sd\GENERA\modifica kbmtable\UDataLink.pas"
"C:\DOCUMENTI\sd\sorgenti\bm-sd\GENERA\modifica kbmtable\UDataLink.pas","Udb","C:\DOCUMENTI\sd\sorgenti\bm-sd\GENERA\modifica kbmtable\UDB.pas"
"C:\DOCUMENTI\sd\sorgenti\bm-sd\GENERA\modifica kbmtable\UDB.pas","DBTables","C:\DOCUMENTI\sd\sorgenti\bm-sd\componenti\kbmmem\bdenew\DbTables.pas"
"C:\DOCUMENTI\sd\sorgenti\bm-sd\GENERA\modifica kbmtable\UMainGenera.pas","assembla","C:\DOCUMENTI\sd\sorgenti\bm-sd\GENERA\modifica kbmtable\assembla.pas"
"C:\DOCUMENTI\sd\sorgenti\bm-sd\GENERA\modifica kbmtable\UMainGenera.pas","creadbt","C:\DOCUMENTI\sd\sorgenti\bm-sd\GENERA\gestione\generati\CreadbT.pas"
"C:\DOCUMENTI\sd\sorgenti\bm-sd\GENERA\modifica kbmtable\UMainGenera.pas","DBtables","C:\DOCUMENTI\sd\sorgenti\bm-sd\componenti\kbmmem\bdenew\DbTables.pas"
"C:\DOCUMENTI\sd\sorgenti\bm-sd\GENERA\modifica kbmtable\UMainGenera.pas","UCalc","C:\DOCUMENTI\sd\sorgenti\bm-sd\GENERA\modifica kbmtable\UCalc.pas"
"C:\DOCUMENTI\sd\sorgenti\bm-sd\GENERA\modifica kbmtable\UMainGenera.pas","Udatalink","C:\DOCUMENTI\sd\sorgenti\bm-sd\GENERA\modifica kbmtable\UDataLink.pas"
"C:\DOCUMENTI\sd\sorgenti\bm-sd\GENERA\modifica kbmtable\UMainGenera.pas","udb","C:\DOCUMENTI\sd\sorgenti\bm-sd\GENERA\modifica kbmtable\UDB.pas"
"C:\DOCUMENTI\sd\sorgenti\bm-sd\GENERA\modifica kbmtable\UMainGenera.pas","udbt","C:\DOCUMENTI\sd\sorgenti\bm-sd\GENERA\gestione\generati\UDBT.pas"
"C:\DOCUMENTI\sd\sorgenti\bm-sd\GENERA\modifica kbmtable\UMainGenera.pas","UFunzgenera","C:\DOCUMENTI\sd\sorgenti\bm-sd\GENERA\modifica kbmtable\UFunzGenera.pas"
"C:\DOCUMENTI\sd\sorgenti\bm-sd\GENERA\Rebuli modificato CAD\Calcoli\UDatigen.pas","DBTables","C:\DOCUMENTI\sd\sorgenti\bm-sd\componenti\kbmmem\bdenew\DbTables.pas"
"C:\DOCUMENTI\sd\sorgenti\bm-sd\GENERA\Rebuli modificato CAD\compnuccio (non aggiornato)\Pcompsel.dpr","Ucompsel","C:\DOCUMENTI\sd\sorgenti\bm-sd\GENERA\Rebuli modificato CAD\compnuccio (non aggiornato)\Ucompsel.pas"
"C:\DOCUMENTI\sd\sorgenti\bm-sd\GENERA\Rebuli modificato CAD\compnuccio (non aggiornato)\Ucompsel.pas","DBTables","C:\DOCUMENTI\sd\sorgenti\bm-sd\componenti\kbmmem\bdenew\DbTables.pas"
"C:\DOCUMENTI\sd\sorgenti\bm-sd\GENERA\Rebuli modificato CAD\compnuccio vecchio mandato lazzerini\curve\PCurve.dpr","UCurve","C:\DOCUMENTI\sd\sorgenti\bm-sd\GENERA\Rebuli modificato CAD\compnuccio vecchio mandato lazzerini\curve\UCurve.pas"
"C:\DOCUMENTI\sd\sorgenti\bm-sd\GENERA\Rebuli modificato CAD\compnuccio vecchio mandato lazzerini\curve\PCurve.dpr","Uusacurve","C:\DOCUMENTI\sd\sorgenti\bm-sd\GENERA\Rebuli modificato CAD\compnuccio vecchio mandato lazzerini\curve\Uusacurve.pas"
"C:\DOCUMENTI\sd\sorgenti\bm-sd\GENERA\Rebuli modificato CAD\compnuccio vecchio mandato lazzerini\curve\UCurve.pas","Uusacurve","C:\DOCUMENTI\sd\sorgenti\bm-sd\GENERA\Rebuli modificato CAD\compnuccio vecchio mandato lazzerini\curve\Uusacurve.pas"
"C:\DOCUMENTI\sd\sorgenti\bm-sd\GENERA\Rebuli modificato CAD\compnuccio vecchio mandato lazzerini\curve\Uusacurve.pas","DBTables","C:\DOCUMENTI\sd\sorgenti\bm-sd\componenti\kbmmem\bdenew\DbTables.pas"
"C:\DOCUMENTI\sd\sorgenti\bm-sd\GENERA\Rebuli modificato CAD\compnuccio vecchio mandato lazzerini\Pcompsel.dpr","Ucompsel","C:\DOCUMENTI\sd\sorgenti\bm-sd\GENERA\Rebuli modificato CAD\compnuccio vecchio mandato lazzerini\Ucompsel.pas"
"C:\DOCUMENTI\sd\sorgenti\bm-sd\GENERA\Rebuli modificato CAD\compnuccio vecchio mandato lazzerini\Pcompsel.dpr","URunComp","C:\DOCUMENTI\sd\sorgenti\bm-sd\GENERA\Rebuli modificato CAD\compnuccio vecchio mandato lazzerini\URunComp.pas"
"C:\DOCUMENTI\sd\sorgenti\bm-sd\GENERA\Rebuli modificato CAD\compnuccio vecchio mandato lazzerini\Terminali.dpr","UDB","C:\DOCUMENTI\sd\sorgenti\bm-sd\GENERA\Rebuli modificato CAD\compnuccio vecchio mandato lazzerini\UDB.pas"
"C:\DOCUMENTI\sd\sorgenti\bm-sd\GENERA\Rebuli modificato CAD\compnuccio vecchio mandato lazzerini\Terminali.dpr","URunComp","C:\DOCUMENTI\sd\sorgenti\bm-sd\GENERA\Rebuli modificato CAD\compnuccio vecchio mandato lazzerini\URunComp.pas"
"C:\DOCUMENTI\sd\sorgenti\bm-sd\GENERA\Rebuli modificato CAD\compnuccio vecchio mandato lazzerini\Terminali.dpr","USemplicesel","C:\DOCUMENTI\sd\sorgenti\bm-sd\GENERA\Rebuli modificato CAD\compnuccio vecchio mandato lazzerini\USemplicesel.pas"
"C:\DOCUMENTI\sd\sorgenti\bm-sd\GENERA\Rebuli modificato CAD\compnuccio vecchio mandato lazzerini\Ucompsel.pas","DBTables","C:\DOCUMENTI\sd\sorgenti\bm-sd\componenti\kbmmem\bdenew\DbTables.pas"
"C:\DOCUMENTI\sd\sorgenti\bm-sd\GENERA\Rebuli modificato CAD\compnuccio vecchio mandato lazzerini\Ucompsel.pas","URunComp","C:\DOCUMENTI\sd\sorgenti\bm-sd\GENERA\Rebuli modificato CAD\compnuccio vecchio mandato lazzerini\URunComp.pas"
"C:\DOCUMENTI\sd\sorgenti\bm-sd\GENERA\Rebuli modificato CAD\compnuccio vecchio mandato lazzerini\UDataLink.pas","Udb","C:\DOCUMENTI\sd\sorgenti\bm-sd\GENERA\Rebuli modificato CAD\compnuccio vecchio mandato lazzerini\UDB.pas"
"C:\DOCUMENTI\sd\sorgenti\bm-sd\GENERA\Rebuli modificato CAD\compnuccio vecchio mandato lazzerini\UDati.pas","DbTables","C:\DOCUMENTI\sd\sorgenti\bm-sd\componenti\kbmmem\bdenew\DbTables.pas"
"C:\DOCUMENTI\sd\sorgenti\bm-sd\GENERA\Rebuli modificato CAD\compnuccio vecchio mandato lazzerini\UDati.pas","Udatalink","C:\DOCUMENTI\sd\sorgenti\bm-sd\GENERA\Rebuli modificato CAD\compnuccio vecchio mandato lazzerini\UDataLink.pas"
"C:\DOCUMENTI\sd\sorgenti\bm-sd\GENERA\Rebuli modificato CAD\compnuccio vecchio mandato lazzerini\UDati.pas","udb","C:\DOCUMENTI\sd\sorgenti\bm-sd\GENERA\Rebuli modificato CAD\compnuccio vecchio mandato lazzerini\UDB.pas"
"C:\DOCUMENTI\sd\sorgenti\bm-sd\GENERA\Rebuli modificato CAD\compnuccio vecchio mandato lazzerini\UDB.pas","DBTables","C:\DOCUMENTI\sd\sorgenti\bm-sd\componenti\kbmmem\bdenew\DbTables.pas"
"C:\DOCUMENTI\sd\sorgenti\bm-sd\GENERA\Rebuli modificato CAD\compnuccio vecchio mandato lazzerini\URunComp.pas","DBTables","C:\DOCUMENTI\sd\sorgenti\bm-sd\componenti\kbmmem\bdenew\DbTables.pas"
"C:\DOCUMENTI\sd\sorgenti\bm-sd\GENERA\Rebuli modificato CAD\compnuccio vecchio mandato lazzerini\URunComp.pas","UDati","C:\DOCUMENTI\sd\sorgenti\bm-sd\GENERA\Rebuli modificato CAD\compnuccio vecchio mandato lazzerini\UDati.pas"
"C:\DOCUMENTI\sd\sorgenti\bm-sd\GENERA\Rebuli modificato CAD\compnuccio vecchio mandato lazzerini\URunComp.pas","UDB","C:\DOCUMENTI\sd\sorgenti\bm-sd\GENERA\Rebuli modificato CAD\compnuccio vecchio mandato lazzerini\UDB.pas"
"C:\DOCUMENTI\sd\sorgenti\bm-sd\GENERA\Rebuli modificato CAD\compnuccio vecchio mandato lazzerini\URunComp.pas","USemplicesel","C:\DOCUMENTI\sd\sorgenti\bm-sd\GENERA\Rebuli modificato CAD\compnuccio vecchio mandato lazzerini\USemplicesel.pas"
"C:\DOCUMENTI\sd\sorgenti\bm-sd\GENERA\Rebuli modificato CAD\compnuccio vecchio mandato lazzerini\USemplicesel.pas","DBTables","C:\DOCUMENTI\sd\sorgenti\bm-sd\componenti\kbmmem\bdenew\DbTables.pas"
"C:\DOCUMENTI\sd\sorgenti\bm-sd\GENERA\Rebuli modificato CAD\compnuccio vecchio mandato lazzerini\USemplicesel.pas","uDatalink","C:\DOCUMENTI\sd\sorgenti\bm-sd\GENERA\Rebuli modificato CAD\compnuccio vecchio mandato lazzerini\UDataLink.pas"
"C:\DOCUMENTI\sd\sorgenti\bm-sd\GENERA\Rebuli modificato CAD\compnuccio vecchio mandato lazzerini\USemplicesel.pas","uDati","C:\DOCUMENTI\sd\sorgenti\bm-sd\GENERA\Rebuli modificato CAD\compnuccio vecchio mandato lazzerini\UDati.pas"
"C:\DOCUMENTI\sd\sorgenti\bm-sd\GENERA\Rebuli modificato CAD\compnuccio vecchio mandato lazzerini\USemplicesel.pas","UDB","C:\DOCUMENTI\sd\sorgenti\bm-sd\GENERA\Rebuli modificato CAD\compnuccio vecchio mandato lazzerini\UDB.pas"
"C:\DOCUMENTI\sd\sorgenti\bm-sd\GENERA\Rebuli modificato CAD\compnuccio vecchio mandato lazzerini\USemplicesel.pas","uRuncomp","C:\DOCUMENTI\sd\sorgenti\bm-sd\GENERA\Rebuli modificato CAD\compnuccio vecchio mandato lazzerini\URunComp.pas"
"C:\DOCUMENTI\sd\sorgenti\bm-sd\GENERA\Rebuli modificato CAD\compnuccio\Pcompsel.dpr","Ucompsel","C:\DOCUMENTI\sd\sorgenti\bm-sd\GENERA\Rebuli modificato CAD\compnuccio\Ucompsel.pas"
"C:\DOCUMENTI\sd\sorgenti\bm-sd\GENERA\Rebuli modificato CAD\compnuccio\Pcompsel.dpr","URunComp","C:\DOCUMENTI\sd\sorgenti\bm-sd\GENERA\Rebuli modificato CAD\compnuccio\URunComp.pas"
"C:\DOCUMENTI\sd\sorgenti\bm-sd\GENERA\Rebuli modificato CAD\compnuccio\Ucompsel.pas","DBTables","C:\DOCUMENTI\sd\sorgenti\bm-sd\componenti\kbmmem\bdenew\DbTables.pas"
"C:\DOCUMENTI\sd\sorgenti\bm-sd\GENERA\Rebuli modificato CAD\compnuccio\Ucompsel.pas","URunComp","C:\DOCUMENTI\sd\sorgenti\bm-sd\GENERA\Rebuli modificato CAD\compnuccio\URunComp.pas"
"C:\DOCUMENTI\sd\sorgenti\bm-sd\GENERA\Rebuli modificato CAD\compnuccio\URunComp.pas","Ucompsel","C:\DOCUMENTI\sd\sorgenti\bm-sd\GENERA\Rebuli modificato CAD\compnuccio\Ucompsel.pas"
"C:\DOCUMENTI\sd\sorgenti\bm-sd\GENERA\Rebuli modificato CAD\componenete\Provacomp.dpr","Uprovacomp","C:\DOCUMENTI\sd\sorgenti\bm-sd\GENERA\Rebuli modificato CAD\componenete\Uprovacomp.pas"
"C:\DOCUMENTI\sd\sorgenti\bm-sd\GENERA\Rebuli modificato CAD\Grafica.pas","dbtables","C:\DOCUMENTI\sd\sorgenti\bm-sd\componenti\kbmmem\bdenew\DbTables.pas"
"C:\DOCUMENTI\sd\sorgenti\bm-sd\GENERA\Rebuli modificato CAD\Grafica.pas","disegnoinscala","C:\DOCUMENTI\sd\sorgenti\bm-sd\GENERA\Rebuli modificato CAD\disegnoinscala.pas"
"C:\DOCUMENTI\sd\sorgenti\bm-sd\GENERA\Rebuli modificato CAD\Grafica.pas","UDataLink","C:\DOCUMENTI\sd\sorgenti\bm-sd\GENERA\Rebuli modificato CAD\UDataLink.pas"
"C:\DOCUMENTI\sd\sorgenti\bm-sd\GENERA\Rebuli modificato CAD\Grafica.pas","udati","C:\DOCUMENTI\sd\sorgenti\bm-sd\GENERA\Rebuli modificato CAD\UDati.pas"
"C:\DOCUMENTI\sd\sorgenti\bm-sd\GENERA\Rebuli modificato CAD\Grafica.pas","Udb","C:\DOCUMENTI\sd\sorgenti\bm-sd\GENERA\Rebuli modificato CAD\UDB.pas"
"C:\DOCUMENTI\sd\sorgenti\bm-sd\GENERA\Rebuli modificato CAD\Grafica.pas","Uinterattiva","C:\DOCUMENTI\sd\sorgenti\bm-sd\GENERA\Rebuli modificato CAD\UInterattiva.pas"
"C:\DOCUMENTI\sd\sorgenti\bm-sd\GENERA\Rebuli modificato CAD\Pprovacomp.dpr","Uprovacomp","C:\DOCUMENTI\sd\sorgenti\bm-sd\GENERA\Rebuli modificato CAD\Uprovacomp.pas"
"C:\DOCUMENTI\sd\sorgenti\bm-sd\GENERA\Rebuli modificato CAD\Pprovacomp.dpr","USceltaPann","C:\DOCUMENTI\sd\sorgenti\bm-sd\GENERA\Rebuli modificato CAD\USceltaPann.pas"
"C:\DOCUMENTI\sd\sorgenti\bm-sd\GENERA\Rebuli modificato CAD\Provacomp.dpr","Uprovacomp","C:\DOCUMENTI\sd\sorgenti\bm-sd\GENERA\Rebuli modificato CAD\Uprovacomp.pas"
"C:\DOCUMENTI\sd\sorgenti\bm-sd\GENERA\Rebuli modificato CAD\PSofrad.dpr","disegnoinscala","C:\DOCUMENTI\sd\sorgenti\bm-sd\GENERA\Rebuli modificato CAD\disegnoinscala.pas"
"C:\DOCUMENTI\sd\sorgenti\bm-sd\GENERA\Rebuli modificato CAD\PSofrad.dpr","FunzionifinestraGrafica","C:\DOCUMENTI\sd\sorgenti\bm-sd\GENERA\Rebuli modificato CAD\FunzionifinestraGrafica.pas"
"C:\DOCUMENTI\sd\sorgenti\bm-sd\GENERA\Rebuli modificato CAD\PSofrad.dpr","Grafica","C:\DOCUMENTI\sd\sorgenti\bm-sd\GENERA\Rebuli modificato CAD\Grafica.pas"
"C:\DOCUMENTI\sd\sorgenti\bm-sd\GENERA\Rebuli modificato CAD\PSofrad.dpr","SofRad","C:\DOCUMENTI\sd\sorgenti\bm-sd\GENERA\Rebuli modificato CAD\SofRad.pas"
"C:\DOCUMENTI\sd\sorgenti\bm-sd\GENERA\Rebuli modificato CAD\PSofrad.dpr","UCacoli","C:\DOCUMENTI\sd\sorgenti\bm-sd\GENERA\Rebuli modificato CAD\Calcoli\UCacoli.pas"
"C:\DOCUMENTI\sd\sorgenti\bm-sd\GENERA\Rebuli modificato CAD\PSofrad.dpr","UCalcoli","C:\DOCUMENTI\sd\sorgenti\bm-sd\GENERA\Rebuli modificato CAD\UCalcoli.pas"
"C:\DOCUMENTI\sd\sorgenti\bm-sd\GENERA\Rebuli modificato CAD\PSofrad.dpr","Ucompsel","C:\DOCUMENTI\sd\sorgenti\bm-sd\GENERA\Rebuli modificato CAD\compnuccio\Ucompsel.pas"
"C:\DOCUMENTI\sd\sorgenti\bm-sd\GENERA\Rebuli modificato CAD\PSofrad.dpr","UDati","C:\DOCUMENTI\sd\sorgenti\bm-sd\GENERA\Rebuli modificato CAD\UDati.pas"
"C:\DOCUMENTI\sd\sorgenti\bm-sd\GENERA\Rebuli modificato CAD\PSofrad.dpr","UDatigen","C:\DOCUMENTI\sd\sorgenti\bm-sd\GENERA\Rebuli modificato CAD\Calcoli\UDatigen.pas"
"C:\DOCUMENTI\sd\sorgenti\bm-sd\GENERA\Rebuli modificato CAD\PSofrad.dpr","UDB","C:\DOCUMENTI\sd\sorgenti\bm-sd\GENERA\Rebuli modificato CAD\UDB.pas"
"C:\DOCUMENTI\sd\sorgenti\bm-sd\GENERA\Rebuli modificato CAD\PSofrad.dpr","UFormgen","C:\DOCUMENTI\sd\sorgenti\bm-sd\GENERA\Rebuli modificato CAD\UFormgen.pas"
"C:\DOCUMENTI\sd\sorgenti\bm-sd\GENERA\Rebuli modificato CAD\PSofrad.dpr","UInterattiva","C:\DOCUMENTI\sd\sorgenti\bm-sd\GENERA\Rebuli modificato CAD\UInterattiva.pas"
"C:\DOCUMENTI\sd\sorgenti\bm-sd\GENERA\Rebuli modificato CAD\PSofrad.dpr","UListbox","C:\DOCUMENTI\sd\sorgenti\bm-sd\GENERA\Rebuli modificato CAD\UListbox.pas"
"C:\DOCUMENTI\sd\sorgenti\bm-sd\GENERA\Rebuli modificato CAD\PSofrad.dpr","UListbox1","C:\DOCUMENTI\sd\sorgenti\bm-sd\GENERA\Rebuli modificato CAD\UListbox1.pas"
"C:\DOCUMENTI\sd\sorgenti\bm-sd\GENERA\Rebuli modificato CAD\PSofrad.dpr","UMaskgen","C:\DOCUMENTI\sd\sorgenti\bm-sd\GENERA\Rebuli modificato CAD\UMaskgen.pas"
"C:\DOCUMENTI\sd\sorgenti\bm-sd\GENERA\Rebuli modificato CAD\PSofrad.dpr","Unit1","C:\DOCUMENTI\sd\sorgenti\bm-sd\GENERA\Rebuli modificato CAD\Unit1.pas"
"C:\DOCUMENTI\sd\sorgenti\bm-sd\GENERA\Rebuli modificato CAD\PSofrad.dpr","UPrepStampe","C:\DOCUMENTI\sd\sorgenti\bm-sd\GENERA\Rebuli modificato CAD\UPrepStampe.pas"
"C:\DOCUMENTI\sd\sorgenti\bm-sd\GENERA\Rebuli modificato CAD\PSofrad.dpr","URunComp","C:\DOCUMENTI\sd\sorgenti\bm-sd\GENERA\Rebuli modificato CAD\compnuccio\URunComp.pas"
"C:\DOCUMENTI\sd\sorgenti\bm-sd\GENERA\Rebuli modificato CAD\PSofrad.dpr","Ustampa2","C:\DOCUMENTI\sd\sorgenti\bm-sd\GENERA\Rebuli modificato CAD\Ustampa2.pas"
"C:\DOCUMENTI\sd\sorgenti\bm-sd\GENERA\Rebuli modificato CAD\PSofrad.dpr","UStampe","C:\DOCUMENTI\sd\sorgenti\bm-sd\GENERA\Rebuli modificato CAD\UStampe.pas"
"C:\DOCUMENTI\sd\sorgenti\bm-sd\GENERA\Rebuli modificato CAD\PSofrad.dpr","UtilsGen","C:\DOCUMENTI\sd\sorgenti\bm-sd\GENERA\Rebuli modificato CAD\UtilsGen.pas"
"C:\DOCUMENTI\sd\sorgenti\bm-sd\GENERA\Rebuli modificato CAD\SofRad.pas","DBTables","C:\DOCUMENTI\sd\sorgenti\bm-sd\componenti\kbmmem\bdenew\DbTables.pas"
"C:\DOCUMENTI\sd\sorgenti\bm-sd\GENERA\Rebuli modificato CAD\SofRad.pas","Grafica","C:\DOCUMENTI\sd\sorgenti\bm-sd\GENERA\Rebuli modificato CAD\Grafica.pas"
"C:\DOCUMENTI\sd\sorgenti\bm-sd\GENERA\Rebuli modificato CAD\SofRad.pas","UCacoli","C:\DOCUMENTI\sd\sorgenti\bm-sd\GENERA\Rebuli modificato CAD\Calcoli\UCacoli.pas"
"C:\DOCUMENTI\sd\sorgenti\bm-sd\GENERA\Rebuli modificato CAD\SofRad.pas","UCalcoli","C:\DOCUMENTI\sd\sorgenti\bm-sd\GENERA\Rebuli modificato CAD\UCalcoli.pas"
"C:\DOCUMENTI\sd\sorgenti\bm-sd\GENERA\Rebuli modificato CAD\SofRad.pas","uDatalink","C:\DOCUMENTI\sd\sorgenti\bm-sd\GENERA\Rebuli modificato CAD\UDataLink.pas"
"C:\DOCUMENTI\sd\sorgenti\bm-sd\GENERA\Rebuli modificato CAD\SofRad.pas","UDati","C:\DOCUMENTI\sd\sorgenti\bm-sd\GENERA\Rebuli modificato CAD\UDati.pas"
"C:\DOCUMENTI\sd\sorgenti\bm-sd\GENERA\Rebuli modificato CAD\SofRad.pas","UDatigen","C:\DOCUMENTI\sd\sorgenti\bm-sd\GENERA\Rebuli modificato CAD\Calcoli\UDatigen.pas"
"C:\DOCUMENTI\sd\sorgenti\bm-sd\GENERA\Rebuli modificato CAD\SofRad.pas","UDB","C:\DOCUMENTI\sd\sorgenti\bm-sd\GENERA\Rebuli modificato CAD\UDB.pas"
"C:\DOCUMENTI\sd\sorgenti\bm-sd\GENERA\Rebuli modificato CAD\SofRad.pas","UFormgen","C:\DOCUMENTI\sd\sorgenti\bm-sd\GENERA\Rebuli modificato CAD\UFormgen.pas"
"C:\DOCUMENTI\sd\sorgenti\bm-sd\GENERA\Rebuli modificato CAD\SofRad.pas","Uinterattiva","C:\DOCUMENTI\sd\sorgenti\bm-sd\GENERA\Rebuli modificato CAD\UInterattiva.pas"
"C:\DOCUMENTI\sd\sorgenti\bm-sd\GENERA\Rebuli modificato CAD\SofRad.pas","UListbox","C:\DOCUMENTI\sd\sorgenti\bm-sd\GENERA\Rebuli modificato CAD\UListbox.pas"
"C:\DOCUMENTI\sd\sorgenti\bm-sd\GENERA\Rebuli modificato CAD\SofRad.pas","UListbox1","C:\DOCUMENTI\sd\sorgenti\bm-sd\GENERA\Rebuli modificato CAD\UListbox1.pas"
"C:\DOCUMENTI\sd\sorgenti\bm-sd\GENERA\Rebuli modificato CAD\SofRad.pas","Umaskgen","C:\DOCUMENTI\sd\sorgenti\bm-sd\GENERA\Rebuli modificato CAD\UMaskgen.pas"
"C:\DOCUMENTI\sd\sorgenti\bm-sd\GENERA\Rebuli modificato CAD\SofRad.pas","Unit1","C:\DOCUMENTI\sd\sorgenti\bm-sd\GENERA\Rebuli modificato CAD\Unit1.pas"
"C:\DOCUMENTI\sd\sorgenti\bm-sd\GENERA\Rebuli modificato CAD\SofRad.pas","UPrepStampe","C:\DOCUMENTI\sd\sorgenti\bm-sd\GENERA\Rebuli modificato CAD\UPrepStampe.pas"
"C:\DOCUMENTI\sd\sorgenti\bm-sd\GENERA\Rebuli modificato CAD\SofRad.pas","UStampe","C:\DOCUMENTI\sd\sorgenti\bm-sd\GENERA\Rebuli modificato CAD\UStampe.pas"
"C:\DOCUMENTI\sd\sorgenti\bm-sd\GENERA\Rebuli modificato CAD\SofRad.pas","UtilsGen","C:\DOCUMENTI\sd\sorgenti\bm-sd\GENERA\Rebuli modificato CAD\UtilsGen.pas"
"C:\DOCUMENTI\sd\sorgenti\bm-sd\GENERA\Rebuli modificato CAD\UCalcoli.pas","dbtables","C:\DOCUMENTI\sd\sorgenti\bm-sd\componenti\kbmmem\bdenew\DbTables.pas"
"C:\DOCUMENTI\sd\sorgenti\bm-sd\GENERA\Rebuli modificato CAD\UCalcoli.pas","sofrad","C:\DOCUMENTI\sd\sorgenti\bm-sd\GENERA\Rebuli modificato CAD\SofRad.pas"
"C:\DOCUMENTI\sd\sorgenti\bm-sd\GENERA\Rebuli modificato CAD\UCalcoli.pas","UDatalink","C:\DOCUMENTI\sd\sorgenti\bm-sd\GENERA\Rebuli modificato CAD\UDataLink.pas"
"C:\DOCUMENTI\sd\sorgenti\bm-sd\GENERA\Rebuli modificato CAD\UDataLink.pas","Udb","C:\DOCUMENTI\sd\sorgenti\bm-sd\GENERA\Rebuli modificato CAD\UDB.pas"
"C:\DOCUMENTI\sd\sorgenti\bm-sd\GENERA\Rebuli modificato CAD\UDati.pas","DbTables","C:\DOCUMENTI\sd\sorgenti\bm-sd\componenti\kbmmem\bdenew\DbTables.pas"
"C:\DOCUMENTI\sd\sorgenti\bm-sd\GENERA\Rebuli modificato CAD\UDB.pas","DBTables","C:\DOCUMENTI\sd\sorgenti\bm-sd\componenti\kbmmem\bdenew\DbTables.pas"
"C:\DOCUMENTI\sd\sorgenti\bm-sd\GENERA\Rebuli modificato CAD\UDB.pas","grafica","C:\DOCUMENTI\sd\sorgenti\bm-sd\GENERA\Rebuli modificato CAD\Grafica.pas"
"C:\DOCUMENTI\sd\sorgenti\bm-sd\GENERA\Rebuli modificato CAD\UDB.pas","sofrad","C:\DOCUMENTI\sd\sorgenti\bm-sd\GENERA\Rebuli modificato CAD\SofRad.pas"
"C:\DOCUMENTI\sd\sorgenti\bm-sd\GENERA\Rebuli modificato CAD\UDB.pas","UCalcoli","C:\DOCUMENTI\sd\sorgenti\bm-sd\GENERA\Rebuli modificato CAD\UCalcoli.pas"
"C:\DOCUMENTI\sd\sorgenti\bm-sd\GENERA\Rebuli modificato CAD\UDB.pas","UdataLink","C:\DOCUMENTI\sd\sorgenti\bm-sd\GENERA\Rebuli modificato CAD\UDataLink.pas"
"C:\DOCUMENTI\sd\sorgenti\bm-sd\GENERA\Rebuli modificato CAD\UFormgen.pas","DBTables","C:\DOCUMENTI\sd\sorgenti\bm-sd\componenti\kbmmem\bdenew\DbTables.pas"
"C:\DOCUMENTI\sd\sorgenti\bm-sd\GENERA\Rebuli modificato CAD\UFormgen.pas","Udati","C:\DOCUMENTI\sd\sorgenti\bm-sd\GENERA\Rebuli modificato CAD\UDati.pas"
"C:\DOCUMENTI\sd\sorgenti\bm-sd\GENERA\Rebuli modificato CAD\UFormgen.pas","UDB","C:\DOCUMENTI\sd\sorgenti\bm-sd\GENERA\Rebuli modificato CAD\UDB.pas"
"C:\DOCUMENTI\sd\sorgenti\bm-sd\GENERA\Rebuli modificato CAD\UInterattiva.pas","grafica","C:\DOCUMENTI\sd\sorgenti\bm-sd\GENERA\Rebuli modificato CAD\Grafica.pas"
"C:\DOCUMENTI\sd\sorgenti\bm-sd\GENERA\Rebuli modificato CAD\UInterattiva.pas","sofrad","C:\DOCUMENTI\sd\sorgenti\bm-sd\GENERA\Rebuli modificato CAD\SofRad.pas"
"C:\DOCUMENTI\sd\sorgenti\bm-sd\GENERA\Rebuli modificato CAD\UMaskgen.pas","DBTables","C:\DOCUMENTI\sd\sorgenti\bm-sd\componenti\kbmmem\bdenew\DbTables.pas"
"C:\DOCUMENTI\sd\sorgenti\bm-sd\GENERA\Rebuli modificato CAD\UMaskgen.pas","Udati","C:\DOCUMENTI\sd\sorgenti\bm-sd\GENERA\Rebuli modificato CAD\UDati.pas"
"C:\DOCUMENTI\sd\sorgenti\bm-sd\GENERA\Rebuli modificato CAD\UPrepStampe.pas","UDB","C:\DOCUMENTI\sd\sorgenti\bm-sd\GENERA\Rebuli modificato CAD\UDB.pas"
"C:\DOCUMENTI\sd\sorgenti\bm-sd\GENERA\Rebuli modificato CAD\UPrepStampe.pas","Ustampa2","C:\DOCUMENTI\sd\sorgenti\bm-sd\GENERA\Rebuli modificato CAD\Ustampa2.pas"
"C:\DOCUMENTI\sd\sorgenti\bm-sd\GENERA\Rebuli modificato CAD\UPrepStampe.pas","UStampe","C:\DOCUMENTI\sd\sorgenti\bm-sd\GENERA\Rebuli modificato CAD\UStampe.pas"
"C:\DOCUMENTI\sd\sorgenti\bm-sd\GENERA\Rebuli modificato CAD\UProvacomp.pas","Ucalcoli","C:\DOCUMENTI\sd\sorgenti\bm-sd\GENERA\Rebuli modificato CAD\UCalcoli.pas"
"C:\DOCUMENTI\sd\sorgenti\bm-sd\GENERA\Rebuli modificato CAD\UProvacomp.pas","udatalink","C:\DOCUMENTI\sd\sorgenti\bm-sd\GENERA\Rebuli modificato CAD\UDataLink.pas"
"C:\DOCUMENTI\sd\sorgenti\bm-sd\GENERA\Rebuli modificato CAD\UProvacomp.pas","UDB","C:\DOCUMENTI\sd\sorgenti\bm-sd\GENERA\Rebuli modificato CAD\UDB.pas"
"C:\DOCUMENTI\sd\sorgenti\bm-sd\GENERA\Rebuli modificato CAD\UProvacomp1.pas","Ucalcoli","C:\DOCUMENTI\sd\sorgenti\bm-sd\GENERA\Rebuli modificato CAD\UCalcoli.pas"
"C:\DOCUMENTI\sd\sorgenti\bm-sd\GENERA\Rebuli modificato CAD\UProvacomp1.pas","udatalink","C:\DOCUMENTI\sd\sorgenti\bm-sd\GENERA\Rebuli modificato CAD\UDataLink.pas"
"C:\DOCUMENTI\sd\sorgenti\bm-sd\GENERA\Rebuli modificato CAD\UProvacomp1.pas","UDB","C:\DOCUMENTI\sd\sorgenti\bm-sd\GENERA\Rebuli modificato CAD\UDB.pas"
"C:\DOCUMENTI\sd\sorgenti\bm-sd\GENERA\Rebuli modificato CAD\USceltaPann.pas","Uprovacomp","C:\DOCUMENTI\sd\sorgenti\bm-sd\GENERA\Rebuli modificato CAD\UProvacomp.pas"
"C:\DOCUMENTI\sd\sorgenti\bm-sd\GENERA\Rebuli modificato CAD\Ustampa2.pas","UDB","C:\DOCUMENTI\sd\sorgenti\bm-sd\GENERA\Rebuli modificato CAD\UDB.pas"
"C:\DOCUMENTI\sd\sorgenti\bm-sd\GENERA\Rebuli modificato CAD\UStampe.pas","UDB","C:\DOCUMENTI\sd\sorgenti\bm-sd\GENERA\Rebuli modificato CAD\UDB.pas"
"C:\DOCUMENTI\sd\sorgenti\bm-sd\GENERA\UCalc.pas","dbtables","C:\DOCUMENTI\sd\sorgenti\bm-sd\componenti\kbmmem\bdenew\DbTables.pas"
"C:\DOCUMENTI\sd\sorgenti\bm-sd\GENERA\UCalc.pas","UdataLink","C:\DOCUMENTI\sd\sorgenti\bm-sd\GENERA\UDataLink.pas"
"C:\DOCUMENTI\sd\sorgenti\bm-sd\GENERA\UDataLink.pas","Udb","C:\DOCUMENTI\sd\sorgenti\bm-sd\GENERA\UDB.pas"
"C:\DOCUMENTI\sd\sorgenti\bm-sd\GENERA\UDB.pas","DBTables","C:\DOCUMENTI\sd\sorgenti\bm-sd\componenti\kbmmem\bdenew\DbTables.pas"
"C:\DOCUMENTI\sd\sorgenti\bm-sd\GENERA\UMainGenera.pas","dbtables","C:\DOCUMENTI\sd\sorgenti\bm-sd\componenti\kbmmem\bdenew\DbTables.pas"
"C:\DOCUMENTI\sd\sorgenti\bm-sd\GENERA\UMainGenera.pas","UCalc","C:\DOCUMENTI\sd\sorgenti\bm-sd\GENERA\UCalc.pas"
"C:\DOCUMENTI\sd\sorgenti\bm-sd\GENERA\UMainGenera.pas","UFunzgenera","C:\DOCUMENTI\sd\sorgenti\bm-sd\GENERA\UFunzGenera.pas"
"C:\DOCUMENTI\sd\sorgenti\bm-sd\librerie_generali\Gest_form.pas","creadbt","C:\DOCUMENTI\sd\sorgenti\bm-sd\GENERA\gestione\generati\CreadbT.pas"
"C:\DOCUMENTI\sd\sorgenti\bm-sd\librerie_generali\Gest_form.pas","dbtables","C:\DOCUMENTI\sd\sorgenti\bm-sd\componenti\kbmmem\bdenew\DbTables.pas"
"C:\DOCUMENTI\sd\sorgenti\bm-sd\librerie_generali\Gest_form.pas","gestudb","C:\DOCUMENTI\sd\sorgenti\bm-sd\GENERA\distribuzione\libreriedatabase\gestudb.pas"
"C:\DOCUMENTI\sd\sorgenti\bm-sd\librerie_generali\Gest_form.pas","sceltaA","C:\DOCUMENTI\sd\sorgenti\bm-sd\GENERA\distribuzione\libreriedatabase\SceltaA.pas"
"C:\DOCUMENTI\sd\sorgenti\bm-sd\librerie_generali\Gest_form.pas","ucompilaform","C:\DOCUMENTI\sd\sorgenti\bm-sd\GENERA\distribuzione\libreriedatabase\UCompilaForm.pas"
"C:\DOCUMENTI\sd\sorgenti\bm-sd\librerie_generali\Gest_form.pas","udbt","C:\DOCUMENTI\sd\sorgenti\bm-sd\GENERA\gestione\generati\UDBT.pas"
