"Percorso","NelNucleo"
"C:\DOCUMENTI\sd\sorgenti\bm-sd\componenti\kbmmem\bdenew\DbTables.pas","False"
"C:\DOCUMENTI\sd\sorgenti\bm-sd\GENERA\CompilaLista.pas","True"
"C:\DOCUMENTI\sd\sorgenti\bm-sd\GENERA\Creadb.pas","True"
"C:\DOCUMENTI\sd\sorgenti\bm-sd\GENERA\DataIn.pas","True"
"C:\DOCUMENTI\sd\sorgenti\bm-sd\GENERA\DataIn1.pas","True"
"C:\DOCUMENTI\sd\sorgenti\bm-sd\GENERA\DataLink.pas","True"
"C:\DOCUMENTI\sd\sorgenti\bm-sd\GENERA\DataOut.pas","True"
"C:\DOCUMENTI\sd\sorgenti\bm-sd\GENERA\DataOut1.pas","True"
"C:\DOCUMENTI\sd\sorgenti\bm-sd\GENERA\DispPun.pas","True"
"C:\DOCUMENTI\sd\sorgenti\bm-sd\GENERA\distribuzione\Associata_vuota.pas","True"
"C:\DOCUMENTI\sd\sorgenti\bm-sd\GENERA\distribuzione\calcolo.pas","True"
"C:\DOCUMENTI\sd\sorgenti\bm-sd\GENERA\distribuzione\calcolo_nomeprogetto.pas","True"
"C:\DOCUMENTI\sd\sorgenti\bm-sd\GENERA\distribuzione\Filtri_DB.pas","True"
"C:\DOCUMENTI\sd\sorgenti\bm-sd\GENERA\distribuzione\Gestione_Nomedatabase.pas","True"
"C:\DOCUMENTI\sd\sorgenti\bm-sd\GENERA\distribuzione\Gestionedati.dpr","True"
"C:\DOCUMENTI\sd\sorgenti\bm-sd\GENERA\distribuzione\Infogen.pas","True"
"C:\DOCUMENTI\sd\sorgenti\bm-sd\GENERA\distribuzione\libreriedatabase\FReal.pas","True"
"C:\DOCUMENTI\sd\sorgenti\bm-sd\GENERA\distribuzione\libreriedatabase\Funzudbt.pas","True"
"C:\DOCUMENTI\sd\sorgenti\bm-sd\GENERA\distribuzione\libreriedatabase\GestArchivi.pas","True"
"C:\DOCUMENTI\sd\sorgenti\bm-sd\GENERA\distribuzione\libreriedatabase\gestudb.pas","True"
"C:\DOCUMENTI\sd\sorgenti\bm-sd\GENERA\distribuzione\libreriedatabase\Init_puntatori.pas","True"
"C:\DOCUMENTI\sd\sorgenti\bm-sd\GENERA\distribuzione\libreriedatabase\inmemoria\Udb.pas","True"
"C:\DOCUMENTI\sd\sorgenti\bm-sd\GENERA\distribuzione\libreriedatabase\KTUDB.pas","True"
"C:\DOCUMENTI\sd\sorgenti\bm-sd\GENERA\distribuzione\libreriedatabase\SceltaA.pas","True"
"C:\DOCUMENTI\sd\sorgenti\bm-sd\GENERA\distribuzione\libreriedatabase\sudisco\udb.pas","True"
"C:\DOCUMENTI\sd\sorgenti\bm-sd\GENERA\distribuzione\libreriedatabase\UCompilaForm.pas","True"
"C:\DOCUMENTI\sd\sorgenti\bm-sd\GENERA\distribuzione\libreriedatabase\Ucompilafrontiere.pas","True"
"C:\DOCUMENTI\sd\sorgenti\bm-sd\GENERA\distribuzione\libreriedatabase\UCompilaFrontiere_a.pas","True"
"C:\DOCUMENTI\sd\sorgenti\bm-sd\GENERA\distribuzione\libreriedatabase\UControlli.pas","True"
"C:\DOCUMENTI\sd\sorgenti\bm-sd\GENERA\distribuzione\libreriedatabase\ucorrelato.pas","True"
"C:\DOCUMENTI\sd\sorgenti\bm-sd\GENERA\distribuzione\libreriedatabase\UCreaDbT.pas","True"
"C:\DOCUMENTI\sd\sorgenti\bm-sd\GENERA\distribuzione\libreriedatabase\UInitmem.pas","True"
"C:\DOCUMENTI\sd\sorgenti\bm-sd\GENERA\distribuzione\libreriedatabase\UmessaggiDB.pas","True"
"C:\DOCUMENTI\sd\sorgenti\bm-sd\GENERA\distribuzione\libreriedatabase\UOpen_file.pas","True"
"C:\DOCUMENTI\sd\sorgenti\bm-sd\GENERA\distribuzione\libreriedatabase\UOpen_fileMulti.pas","True"
"C:\DOCUMENTI\sd\sorgenti\bm-sd\GENERA\distribuzione\libreriedatabase\URicercaDati.pas","True"
"C:\DOCUMENTI\sd\sorgenti\bm-sd\GENERA\distribuzione\libreriedatabase\USave_file.pas","True"
"C:\DOCUMENTI\sd\sorgenti\bm-sd\GENERA\distribuzione\libreriedatabase\Variabili_DB.pas","True"
"C:\DOCUMENTI\sd\sorgenti\bm-sd\GENERA\distribuzione\MainGestionegenera.pas","True"
"C:\DOCUMENTI\sd\sorgenti\bm-sd\GENERA\distribuzione\Messaggi_easy.pas","True"
"C:\DOCUMENTI\sd\sorgenti\bm-sd\GENERA\distribuzione\Modello_ Init_easy.pas","True"
"C:\DOCUMENTI\sd\sorgenti\bm-sd\GENERA\distribuzione\Modello_associata.pas","True"
"C:\DOCUMENTI\sd\sorgenti\bm-sd\GENERA\distribuzione\Varcarichi.pas","True"
"C:\DOCUMENTI\sd\sorgenti\bm-sd\GENERA\Genera.pas","True"
"C:\DOCUMENTI\sd\sorgenti\bm-sd\GENERA\GeneraSource.dpr","True"
"C:\DOCUMENTI\sd\sorgenti\bm-sd\GENERA\gestione\EasyProgram.dpr","True"
"C:\DOCUMENTI\sd\sorgenti\bm-sd\GENERA\gestione\generati\CampoDb.pas","True"
"C:\DOCUMENTI\sd\sorgenti\bm-sd\GENERA\gestione\generati\CaseTabella.pas","True"
"C:\DOCUMENTI\sd\sorgenti\bm-sd\GENERA\gestione\generati\CaseTabellaT.pas","True"
"C:\DOCUMENTI\sd\sorgenti\bm-sd\GENERA\gestione\generati\comdb.pas","True"
"C:\DOCUMENTI\sd\sorgenti\bm-sd\GENERA\gestione\generati\CompilaForm.pas","True"
"C:\DOCUMENTI\sd\sorgenti\bm-sd\GENERA\gestione\generati\CompilaLista.pas","True"
"C:\DOCUMENTI\sd\sorgenti\bm-sd\GENERA\gestione\generati\Conferma.pas","True"
"C:\DOCUMENTI\sd\sorgenti\bm-sd\GENERA\gestione\generati\Controlli.pas","True"
"C:\DOCUMENTI\sd\sorgenti\bm-sd\GENERA\gestione\generati\CreadbT.pas","True"
"C:\DOCUMENTI\sd\sorgenti\bm-sd\GENERA\gestione\generati\DataIn.pas","True"
"C:\DOCUMENTI\sd\sorgenti\bm-sd\GENERA\gestione\generati\DataLink.pas","True"
"C:\DOCUMENTI\sd\sorgenti\bm-sd\GENERA\gestione\generati\DataOut.pas","True"
"C:\DOCUMENTI\sd\sorgenti\bm-sd\GENERA\gestione\generati\inclusi\Creadb.pas","True"
"C:\DOCUMENTI\sd\sorgenti\bm-sd\GENERA\gestione\generati\inclusi\data.pas","True"
"C:\DOCUMENTI\sd\sorgenti\bm-sd\GENERA\gestione\generati\inclusi\DispPun.pas","True"
"C:\DOCUMENTI\sd\sorgenti\bm-sd\GENERA\gestione\generati\inclusi\init.pas","True"
"C:\DOCUMENTI\sd\sorgenti\bm-sd\GENERA\gestione\generati\inclusi\mappadb.pas","True"
"C:\DOCUMENTI\sd\sorgenti\bm-sd\GENERA\gestione\generati\inclusi\NewPun.pas","True"
"C:\DOCUMENTI\sd\sorgenti\bm-sd\GENERA\gestione\generati\inclusi\Nuovo.pas","True"
"C:\DOCUMENTI\sd\sorgenti\bm-sd\GENERA\gestione\generati\inclusi\ReportFisso.pas","True"
"C:\DOCUMENTI\sd\sorgenti\bm-sd\GENERA\gestione\generati\inclusi\Savefile.pas","True"
"C:\DOCUMENTI\sd\sorgenti\bm-sd\GENERA\gestione\generati\inclusi\Typedef.pas","True"
"C:\DOCUMENTI\sd\sorgenti\bm-sd\GENERA\gestione\generati\initMem.pas","True"
"C:\DOCUMENTI\sd\sorgenti\bm-sd\GENERA\gestione\generati\Leggitutti.pas","True"
"C:\DOCUMENTI\sd\sorgenti\bm-sd\GENERA\gestione\generati\LeggituttiT.pas","True"
"C:\DOCUMENTI\sd\sorgenti\bm-sd\GENERA\gestione\generati\Openfile.pas","True"
"C:\DOCUMENTI\sd\sorgenti\bm-sd\GENERA\gestione\generati\scrivitutti.pas","True"
"C:\DOCUMENTI\sd\sorgenti\bm-sd\GENERA\gestione\generati\scrivituttiT.pas","True"
"C:\DOCUMENTI\sd\sorgenti\bm-sd\GENERA\gestione\generati\UDataLink.pas","True"
"C:\DOCUMENTI\sd\sorgenti\bm-sd\GENERA\gestione\generati\UDataOutT.pas","True"
"C:\DOCUMENTI\sd\sorgenti\bm-sd\GENERA\gestione\generati\UDBT.pas","True"
"C:\DOCUMENTI\sd\sorgenti\bm-sd\GENERA\gestione\generati\ULeggiscriviDati.pas","True"
"C:\DOCUMENTI\sd\sorgenti\bm-sd\GENERA\gestione\GestDB.pas","True"
"C:\DOCUMENTI\sd\sorgenti\bm-sd\GENERA\gestione\Gestione_Nomedatabase.pas","True"
"C:\DOCUMENTI\sd\sorgenti\bm-sd\GENERA\gestione\Gestionedati.dpr","True"
"C:\DOCUMENTI\sd\sorgenti\bm-sd\GENERA\gestione\Init_easy.pas","True"
"C:\DOCUMENTI\sd\sorgenti\bm-sd\GENERA\gestione\MainGestionegenera.pas","True"
"C:\DOCUMENTI\sd\sorgenti\bm-sd\GENERA\gestione\Modello_ Init_easy.pas","True"
"C:\DOCUMENTI\sd\sorgenti\bm-sd\GENERA\gestione\Modello_form.pas","True"
"C:\DOCUMENTI\sd\sorgenti\bm-sd\GENERA\gestione\Unit1.pas","True"
"C:\DOCUMENTI\sd\sorgenti\bm-sd\GENERA\gestione\Varcarichi.pas","True"
"C:\DOCUMENTI\sd\sorgenti\bm-sd\GENERA\LetturaFileDiego.pas","True"
"C:\DOCUMENTI\sd\sorgenti\bm-sd\GENERA\Mappadb.pas","True"
"C:\DOCUMENTI\sd\sorgenti\bm-sd\GENERA\mappadb1.pas","True"
"C:\DOCUMENTI\sd\sorgenti\bm-sd\GENERA\mapppadb.pas","True"
"C:\DOCUMENTI\sd\sorgenti\bm-sd\GENERA\modifica kbmtable\assembla.pas","True"
"C:\DOCUMENTI\sd\sorgenti\bm-sd\GENERA\modifica kbmtable\CompilaLista.pas","True"
"C:\DOCUMENTI\sd\sorgenti\bm-sd\GENERA\modifica kbmtable\Creadb.pas","True"
"C:\DOCUMENTI\sd\sorgenti\bm-sd\GENERA\modifica kbmtable\DataIn.pas","True"
"C:\DOCUMENTI\sd\sorgenti\bm-sd\GENERA\modifica kbmtable\DataIn1.pas","True"
"C:\DOCUMENTI\sd\sorgenti\bm-sd\GENERA\modifica kbmtable\DataLink.pas","True"
"C:\DOCUMENTI\sd\sorgenti\bm-sd\GENERA\modifica kbmtable\DataOut.pas","True"
"C:\DOCUMENTI\sd\sorgenti\bm-sd\GENERA\modifica kbmtable\DataOut1.pas","True"
"C:\DOCUMENTI\sd\sorgenti\bm-sd\GENERA\modifica kbmtable\DispPun.pas","True"
"C:\DOCUMENTI\sd\sorgenti\bm-sd\GENERA\modifica kbmtable\Genera.pas","True"
"C:\DOCUMENTI\sd\sorgenti\bm-sd\GENERA\modifica kbmtable\GeneraSource.dpr","True"
"C:\DOCUMENTI\sd\sorgenti\bm-sd\GENERA\modifica kbmtable\LetturaFileDiego.pas","True"
"C:\DOCUMENTI\sd\sorgenti\bm-sd\GENERA\modifica kbmtable\Mappadb.pas","True"
"C:\DOCUMENTI\sd\sorgenti\bm-sd\GENERA\modifica kbmtable\mappadb1.pas","True"
"C:\DOCUMENTI\sd\sorgenti\bm-sd\GENERA\modifica kbmtable\mapppadb.pas","True"
"C:\DOCUMENTI\sd\sorgenti\bm-sd\GENERA\modifica kbmtable\NewPun.pas","True"
"C:\DOCUMENTI\sd\sorgenti\bm-sd\GENERA\modifica kbmtable\Proc.pas","True"
"C:\DOCUMENTI\sd\sorgenti\bm-sd\GENERA\modifica kbmtable\typedef.pas","True"
"C:\DOCUMENTI\sd\sorgenti\bm-sd\GENERA\modifica kbmtable\typedef1.pas","True"
"C:\DOCUMENTI\sd\sorgenti\bm-sd\GENERA\modifica kbmtable\UCalc.pas","True"
"C:\DOCUMENTI\sd\sorgenti\bm-sd\GENERA\modifica kbmtable\UDataLink.pas","True"
"C:\DOCUMENTI\sd\sorgenti\bm-sd\GENERA\modifica kbmtable\UDB.pas","True"
"C:\DOCUMENTI\sd\sorgenti\bm-sd\GENERA\modifica kbmtable\UFunzGenera.pas","True"
"C:\DOCUMENTI\sd\sorgenti\bm-sd\GENERA\modifica kbmtable\UMainGenera.pas","True"
"C:\DOCUMENTI\sd\sorgenti\bm-sd\GENERA\NewPun.pas","True"
"C:\DOCUMENTI\sd\sorgenti\bm-sd\GENERA\Proc.pas","True"
"C:\DOCUMENTI\sd\sorgenti\bm-sd\GENERA\Rebuli modificato CAD\Calcoli\UCacoli.pas","True"
"C:\DOCUMENTI\sd\sorgenti\bm-sd\GENERA\Rebuli modificato CAD\Calcoli\UDatigen.pas","True"
"C:\DOCUMENTI\sd\sorgenti\bm-sd\GENERA\Rebuli modificato CAD\compnuccio (non aggiornato)\Pcompsel.dpr","True"
"C:\DOCUMENTI\sd\sorgenti\bm-sd\GENERA\Rebuli modificato CAD\compnuccio (non aggiornato)\Ucompsel.pas","True"
"C:\DOCUMENTI\sd\sorgenti\bm-sd\GENERA\Rebuli modificato CAD\compnuccio vecchio mandato lazzerini\curve\DataIn.pas","True"
"C:\DOCUMENTI\sd\sorgenti\bm-sd\GENERA\Rebuli modificato CAD\compnuccio vecchio mandato lazzerini\curve\DataLink.pas","True"
"C:\DOCUMENTI\sd\sorgenti\bm-sd\GENERA\Rebuli modificato CAD\compnuccio vecchio mandato lazzerini\curve\DataOut.pas","True"
"C:\DOCUMENTI\sd\sorgenti\bm-sd\GENERA\Rebuli modificato CAD\compnuccio vecchio mandato lazzerini\curve\mappadb.pas","True"
"C:\DOCUMENTI\sd\sorgenti\bm-sd\GENERA\Rebuli modificato CAD\compnuccio vecchio mandato lazzerini\curve\PCurve.dpr","True"
"C:\DOCUMENTI\sd\sorgenti\bm-sd\GENERA\Rebuli modificato CAD\compnuccio vecchio mandato lazzerini\curve\typedef.pas","True"
"C:\DOCUMENTI\sd\sorgenti\bm-sd\GENERA\Rebuli modificato CAD\compnuccio vecchio mandato lazzerini\curve\UCurve.pas","True"
"C:\DOCUMENTI\sd\sorgenti\bm-sd\GENERA\Rebuli modificato CAD\compnuccio vecchio mandato lazzerini\curve\UDataLink.pas","True"
"C:\DOCUMENTI\sd\sorgenti\bm-sd\GENERA\Rebuli modificato CAD\compnuccio vecchio mandato lazzerini\curve\Uusacurve.pas","True"
"C:\DOCUMENTI\sd\sorgenti\bm-sd\GENERA\Rebuli modificato CAD\compnuccio vecchio mandato lazzerini\DataIn.pas","True"
"C:\DOCUMENTI\sd\sorgenti\bm-sd\GENERA\Rebuli modificato CAD\compnuccio vecchio mandato lazzerini\DataLink.pas","True"
"C:\DOCUMENTI\sd\sorgenti\bm-sd\GENERA\Rebuli modificato CAD\compnuccio vecchio mandato lazzerini\DataOut.pas","True"
"C:\DOCUMENTI\sd\sorgenti\bm-sd\GENERA\Rebuli modificato CAD\compnuccio vecchio mandato lazzerini\mappadb.pas","True"
"C:\DOCUMENTI\sd\sorgenti\bm-sd\GENERA\Rebuli modificato CAD\compnuccio vecchio mandato lazzerini\Pcompsel.dpr","True"
"C:\DOCUMENTI\sd\sorgenti\bm-sd\GENERA\Rebuli modificato CAD\compnuccio vecchio mandato lazzerini\Terminali.dpr","True"
"C:\DOCUMENTI\sd\sorgenti\bm-sd\GENERA\Rebuli modificato CAD\compnuccio vecchio mandato lazzerini\typedef.pas","True"
"C:\DOCUMENTI\sd\sorgenti\bm-sd\GENERA\Rebuli modificato CAD\compnuccio vecchio mandato lazzerini\Ucompsel.pas","True"
"C:\DOCUMENTI\sd\sorgenti\bm-sd\GENERA\Rebuli modificato CAD\compnuccio vecchio mandato lazzerini\UDataLink.pas","True"
"C:\DOCUMENTI\sd\sorgenti\bm-sd\GENERA\Rebuli modificato CAD\compnuccio vecchio mandato lazzerini\UDati.pas","True"
"C:\DOCUMENTI\sd\sorgenti\bm-sd\GENERA\Rebuli modificato CAD\compnuccio vecchio mandato lazzerini\UDB.pas","True"
"C:\DOCUMENTI\sd\sorgenti\bm-sd\GENERA\Rebuli modificato CAD\compnuccio vecchio mandato lazzerini\URunComp.pas","True"
"C:\DOCUMENTI\sd\sorgenti\bm-sd\GENERA\Rebuli modificato CAD\compnuccio vecchio mandato lazzerini\USemplicesel.pas","True"
"C:\DOCUMENTI\sd\sorgenti\bm-sd\GENERA\Rebuli modificato CAD\compnuccio\Pcompsel.dpr","True"
"C:\DOCUMENTI\sd\sorgenti\bm-sd\GENERA\Rebuli modificato CAD\compnuccio\Ucompsel.pas","True"
"C:\DOCUMENTI\sd\sorgenti\bm-sd\GENERA\Rebuli modificato CAD\compnuccio\URunComp.pas","True"
"C:\DOCUMENTI\sd\sorgenti\bm-sd\GENERA\Rebuli modificato CAD\componenete\Provacomp.dpr","True"
"C:\DOCUMENTI\sd\sorgenti\bm-sd\GENERA\Rebuli modificato CAD\componenete\Uprovacomp.pas","True"
"C:\DOCUMENTI\sd\sorgenti\bm-sd\GENERA\Rebuli modificato CAD\DataIn.pas","True"
"C:\DOCUMENTI\sd\sorgenti\bm-sd\GENERA\Rebuli modificato CAD\DataLink.pas","True"
"C:\DOCUMENTI\sd\sorgenti\bm-sd\GENERA\Rebuli modificato CAD\DataOut.pas","True"
"C:\DOCUMENTI\sd\sorgenti\bm-sd\GENERA\Rebuli modificato CAD\disegnoinscala.pas","True"
"C:\DOCUMENTI\sd\sorgenti\bm-sd\GENERA\Rebuli modificato CAD\FunzionifinestraGrafica.pas","True"
"C:\DOCUMENTI\sd\sorgenti\bm-sd\GENERA\Rebuli modificato CAD\Grafica.pas","True"
"C:\DOCUMENTI\sd\sorgenti\bm-sd\GENERA\Rebuli modificato CAD\Mappadb.pas","True"
"C:\DOCUMENTI\sd\sorgenti\bm-sd\GENERA\Rebuli modificato CAD\Pprovacomp.dpr","True"
"C:\DOCUMENTI\sd\sorgenti\bm-sd\GENERA\Rebuli modificato CAD\Provacomp.dpr","True"
"C:\DOCUMENTI\sd\sorgenti\bm-sd\GENERA\Rebuli modificato CAD\PSofrad.dpr","True"
"C:\DOCUMENTI\sd\sorgenti\bm-sd\GENERA\Rebuli modificato CAD\SofRad.pas","True"
"C:\DOCUMENTI\sd\sorgenti\bm-sd\GENERA\Rebuli modificato CAD\typedef.pas","True"
"C:\DOCUMENTI\sd\sorgenti\bm-sd\GENERA\Rebuli modificato CAD\UCalcoli.pas","True"
"C:\DOCUMENTI\sd\sorgenti\bm-sd\GENERA\Rebuli modificato CAD\UDataLink.pas","True"
"C:\DOCUMENTI\sd\sorgenti\bm-sd\GENERA\Rebuli modificato CAD\UDati.pas","True"
"C:\DOCUMENTI\sd\sorgenti\bm-sd\GENERA\Rebuli modificato CAD\UDB.pas","True"
"C:\DOCUMENTI\sd\sorgenti\bm-sd\GENERA\Rebuli modificato CAD\UFormgen.pas","True"
"C:\DOCUMENTI\sd\sorgenti\bm-sd\GENERA\Rebuli modificato CAD\UInterattiva.pas","True"
"C:\DOCUMENTI\sd\sorgenti\bm-sd\GENERA\Rebuli modificato CAD\UListbox.pas","True"
"C:\DOCUMENTI\sd\sorgenti\bm-sd\GENERA\Rebuli modificato CAD\UListbox1.pas","True"
"C:\DOCUMENTI\sd\sorgenti\bm-sd\GENERA\Rebuli modificato CAD\UMaskgen.pas","True"
"C:\DOCUMENTI\sd\sorgenti\bm-sd\GENERA\Rebuli modificato CAD\Unit1.pas","True"
"C:\DOCUMENTI\sd\sorgenti\bm-sd\GENERA\Rebuli modificato CAD\UPrepStampe.pas","True"
"C:\DOCUMENTI\sd\sorgenti\bm-sd\GENERA\Rebuli modificato CAD\UProvacomp.pas","True"
"C:\DOCUMENTI\sd\sorgenti\bm-sd\GENERA\Rebuli modificato CAD\UProvacomp1.pas","True"
"C:\DOCUMENTI\sd\sorgenti\bm-sd\GENERA\Rebuli modificato CAD\USceltaPann.pas","True"
"C:\DOCUMENTI\sd\sorgenti\bm-sd\GENERA\Rebuli modificato CAD\Ustampa2.pas","True"
"C:\DOCUMENTI\sd\sorgenti\bm-sd\GENERA\Rebuli modificato CAD\UStampe.pas","True"
"C:\DOCUMENTI\sd\sorgenti\bm-sd\GENERA\Rebuli modificato CAD\UtilsGen.pas","True"
"C:\DOCUMENTI\sd\sorgenti\bm-sd\GENERA\typedef.pas","True"
"C:\DOCUMENTI\sd\sorgenti\bm-sd\GENERA\typedef1.pas","True"
"C:\DOCUMENTI\sd\sorgenti\bm-sd\GENERA\UCalc.pas","True"
"C:\DOCUMENTI\sd\sorgenti\bm-sd\GENERA\UDataLink.pas","True"
"C:\DOCUMENTI\sd\sorgenti\bm-sd\GENERA\UDB.pas","True"
"C:\DOCUMENTI\sd\sorgenti\bm-sd\GENERA\UFunzGenera.pas","True"
"C:\DOCUMENTI\sd\sorgenti\bm-sd\GENERA\UMainGenera.pas","True"
"C:\DOCUMENTI\sd\sorgenti\bm-sd\librerie_generali\Gest_form.pas","False"
